3 007 631,5d29527e-fe3f-4a83-a483-5f9123a1bb50,1964BC,61,Liander
3 007 631,5d29527e-fe3f-4a83-a483-5f9123a1bb50,1964BC,63,Liander
3 007 631,5d29527e-fe3f-4a83-a483-5f9123a1bb50,1964BC,65,Liander
3 007 631,5d29527e-fe3f-4a83-a483-5f9123a1bb50,1964BC,67,Liander
3 007 631,5d29527e-fe3f-4a83-a483-5f9123a1bb50,1964BC,69,Liander
3 007 631,5d29527e-fe3f-4a83-a483-5f9123a1bb50,1964BC,71,Liander
3 007 631,5d29527e-fe3f-4a83-a483-5f9123a1bb50,1964BC,73,Liander
3 007 631,5d29527e-fe3f-4a83-a483-5f9123a1bb50,1964BC,75,Liander
3 007 631,5d29527e-fe3f-4a83-a483-5f9123a1bb50,1964BC,77,Liander
3 007 631,5d29527e-fe3f-4a83-a483-5f9123a1bb50,1964BC,79,Liander
3 007 631,5d29527e-fe3f-4a83-a483-5f9123a1bb50,1964BC,81,Liander
3 007 631,5d29527e-fe3f-4a83-a483-5f9123a1bb50,1964BC,83,Liander
3 007 631,5d29527e-fe3f-4a83-a483-5f9123a1bb50,1964BC,85,Liander
3 007 631,5d29527e-fe3f-4a83-a483-5f9123a1bb50,1964BC,87,Liander
3 007 631,5d29527e-fe3f-4a83-a483-5f9123a1bb50,1964BC,89,Liander
3 007 631,5d29527e-fe3f-4a83-a483-5f9123a1bb50,1964BC,91,Liander
3 007 631,5d29527e-fe3f-4a83-a483-5f9123a1bb50,1964BC,93,Liander
3 007 631,5d29527e-fe3f-4a83-a483-5f9123a1bb50,1964BC,95,Liander
3 007 631,5d29527e-fe3f-4a83-a483-5f9123a1bb50,1964BD,1,Liander
3 007 631,5d29527e-fe3f-4a83-a483-5f9123a1bb50,1964BD,2,Liander
3 007 631,5d29527e-fe3f-4a83-a483-5f9123a1bb50,1964BD,3,Liander
3 007 631,5d29527e-fe3f-4a83-a483-5f9123a1bb50,1964BD,4,Liander
3 007 631,5d29527e-fe3f-4a83-a483-5f9123a1bb50,1964BD,5,Liander
3 007 631,5d29527e-fe3f-4a83-a483-5f9123a1bb50,1964BD,6,Liander
3 007 631,5d29527e-fe3f-4a83-a483-5f9123a1bb50,1964BD,7,Liander
3 007 631,5d29527e-fe3f-4a83-a483-5f9123a1bb50,1964BD,8,Liander
3 007 631,5d29527e-fe3f-4a83-a483-5f9123a1bb50,1964BD,10,Liander
3 007 631,5d29527e-fe3f-4a83-a483-5f9123a1bb50,1964BE,1,Liander
3 007 631,5d29527e-fe3f-4a83-a483-5f9123a1bb50,1964BE,2,Liander
3 007 631,5d29527e-fe3f-4a83-a483-5f9123a1bb50,1964BE,3,Liander
3 007 631,5d29527e-fe3f-4a83-a483-5f9123a1bb50,1964BE,4,Liander
3 007 631,5d29527e-fe3f-4a83-a483-5f9123a1bb50,1964BE,5,Liander
3 007 631,5d29527e-fe3f-4a83-a483-5f9123a1bb50,1964BE,6,Liander
3 007 631,5d29527e-fe3f-4a83-a483-5f9123a1bb50,1964BE,7,Liander
3 007 631,5d29527e-fe3f-4a83-a483-5f9123a1bb50,1964BE,8,Liander
3 007 631,5d29527e-fe3f-4a83-a483-5f9123a1bb50,1964BE,9,Liander
3 007 631,5d29527e-fe3f-4a83-a483-5f9123a1bb50,1964BE,10,Liander
3 007 631,5d29527e-fe3f-4a83-a483-5f9123a1bb50,1964BE,11,Liander
3 007 631,5d29527e-fe3f-4a83-a483-5f9123a1bb50,1964BE,12,Liander
3 007 631,5d29527e-fe3f-4a83-a483-5f9123a1bb50,1964BE,15,Liander
3 007 631,5d29527e-fe3f-4a83-a483-5f9123a1bb50,1964BE,17,Liander
3 007 631,5d29527e-fe3f-4a83-a483-5f9123a1bb50,1964BE,19,Liander
3 007 631,5d29527e-fe3f-4a83-a483-5f9123a1bb50,1964BE,21,Liander
3 007 631,5d29527e-fe3f-4a83-a483-5f9123a1bb50,1964BE,23,Liander
3 007 631,5d29527e-fe3f-4a83-a483-5f9123a1bb50,1964BH,1,Liander
3 007 631,5d29527e-fe3f-4a83-a483-5f9123a1bb50,1964BH,3,Liander
3 007 631,5d29527e-fe3f-4a83-a483-5f9123a1bb50,1964BH,5,Liander
3 007 631,5d29527e-fe3f-4a83-a483-5f9123a1bb50,1964BH,7,Liander
3 007 631,5d29527e-fe3f-4a83-a483-5f9123a1bb50,1964BH,9,Liander
3 007 631,5d29527e-fe3f-4a83-a483-5f9123a1bb50,1964BH,11,Liander
3 007 631,5d29527e-fe3f-4a83-a483-5f9123a1bb50,1964BH,13,Liander
3 007 631,5d29527e-fe3f-4a83-a483-5f9123a1bb50,1964BJ,12,Liander
3 007 631,5d29527e-fe3f-4a83-a483-5f9123a1bb50,1964BJ,14,Liander
3 007 631,5d29527e-fe3f-4a83-a483-5f9123a1bb50,1964BJ,16,Liander
3 007 631,5d29527e-fe3f-4a83-a483-5f9123a1bb50,1964BJ,18,Liander
3 007 631,5d29527e-fe3f-4a83-a483-5f9123a1bb50,1964BJ,20,Liander
3 007 631,5d29527e-fe3f-4a83-a483-5f9123a1bb50,1964BJ,22,Liander
3 007 631,5d29527e-fe3f-4a83-a483-5f9123a1bb50,1964BJ,24,Liander
3 007 631,5d29527e-fe3f-4a83-a483-5f9123a1bb50,1964BJ,26,Liander
3 007 631,5d29527e-fe3f-4a83-a483-5f9123a1bb50,1964BJ,28,Liander
3 007 631,5d29527e-fe3f-4a83-a483-5f9123a1bb50,1964BJ,30,Liander
3 007 631,5d29527e-fe3f-4a83-a483-5f9123a1bb50,1964BJ,32,Liander
3 007 631,5d29527e-fe3f-4a83-a483-5f9123a1bb50,1964BJ,34,Liander
3 007 631,5d29527e-fe3f-4a83-a483-5f9123a1bb50,1964BJ,36,Liander
3 007 631,5d29527e-fe3f-4a83-a483-5f9123a1bb50,1964BJ,38,Liander
3 007 631,5d29527e-fe3f-4a83-a483-5f9123a1bb50,1964BJ,40,Liander
3 007 631,5d29527e-fe3f-4a83-a483-5f9123a1bb50,1964BK,42,Liander
3 007 631,5d29527e-fe3f-4a83-a483-5f9123a1bb50,1964BK,44,Liander
3 007 631,5d29527e-fe3f-4a83-a483-5f9123a1bb50,1964BK,46,Liander
3 007 631,5d29527e-fe3f-4a83-a483-5f9123a1bb50,1964BK,48,Liander
3 007 631,5d29527e-fe3f-4a83-a483-5f9123a1bb50,1964BK,50,Liander
3 007 631,5d29527e-fe3f-4a83-a483-5f9123a1bb50,1964BK,52,Liander
3 007 631,5d29527e-fe3f-4a83-a483-5f9123a1bb50,1964BK,54,Liander
3 007 631,5d29527e-fe3f-4a83-a483-5f9123a1bb50,1964BK,56,Liander
3 007 631,5d29527e-fe3f-4a83-a483-5f9123a1bb50,1964BK,58,Liander
3 007 631,5d29527e-fe3f-4a83-a483-5f9123a1bb50,1964BK,60,Liander
3 007 631,5d29527e-fe3f-4a83-a483-5f9123a1bb50,1964BK,62,Liander
3 007 631,5d29527e-fe3f-4a83-a483-5f9123a1bb50,1964BK,64,Liander
3 007 631,5d29527e-fe3f-4a83-a483-5f9123a1bb50,1964BK,66,Liander
3 007 631,5d29527e-fe3f-4a83-a483-5f9123a1bb50,1964BK,68,Liander
3 007 631,5d29527e-fe3f-4a83-a483-5f9123a1bb50,1964BK,70,Liander
3 007 631,5d29527e-fe3f-4a83-a483-5f9123a1bb50,1964BK,72,Liander
3 007 631,5d29527e-fe3f-4a83-a483-5f9123a1bb50,1964BK,74,Liander
3 007 631,5d29527e-fe3f-4a83-a483-5f9123a1bb50,1964BK,76,Liander
3 007 631,5d29527e-fe3f-4a83-a483-5f9123a1bb50,1964BK,78,Liander
3 007 631,5d29527e-fe3f-4a83-a483-5f9123a1bb50,1964BK,80,Liander
3 007 631,5d29527e-fe3f-4a83-a483-5f9123a1bb50,1964BL,1,Liander
3 007 631,5d29527e-fe3f-4a83-a483-5f9123a1bb50,1964BL,3,Liander
3 007 631,5d29527e-fe3f-4a83-a483-5f9123a1bb50,1964BL,5,Liander
3 007 631,5d29527e-fe3f-4a83-a483-5f9123a1bb50,1964BL,7,Liander
3 007 631,5d29527e-fe3f-4a83-a483-5f9123a1bb50,1964BL,9,Liander
3 007 631,5d29527e-fe3f-4a83-a483-5f9123a1bb50,1964BL,11,Liander
3 007 631,5d29527e-fe3f-4a83-a483-5f9123a1bb50,1964BL,13,Liander
3 007 631,5d29527e-fe3f-4a83-a483-5f9123a1bb50,1964BL,15,Liander
3 007 631,5d29527e-fe3f-4a83-a483-5f9123a1bb50,1964BL,17,Liander
3 007 631,5d29527e-fe3f-4a83-a483-5f9123a1bb50,1964BL,19,Liander
3 007 631,5d29527e-fe3f-4a83-a483-5f9123a1bb50,1964BL,21,Liander
3 007 631,5d29527e-fe3f-4a83-a483-5f9123a1bb50,1964BL,23,Liander
3 007 631,5d29527e-fe3f-4a83-a483-5f9123a1bb50,1964BL,25,Liander
3 007 631,5d29527e-fe3f-4a83-a483-5f9123a1bb50,1964BM,1,Liander
3 007 631,5d29527e-fe3f-4a83-a483-5f9123a1bb50,1964BM,1 C,Liander
3 007 631,5d29527e-fe3f-4a83-a483-5f9123a1bb50,1964BM,3,Liander
3 007 631,5d29527e-fe3f-4a83-a483-5f9123a1bb50,1964BM,5,Liander
3 007 631,5d29527e-fe3f-4a83-a483-5f9123a1bb50,1964BM,7,Liander
3 007 631,5d29527e-fe3f-4a83-a483-5f9123a1bb50,1964BM,9,Liander
3 007 631,5d29527e-fe3f-4a83-a483-5f9123a1bb50,1964BM,11,Liander
3 007 631,5d29527e-fe3f-4a83-a483-5f9123a1bb50,1964BM,13,Liander
3 007 631,5d29527e-fe3f-4a83-a483-5f9123a1bb50,1964BM,15,Liander
3 007 631,5d29527e-fe3f-4a83-a483-5f9123a1bb50,1964BM,17,Liander
3 007 631,5d29527e-fe3f-4a83-a483-5f9123a1bb50,1964BM,19,Liander
3 007 631,5d29527e-fe3f-4a83-a483-5f9123a1bb50,1964BM,21,Liander
3 007 631,5d29527e-fe3f-4a83-a483-5f9123a1bb50,1964BM,23,Liander
3 007 631,5d29527e-fe3f-4a83-a483-5f9123a1bb50,1964BN,2,Liander
3 007 631,5d29527e-fe3f-4a83-a483-5f9123a1bb50,1964BN,4,Liander
3 007 631,5d29527e-fe3f-4a83-a483-5f9123a1bb50,1964BN,6,Liander
3 007 631,5d29527e-fe3f-4a83-a483-5f9123a1bb50,1964BN,8,Liander
3 007 631,5d29527e-fe3f-4a83-a483-5f9123a1bb50,1964BN,10,Liander
3 007 631,5d29527e-fe3f-4a83-a483-5f9123a1bb50,1964BN,12,Liander
3 007 631,5d29527e-fe3f-4a83-a483-5f9123a1bb50,1964BN,14,Liander
3 007 631,5d29527e-fe3f-4a83-a483-5f9123a1bb50,1964BN,16,Liander
3 007 631,5d29527e-fe3f-4a83-a483-5f9123a1bb50,1964BN,18,Liander
3 007 631,5d29527e-fe3f-4a83-a483-5f9123a1bb50,1964BN,20,Liander
3 007 631,5d29527e-fe3f-4a83-a483-5f9123a1bb50,1964BN,22,Liander
3 007 631,5d29527e-fe3f-4a83-a483-5f9123a1bb50,1964BN,24,Liander
3 007 631,5d29527e-fe3f-4a83-a483-5f9123a1bb50,1964BN,26,Liander
3 007 631,5d29527e-fe3f-4a83-a483-5f9123a1bb50,1964BP,2,Liander
3 007 631,5d29527e-fe3f-4a83-a483-5f9123a1bb50,1964BP,4,Liander
3 007 631,5d29527e-fe3f-4a83-a483-5f9123a1bb50,1964BP,6,Liander
3 007 631,5d29527e-fe3f-4a83-a483-5f9123a1bb50,1964BP,8,Liander
3 007 631,5d29527e-fe3f-4a83-a483-5f9123a1bb50,1964BP,10,Liander
3 007 631,5d29527e-fe3f-4a83-a483-5f9123a1bb50,1964BP,12,Liander
3 007 631,5d29527e-fe3f-4a83-a483-5f9123a1bb50,1964BP,14,Liander
3 007 631,5d29527e-fe3f-4a83-a483-5f9123a1bb50,1964BP,16,Liander
3 007 631,5d29527e-fe3f-4a83-a483-5f9123a1bb50,1964BP,18,Liander
3 007 631,5d29527e-fe3f-4a83-a483-5f9123a1bb50,1964CB,1,Liander
3 007 631,5d29527e-fe3f-4a83-a483-5f9123a1bb50,1964CB,3,Liander
3 007 631,5d29527e-fe3f-4a83-a483-5f9123a1bb50,1964CB,5,Liander
3 007 631,5d29527e-fe3f-4a83-a483-5f9123a1bb50,1964CB,7,Liander
3 007 631,5d29527e-fe3f-4a83-a483-5f9123a1bb50,1964CB,9,Liander
3 007 631,5d29527e-fe3f-4a83-a483-5f9123a1bb50,1964CB,11,Liander
3 007 631,5d29527e-fe3f-4a83-a483-5f9123a1bb50,1964CB,13,Liander
3 007 631,5d29527e-fe3f-4a83-a483-5f9123a1bb50,1964CB,15,Liander
3 007 631,5d29527e-fe3f-4a83-a483-5f9123a1bb50,1964CB,17,Liander
3 007 631,5d29527e-fe3f-4a83-a483-5f9123a1bb50,1964NL,44 A,Liander
3 007 631,5d29527e-fe3f-4a83-a483-5f9123a1bb50,1964NL,46 A,Liander
3 007 631,5d29527e-fe3f-4a83-a483-5f9123a1bb50,1964NL,46 B,Liander
3 007 631,5d29527e-fe3f-4a83-a483-5f9123a1bb50,1964NL,46,Liander
3 007 631,5d29527e-fe3f-4a83-a483-5f9123a1bb50,1964NL,48,Liander
3 007 631,5d29527e-fe3f-4a83-a483-5f9123a1bb50,1964NL,50,Liander
3 007 631,5d29527e-fe3f-4a83-a483-5f9123a1bb50,1964NL,52,Liander
3 007 631,5d29527e-fe3f-4a83-a483-5f9123a1bb50,1964NL,54,Liander
3 007 631,5d29527e-fe3f-4a83-a483-5f9123a1bb50,1965BB,40 B,Liander
3 007 631,5d29527e-fe3f-4a83-a483-5f9123a1bb50,1965BB,42,Liander
3 007 631,5d29527e-fe3f-4a83-a483-5f9123a1bb50,1965BB,42 A,Liander
3 007 631,5d29527e-fe3f-4a83-a483-5f9123a1bb50,1965BB,42 B,Liander
3 007 631,5d29527e-fe3f-4a83-a483-5f9123a1bb50,1965BB,44,Liander
3 007 631,5d29527e-fe3f-4a83-a483-5f9123a1bb50,1965BB,44 A,Liander
3 007 631,5d29527e-fe3f-4a83-a483-5f9123a1bb50,1965BB,44 B,Liander
3 007 631,5d29527e-fe3f-4a83-a483-5f9123a1bb50,1965BB,46,Liander
3 007 631,5d29527e-fe3f-4a83-a483-5f9123a1bb50,1965BB,46 A,Liander
3 007 631,5d29527e-fe3f-4a83-a483-5f9123a1bb50,1965BB,46 B,Liander
3 007 631,5d29527e-fe3f-4a83-a483-5f9123a1bb50,1965BB,48,Liander
3 007 631,5d29527e-fe3f-4a83-a483-5f9123a1bb50,1965BB,48 A,Liander
3 007 631,5d29527e-fe3f-4a83-a483-5f9123a1bb50,1965EA,1,Liander
3 007 631,5d29527e-fe3f-4a83-a483-5f9123a1bb50,1965EA,2,Liander
3 007 631,5d29527e-fe3f-4a83-a483-5f9123a1bb50,1965EA,3,Liander
3 007 631,5d29527e-fe3f-4a83-a483-5f9123a1bb50,1965EA,4,Liander
3 007 631,5d29527e-fe3f-4a83-a483-5f9123a1bb50,1965EA,5,Liander
3 007 631,5d29527e-fe3f-4a83-a483-5f9123a1bb50,1965EA,6,Liander
3 007 631,5d29527e-fe3f-4a83-a483-5f9123a1bb50,1965EA,7,Liander
3 007 631,5d29527e-fe3f-4a83-a483-5f9123a1bb50,1965EA,8,Liander
3 007 631,5d29527e-fe3f-4a83-a483-5f9123a1bb50,1965EA,9,Liander
3 007 631,5d29527e-fe3f-4a83-a483-5f9123a1bb50,1965EA,10,Liander
3 007 631,5d29527e-fe3f-4a83-a483-5f9123a1bb50,1965EA,11,Liander
3 007 631,5d29527e-fe3f-4a83-a483-5f9123a1bb50,1965EA,12,Liander
3 007 631,5d29527e-fe3f-4a83-a483-5f9123a1bb50,1965EA,13,Liander
3 007 631,5d29527e-fe3f-4a83-a483-5f9123a1bb50,1965EA,15,Liander
3 007 631,5d29527e-fe3f-4a83-a483-5f9123a1bb50,1965EA,17,Liander
3 007 631,5d29527e-fe3f-4a83-a483-5f9123a1bb50,1965EA,19,Liander
3 007 631,5d29527e-fe3f-4a83-a483-5f9123a1bb50,1965EA,21,Liander
3 007 631,5d29527e-fe3f-4a83-a483-5f9123a1bb50,1965EA,23,Liander
3 007 631,5d29527e-fe3f-4a83-a483-5f9123a1bb50,1965EA,25,Liander
3 007 631,5d29527e-fe3f-4a83-a483-5f9123a1bb50,1965EA,27,Liander
3 007 631,5d29527e-fe3f-4a83-a483-5f9123a1bb50,1965EA,29,Liander
3 007 631,5d29527e-fe3f-4a83-a483-5f9123a1bb50,1965EA,31,Liander
3 007 631,5d29527e-fe3f-4a83-a483-5f9123a1bb50,1965EA,33,Liander
3 007 631,5d29527e-fe3f-4a83-a483-5f9123a1bb50,1965EA,35,Liander
3 007 631,5d29527e-fe3f-4a83-a483-5f9123a1bb50,1965EA,37,Liander
3 007 631,5d29527e-fe3f-4a83-a483-5f9123a1bb50,1965EA,39,Liander
3 007 631,5d29527e-fe3f-4a83-a483-5f9123a1bb50,1965EA,41,Liander
3 007 631,5d29527e-fe3f-4a83-a483-5f9123a1bb50,1965EA,43,Liander
3 007 631,5d29527e-fe3f-4a83-a483-5f9123a1bb50,1965EA,45,Liander
3 007 631,5d29527e-fe3f-4a83-a483-5f9123a1bb50,1965EA,47,Liander
3 007 631,5d29527e-fe3f-4a83-a483-5f9123a1bb50,1965EA,49,Liander
3 007 631,5d29527e-fe3f-4a83-a483-5f9123a1bb50,1965EA,51,Liander
3 007 631,5d29527e-fe3f-4a83-a483-5f9123a1bb50,1965EA,53,Liander
3 007 631,5d29527e-fe3f-4a83-a483-5f9123a1bb50,1965EA,55,Liander
3 007 631,5d29527e-fe3f-4a83-a483-5f9123a1bb50,1965EA,57,Liander
3 007 631,5d29527e-fe3f-4a83-a483-5f9123a1bb50,1965EA,59,Liander
3 007 631,5d29527e-fe3f-4a83-a483-5f9123a1bb50,1965EA,61,Liander
3 007 631,5d29527e-fe3f-4a83-a483-5f9123a1bb50,1965EA,63,Liander
3 007 631,5d29527e-fe3f-4a83-a483-5f9123a1bb50,1965EA,65,Liander
3 007 631,5d29527e-fe3f-4a83-a483-5f9123a1bb50,1965EA,67,Liander
3 007 631,5d29527e-fe3f-4a83-a483-5f9123a1bb50,1965EA,69,Liander
3 007 631,5d29527e-fe3f-4a83-a483-5f9123a1bb50,1965EC,1,Liander
3 007 631,5d29527e-fe3f-4a83-a483-5f9123a1bb50,1965EC,3,Liander
3 007 631,5d29527e-fe3f-4a83-a483-5f9123a1bb50,1965EC,5,Liander
3 007 631,5d29527e-fe3f-4a83-a483-5f9123a1bb50,1965EC,7,Liander
3 007 631,5d29527e-fe3f-4a83-a483-5f9123a1bb50,1965EC,9,Liander
3 007 631,5d29527e-fe3f-4a83-a483-5f9123a1bb50,1965EC,11,Liander
3 007 631,5d29527e-fe3f-4a83-a483-5f9123a1bb50,1965ED,2,Liander
3 007 631,5d29527e-fe3f-4a83-a483-5f9123a1bb50,1965ED,4,Liander
3 007 631,5d29527e-fe3f-4a83-a483-5f9123a1bb50,1965ED,6,Liander
3 007 631,5d29527e-fe3f-4a83-a483-5f9123a1bb50,1965ED,8,Liander
3 007 631,5d29527e-fe3f-4a83-a483-5f9123a1bb50,1965ED,10,Liander
3 007 631,5d29527e-fe3f-4a83-a483-5f9123a1bb50,1965ED,12,Liander
3 007 631,5d29527e-fe3f-4a83-a483-5f9123a1bb50,1965ED,14,Liander
3 007 631,5d29527e-fe3f-4a83-a483-5f9123a1bb50,1965ED,16,Liander
3 007 631,5d29527e-fe3f-4a83-a483-5f9123a1bb50,1965ED,18,Liander
3 007 631,5d29527e-fe3f-4a83-a483-5f9123a1bb50,1965ED,20,Liander
3 007 631,5d29527e-fe3f-4a83-a483-5f9123a1bb50,1965ED,22,Liander
3 007 631,5d29527e-fe3f-4a83-a483-5f9123a1bb50,1965EH,2,Liander
3 007 631,5d29527e-fe3f-4a83-a483-5f9123a1bb50,1965EH,4,Liander
3 007 631,5d29527e-fe3f-4a83-a483-5f9123a1bb50,1965EH,6,Liander
3 007 631,5d29527e-fe3f-4a83-a483-5f9123a1bb50,1965EH,8,Liander
3 007 631,5d29527e-fe3f-4a83-a483-5f9123a1bb50,1965EH,10,Liander
3 007 631,5d29527e-fe3f-4a83-a483-5f9123a1bb50,1965EH,12,Liander
3 007 631,5d29527e-fe3f-4a83-a483-5f9123a1bb50,1965EH,14,Liander
3 007 631,5d29527e-fe3f-4a83-a483-5f9123a1bb50,1965EH,16,Liander
3 007 631,5d29527e-fe3f-4a83-a483-5f9123a1bb50,1965EH,18,Liander
3 007 631,5d29527e-fe3f-4a83-a483-5f9123a1bb50,1965EH,20,Liander
3 007 631,5d29527e-fe3f-4a83-a483-5f9123a1bb50,1965EH,22,Liander
3 007 631,5d29527e-fe3f-4a83-a483-5f9123a1bb50,1965EH,24,Liander
3 007 631,5d29527e-fe3f-4a83-a483-5f9123a1bb50,1965EH,26,Liander
3 007 631,5d29527e-fe3f-4a83-a483-5f9123a1bb50,1965EH,28,Liander
3 007 631,5d29527e-fe3f-4a83-a483-5f9123a1bb50,1965EH,30,Liander
3 007 631,5d29527e-fe3f-4a83-a483-5f9123a1bb50,1965EH,32,Liander
3 007 631,5d29527e-fe3f-4a83-a483-5f9123a1bb50,1965EH,34,Liander
3 007 631,5d29527e-fe3f-4a83-a483-5f9123a1bb50,1965EH,36,Liander
3 007 631,5d29527e-fe3f-4a83-a483-5f9123a1bb50,1965EH,38,Liander
3 007 631,5d29527e-fe3f-4a83-a483-5f9123a1bb50,1965EV,2,Liander
3 008 678,22cad64d-b7f0-44a3-a0dd-38bb60e69cad,1766HM,27,Liander
3 008 678,22cad64d-b7f0-44a3-a0dd-38bb60e69cad,1766HM,29,Liander
3 008 678,22cad64d-b7f0-44a3-a0dd-38bb60e69cad,1766HM,30,Liander
3 008 678,22cad64d-b7f0-44a3-a0dd-38bb60e69cad,1766HM,31,Liander
3 008 678,22cad64d-b7f0-44a3-a0dd-38bb60e69cad,1766HM,32,Liander
3 008 678,22cad64d-b7f0-44a3-a0dd-38bb60e69cad,1766HM,33,Liander
3 008 678,22cad64d-b7f0-44a3-a0dd-38bb60e69cad,1766HM,34,Liander
3 008 678,22cad64d-b7f0-44a3-a0dd-38bb60e69cad,1766HM,35,Liander
3 008 678,22cad64d-b7f0-44a3-a0dd-38bb60e69cad,1766HM,36,Liander
3 008 678,22cad64d-b7f0-44a3-a0dd-38bb60e69cad,1766HM,37,Liander
3 008 678,22cad64d-b7f0-44a3-a0dd-38bb60e69cad,1766HM,37 a,Liander
3 008 678,22cad64d-b7f0-44a3-a0dd-38bb60e69cad,1766HM,37 b,Liander
3 008 678,22cad64d-b7f0-44a3-a0dd-38bb60e69cad,1766HM,37 bb,Liander
3 008 678,22cad64d-b7f0-44a3-a0dd-38bb60e69cad,1766HM,37 c,Liander
3 008 678,22cad64d-b7f0-44a3-a0dd-38bb60e69cad,1766HM,37 d,Liander
3 008 678,22cad64d-b7f0-44a3-a0dd-38bb60e69cad,1766HN,38,Liander
3 008 678,22cad64d-b7f0-44a3-a0dd-38bb60e69cad,1766HN,39,Liander
3 008 678,22cad64d-b7f0-44a3-a0dd-38bb60e69cad,1766HN,40,Liander
3 008 678,22cad64d-b7f0-44a3-a0dd-38bb60e69cad,1766HN,41,Liander
3 008 678,22cad64d-b7f0-44a3-a0dd-38bb60e69cad,1766HN,42,Liander
3 008 678,22cad64d-b7f0-44a3-a0dd-38bb60e69cad,1766HN,43,Liander
3 008 678,22cad64d-b7f0-44a3-a0dd-38bb60e69cad,1766HN,44,Liander
3 008 678,22cad64d-b7f0-44a3-a0dd-38bb60e69cad,1766HN,50,Liander
3 008 678,22cad64d-b7f0-44a3-a0dd-38bb60e69cad,1766HN,52,Liander
3 008 678,22cad64d-b7f0-44a3-a0dd-38bb60e69cad,1766KK,1,Liander
3 008 678,22cad64d-b7f0-44a3-a0dd-38bb60e69cad,1766KK,2,Liander
3 008 678,22cad64d-b7f0-44a3-a0dd-38bb60e69cad,1766KK,3,Liander
3 008 678,22cad64d-b7f0-44a3-a0dd-38bb60e69cad,1766KK,4,Liander
3 008 678,22cad64d-b7f0-44a3-a0dd-38bb60e69cad,1766KK,5,Liander
3 008 678,22cad64d-b7f0-44a3-a0dd-38bb60e69cad,1766KK,6,Liander
3 008 678,22cad64d-b7f0-44a3-a0dd-38bb60e69cad,1766KK,7,Liander
3 008 678,22cad64d-b7f0-44a3-a0dd-38bb60e69cad,1766KT,1,Liander
3 008 678,22cad64d-b7f0-44a3-a0dd-38bb60e69cad,1766KT,3,Liander
3 008 678,22cad64d-b7f0-44a3-a0dd-38bb60e69cad,1766KT,5,Liander
3 008 678,22cad64d-b7f0-44a3-a0dd-38bb60e69cad,1766KT,7,Liander
3 008 678,22cad64d-b7f0-44a3-a0dd-38bb60e69cad,1766KT,9,Liander
3 008 678,22cad64d-b7f0-44a3-a0dd-38bb60e69cad,1766KT,11,Liander
3 008 678,22cad64d-b7f0-44a3-a0dd-38bb60e69cad,1766KT,13,Liander
3 008 678,22cad64d-b7f0-44a3-a0dd-38bb60e69cad,1766KT,15,Liander
3 008 678,22cad64d-b7f0-44a3-a0dd-38bb60e69cad,1766KT,17,Liander
3 008 678,22cad64d-b7f0-44a3-a0dd-38bb60e69cad,1766KT,21,Liander
3 011 240,d11f8c92-af93-4d0d-bd42-36d1f7f78210,1862HS,20,Liander
3 011 240,d11f8c92-af93-4d0d-bd42-36d1f7f78210,1862JG,1,Liander
3 011 240,d11f8c92-af93-4d0d-bd42-36d1f7f78210,1862JG,3,Liander
3 011 240,d11f8c92-af93-4d0d-bd42-36d1f7f78210,1862JG,5,Liander
3 011 240,d11f8c92-af93-4d0d-bd42-36d1f7f78210,1862JG,7,Liander
3 011 240,d11f8c92-af93-4d0d-bd42-36d1f7f78210,1862JG,9,Liander
3 011 240,d11f8c92-af93-4d0d-bd42-36d1f7f78210,1862JG,11,Liander
3 011 240,d11f8c92-af93-4d0d-bd42-36d1f7f78210,1862JG,13,Liander
3 011 240,d11f8c92-af93-4d0d-bd42-36d1f7f78210,1862JG,15,Liander
3 011 240,d11f8c92-af93-4d0d-bd42-36d1f7f78210,1862JG,17,Liander
3 011 240,d11f8c92-af93-4d0d-bd42-36d1f7f78210,1862JG,19,Liander
3 011 240,d11f8c92-af93-4d0d-bd42-36d1f7f78210,1862JG,21,Liander
3 011 240,d11f8c92-af93-4d0d-bd42-36d1f7f78210,1862JG,23,Liander
3 011 240,d11f8c92-af93-4d0d-bd42-36d1f7f78210,1862JG,25,Liander
3 011 240,d11f8c92-af93-4d0d-bd42-36d1f7f78210,1862JG,27,Liander
3 011 240,d11f8c92-af93-4d0d-bd42-36d1f7f78210,1862JG,29,Liander
3 011 240,d11f8c92-af93-4d0d-bd42-36d1f7f78210,1862JG,31,Liander
3 011 240,d11f8c92-af93-4d0d-bd42-36d1f7f78210,1862JK,1,Liander
3 011 240,d11f8c92-af93-4d0d-bd42-36d1f7f78210,1862JK,2,Liander
3 011 240,d11f8c92-af93-4d0d-bd42-36d1f7f78210,1862JK,3,Liander
3 011 240,d11f8c92-af93-4d0d-bd42-36d1f7f78210,1862JK,4,Liander
3 011 240,d11f8c92-af93-4d0d-bd42-36d1f7f78210,1862JK,5,Liander
3 011 240,d11f8c92-af93-4d0d-bd42-36d1f7f78210,1862JK,6,Liander
3 011 240,d11f8c92-af93-4d0d-bd42-36d1f7f78210,1862JK,7,Liander
3 011 240,d11f8c92-af93-4d0d-bd42-36d1f7f78210,1862JK,8,Liander
3 011 240,d11f8c92-af93-4d0d-bd42-36d1f7f78210,1862JK,9,Liander
3 011 240,d11f8c92-af93-4d0d-bd42-36d1f7f78210,1862JK,10,Liander
3 011 240,d11f8c92-af93-4d0d-bd42-36d1f7f78210,1862JK,11,Liander
3 011 240,d11f8c92-af93-4d0d-bd42-36d1f7f78210,1862JK,12,Liander
3 011 240,d11f8c92-af93-4d0d-bd42-36d1f7f78210,1862JK,13,Liander
3 011 240,d11f8c92-af93-4d0d-bd42-36d1f7f78210,1862JK,14,Liander
3 011 240,d11f8c92-af93-4d0d-bd42-36d1f7f78210,1862JK,15,Liander
3 011 240,d11f8c92-af93-4d0d-bd42-36d1f7f78210,1862JK,16,Liander
3 011 240,d11f8c92-af93-4d0d-bd42-36d1f7f78210,1862JK,17,Liander
3 011 240,d11f8c92-af93-4d0d-bd42-36d1f7f78210,1862JK,18,Liander
3 011 240,d11f8c92-af93-4d0d-bd42-36d1f7f78210,1862JL,1,Liander
3 011 240,d11f8c92-af93-4d0d-bd42-36d1f7f78210,1862JL,2,Liander
3 011 240,d11f8c92-af93-4d0d-bd42-36d1f7f78210,1862JL,3,Liander
3 011 240,d11f8c92-af93-4d0d-bd42-36d1f7f78210,1862JL,4,Liander
3 011 240,d11f8c92-af93-4d0d-bd42-36d1f7f78210,1862JL,5,Liander
3 011 240,d11f8c92-af93-4d0d-bd42-36d1f7f78210,1862JL,6,Liander
3 011 240,d11f8c92-af93-4d0d-bd42-36d1f7f78210,1862JL,7,Liander
3 011 240,d11f8c92-af93-4d0d-bd42-36d1f7f78210,1862JL,8,Liander
3 011 240,d11f8c92-af93-4d0d-bd42-36d1f7f78210,1862JL,9,Liander
3 011 240,d11f8c92-af93-4d0d-bd42-36d1f7f78210,1862JL,10,Liander
3 011 240,d11f8c92-af93-4d0d-bd42-36d1f7f78210,1862JL,11,Liander
3 011 240,d11f8c92-af93-4d0d-bd42-36d1f7f78210,1862JL,12,Liander
3 011 240,d11f8c92-af93-4d0d-bd42-36d1f7f78210,1862JL,13,Liander
3 011 240,d11f8c92-af93-4d0d-bd42-36d1f7f78210,1862JL,14,Liander
3 011 240,d11f8c92-af93-4d0d-bd42-36d1f7f78210,1862JL,15,Liander
3 011 240,d11f8c92-af93-4d0d-bd42-36d1f7f78210,1862JL,16,Liander
3 011 240,d11f8c92-af93-4d0d-bd42-36d1f7f78210,1862JL,17,Liander
3 011 240,d11f8c92-af93-4d0d-bd42-36d1f7f78210,1862JL,18,Liander
3 011 240,d11f8c92-af93-4d0d-bd42-36d1f7f78210,1862JM,17,Liander
3 011 240,d11f8c92-af93-4d0d-bd42-36d1f7f78210,1862JM,19,Liander
3 011 240,d11f8c92-af93-4d0d-bd42-36d1f7f78210,1862JM,21,Liander
3 011 240,d11f8c92-af93-4d0d-bd42-36d1f7f78210,1862JM,23,Liander
3 011 240,d11f8c92-af93-4d0d-bd42-36d1f7f78210,1862JM,25,Liander
3 011 240,d11f8c92-af93-4d0d-bd42-36d1f7f78210,1862JM,27,Liander
3 011 240,d11f8c92-af93-4d0d-bd42-36d1f7f78210,1862JM,29,Liander
3 011 240,d11f8c92-af93-4d0d-bd42-36d1f7f78210,1862JM,31,Liander
3 011 240,d11f8c92-af93-4d0d-bd42-36d1f7f78210,1862JM,33,Liander
3 011 240,d11f8c92-af93-4d0d-bd42-36d1f7f78210,1862JP,36,Liander
3 011 240,d11f8c92-af93-4d0d-bd42-36d1f7f78210,1862JP,38,Liander
3 011 240,d11f8c92-af93-4d0d-bd42-36d1f7f78210,1862JP,40,Liander
3 011 240,d11f8c92-af93-4d0d-bd42-36d1f7f78210,1862JP,42,Liander
3 011 240,d11f8c92-af93-4d0d-bd42-36d1f7f78210,1862JP,44,Liander
3 011 240,d11f8c92-af93-4d0d-bd42-36d1f7f78210,1862JP,46,Liander
3 011 240,d11f8c92-af93-4d0d-bd42-36d1f7f78210,1862JR,48,Liander
3 011 240,d11f8c92-af93-4d0d-bd42-36d1f7f78210,1862JR,50,Liander
3 011 240,d11f8c92-af93-4d0d-bd42-36d1f7f78210,1862JR,52,Liander
3 011 240,d11f8c92-af93-4d0d-bd42-36d1f7f78210,1862JR,54,Liander
3 011 240,d11f8c92-af93-4d0d-bd42-36d1f7f78210,1862JR,54 A,Liander
3 011 240,d11f8c92-af93-4d0d-bd42-36d1f7f78210,1862JR,56,Liander
3 011 240,d11f8c92-af93-4d0d-bd42-36d1f7f78210,1862JR,58,Liander
3 011 240,d11f8c92-af93-4d0d-bd42-36d1f7f78210,1862JR,60,Liander
3 011 240,d11f8c92-af93-4d0d-bd42-36d1f7f78210,1862JR,62,Liander
3 011 240,d11f8c92-af93-4d0d-bd42-36d1f7f78210,1862JR,64,Liander
3 011 240,d11f8c92-af93-4d0d-bd42-36d1f7f78210,1862JR,66,Liander
3 011 240,d11f8c92-af93-4d0d-bd42-36d1f7f78210,1862JR,68,Liander
3 011 240,d11f8c92-af93-4d0d-bd42-36d1f7f78210,1862JR,70,Liander
3 011 240,d11f8c92-af93-4d0d-bd42-36d1f7f78210,1862JR,72,Liander
3 011 240,d11f8c92-af93-4d0d-bd42-36d1f7f78210,1862JR,74,Liander
3 011 240,d11f8c92-af93-4d0d-bd42-36d1f7f78210,1862JR,76,Liander
3 011 240,d11f8c92-af93-4d0d-bd42-36d1f7f78210,1862JR,78,Liander
3 011 240,d11f8c92-af93-4d0d-bd42-36d1f7f78210,1862JR,80,Liander
3 011 240,d11f8c92-af93-4d0d-bd42-36d1f7f78210,1862JR,82,Liander
3 011 240,d11f8c92-af93-4d0d-bd42-36d1f7f78210,1862JR,84,Liander
3 011 240,d11f8c92-af93-4d0d-bd42-36d1f7f78210,1862JR,86,Liander
3 011 240,d11f8c92-af93-4d0d-bd42-36d1f7f78210,1862JR,88,Liander
3 011 240,d11f8c92-af93-4d0d-bd42-36d1f7f78210,1862JR,90,Liander
3 011 240,d11f8c92-af93-4d0d-bd42-36d1f7f78210,1862JR,92,Liander
3 011 240,d11f8c92-af93-4d0d-bd42-36d1f7f78210,1862JR,94,Liander
3 011 240,d11f8c92-af93-4d0d-bd42-36d1f7f78210,1862VE,1,Liander
3 011 240,d11f8c92-af93-4d0d-bd42-36d1f7f78210,1862VE,2,Liander
3 011 240,d11f8c92-af93-4d0d-bd42-36d1f7f78210,1862VE,2 S,Liander
3 011 240,d11f8c92-af93-4d0d-bd42-36d1f7f78210,1862VE,3,Liander
3 011 240,d11f8c92-af93-4d0d-bd42-36d1f7f78210,1862VE,4,Liander
3 011 240,d11f8c92-af93-4d0d-bd42-36d1f7f78210,1862VE,5,Liander
3 011 240,d11f8c92-af93-4d0d-bd42-36d1f7f78210,1862VE,6,Liander
3 011 240,d11f8c92-af93-4d0d-bd42-36d1f7f78210,1862VE,7,Liander
3 011 240,d11f8c92-af93-4d0d-bd42-36d1f7f78210,1862VE,8,Liander
3 011 240,d11f8c92-af93-4d0d-bd42-36d1f7f78210,1862VE,10,Liander
3 011 240,d11f8c92-af93-4d0d-bd42-36d1f7f78210,1862VE,10 A,Liander
3 011 240,d11f8c92-af93-4d0d-bd42-36d1f7f78210,1862VE,12,Liander
3 011 240,d11f8c92-af93-4d0d-bd42-36d1f7f78210,1862VE,15,Liander
3 011 240,d11f8c92-af93-4d0d-bd42-36d1f7f78210,1862VE,16,Liander
3 011 240,d11f8c92-af93-4d0d-bd42-36d1f7f78210,1862VE,17,Liander
3 011 240,d11f8c92-af93-4d0d-bd42-36d1f7f78210,1862VE,19,Liander
3 011 240,d11f8c92-af93-4d0d-bd42-36d1f7f78210,1862VG,1,Liander
3 011 240,d11f8c92-af93-4d0d-bd42-36d1f7f78210,1862VG,3,Liander
3 011 240,d11f8c92-af93-4d0d-bd42-36d1f7f78210,1862VG,5,Liander
3 011 240,d11f8c92-af93-4d0d-bd42-36d1f7f78210,1862VG,7,Liander
3 011 240,d11f8c92-af93-4d0d-bd42-36d1f7f78210,1862VG,9,Liander
3 011 240,d11f8c92-af93-4d0d-bd42-36d1f7f78210,1862VG,13,Liander
3 011 240,d11f8c92-af93-4d0d-bd42-36d1f7f78210,1862VG,15,Liander
3 011 240,d11f8c92-af93-4d0d-bd42-36d1f7f78210,1862VG,17,Liander
3 011 240,d11f8c92-af93-4d0d-bd42-36d1f7f78210,1862VG,19,Liander
3 011 240,d11f8c92-af93-4d0d-bd42-36d1f7f78210,1862VG,21,Liander
3 011 240,d11f8c92-af93-4d0d-bd42-36d1f7f78210,1862VG,23,Liander
3 011 240,d11f8c92-af93-4d0d-bd42-36d1f7f78210,1862VG,25,Liander
3 011 240,d11f8c92-af93-4d0d-bd42-36d1f7f78210,1862VG,27,Liander
3 011 240,d11f8c92-af93-4d0d-bd42-36d1f7f78210,1862VG,29,Liander
3 011 240,d11f8c92-af93-4d0d-bd42-36d1f7f78210,1862VG,31,Liander
3 011 240,d11f8c92-af93-4d0d-bd42-36d1f7f78210,1862VG,33,Liander
3 011 240,d11f8c92-af93-4d0d-bd42-36d1f7f78210,1862VG,35,Liander
3 011 240,d11f8c92-af93-4d0d-bd42-36d1f7f78210,1862VG,37,Liander
3 011 240,d11f8c92-af93-4d0d-bd42-36d1f7f78210,1862VG,39,Liander
3 011 240,d11f8c92-af93-4d0d-bd42-36d1f7f78210,1862VG,41,Liander
3 011 240,d11f8c92-af93-4d0d-bd42-36d1f7f78210,1862VH,2,Liander
3 011 240,d11f8c92-af93-4d0d-bd42-36d1f7f78210,1862VH,4,Liander
3 011 240,d11f8c92-af93-4d0d-bd42-36d1f7f78210,1862VH,6,Liander
3 011 240,d11f8c92-af93-4d0d-bd42-36d1f7f78210,1862VH,8,Liander
3 011 240,d11f8c92-af93-4d0d-bd42-36d1f7f78210,1862VH,10,Liander
3 011 240,d11f8c92-af93-4d0d-bd42-36d1f7f78210,1862VH,12,Liander
3 011 240,d11f8c92-af93-4d0d-bd42-36d1f7f78210,1862VH,14,Liander
3 011 240,d11f8c92-af93-4d0d-bd42-36d1f7f78210,1862VH,16,Liander
3 011 240,d11f8c92-af93-4d0d-bd42-36d1f7f78210,1862VH,18,Liander
3 011 240,d11f8c92-af93-4d0d-bd42-36d1f7f78210,1862VH,20,Liander
3 011 240,d11f8c92-af93-4d0d-bd42-36d1f7f78210,1862VH,22,Liander
3 011 240,d11f8c92-af93-4d0d-bd42-36d1f7f78210,1862VH,24,Liander
3 011 240,d11f8c92-af93-4d0d-bd42-36d1f7f78210,1862VH,26,Liander
3 011 240,d11f8c92-af93-4d0d-bd42-36d1f7f78210,1862VJ,1,Liander
3 011 240,d11f8c92-af93-4d0d-bd42-36d1f7f78210,1862VJ,2,Liander
3 011 240,d11f8c92-af93-4d0d-bd42-36d1f7f78210,1862VJ,3,Liander
3 011 240,d11f8c92-af93-4d0d-bd42-36d1f7f78210,1862VJ,4,Liander
3 011 240,d11f8c92-af93-4d0d-bd42-36d1f7f78210,1862VJ,5,Liander
3 011 240,d11f8c92-af93-4d0d-bd42-36d1f7f78210,1862VJ,6,Liander
3 011 240,d11f8c92-af93-4d0d-bd42-36d1f7f78210,1862VJ,7,Liander
3 011 240,d11f8c92-af93-4d0d-bd42-36d1f7f78210,1862VJ,8,Liander
3 011 240,d11f8c92-af93-4d0d-bd42-36d1f7f78210,1862VJ,9,Liander
3 011 240,d11f8c92-af93-4d0d-bd42-36d1f7f78210,1862VJ,10,Liander
3 011 240,d11f8c92-af93-4d0d-bd42-36d1f7f78210,1862VJ,11,Liander
3 011 240,d11f8c92-af93-4d0d-bd42-36d1f7f78210,1862VJ,12,Liander
3 011 240,d11f8c92-af93-4d0d-bd42-36d1f7f78210,1862VJ,13,Liander
3 011 240,d11f8c92-af93-4d0d-bd42-36d1f7f78210,1862VJ,14,Liander
3 011 240,d11f8c92-af93-4d0d-bd42-36d1f7f78210,1862VJ,15,Liander
3 011 240,d11f8c92-af93-4d0d-bd42-36d1f7f78210,1862VJ,16,Liander
3 011 240,d11f8c92-af93-4d0d-bd42-36d1f7f78210,1862VJ,18,Liander
3 011 240,d11f8c92-af93-4d0d-bd42-36d1f7f78210,1862VJ,20,Liander
3 011 240,d11f8c92-af93-4d0d-bd42-36d1f7f78210,1862VJ,22,Liander
3 011 240,d11f8c92-af93-4d0d-bd42-36d1f7f78210,1862VJ,24,Liander
3 011 240,d11f8c92-af93-4d0d-bd42-36d1f7f78210,1862VK,1,Liander
3 011 240,d11f8c92-af93-4d0d-bd42-36d1f7f78210,1862VK,3,Liander
3 011 240,d11f8c92-af93-4d0d-bd42-36d1f7f78210,1862VK,4,Liander
3 011 240,d11f8c92-af93-4d0d-bd42-36d1f7f78210,1862VK,5,Liander
3 011 240,d11f8c92-af93-4d0d-bd42-36d1f7f78210,1862VK,6,Liander
3 011 240,d11f8c92-af93-4d0d-bd42-36d1f7f78210,1862VK,7,Liander
3 011 240,d11f8c92-af93-4d0d-bd42-36d1f7f78210,1862VK,8,Liander
3 011 240,d11f8c92-af93-4d0d-bd42-36d1f7f78210,1862VK,9,Liander
3 011 240,d11f8c92-af93-4d0d-bd42-36d1f7f78210,1862VK,10,Liander
3 011 240,d11f8c92-af93-4d0d-bd42-36d1f7f78210,1862VK,11,Liander
3 011 240,d11f8c92-af93-4d0d-bd42-36d1f7f78210,1862VK,12,Liander
3 011 240,d11f8c92-af93-4d0d-bd42-36d1f7f78210,1862VK,13,Liander
3 011 240,d11f8c92-af93-4d0d-bd42-36d1f7f78210,1862VK,14,Liander
3 011 240,d11f8c92-af93-4d0d-bd42-36d1f7f78210,1862VK,15,Liander
3 011 240,d11f8c92-af93-4d0d-bd42-36d1f7f78210,1862VK,16,Liander
3 011 240,d11f8c92-af93-4d0d-bd42-36d1f7f78210,1862VK,18,Liander
3 011 240,d11f8c92-af93-4d0d-bd42-36d1f7f78210,1862VK,20,Liander
3 011 240,d11f8c92-af93-4d0d-bd42-36d1f7f78210,1862VL,2,Liander
3 011 240,d11f8c92-af93-4d0d-bd42-36d1f7f78210,1862VL,4,Liander
3 011 240,d11f8c92-af93-4d0d-bd42-36d1f7f78210,1862VL,6,Liander
3 011 240,d11f8c92-af93-4d0d-bd42-36d1f7f78210,1862VL,8,Liander
3 011 240,d11f8c92-af93-4d0d-bd42-36d1f7f78210,1862VL,10,Liander
3 011 240,d11f8c92-af93-4d0d-bd42-36d1f7f78210,1862VL,12,Liander
3 011 240,d11f8c92-af93-4d0d-bd42-36d1f7f78210,1862VL,14,Liander
3 011 240,d11f8c92-af93-4d0d-bd42-36d1f7f78210,1862VL,16,Liander
3 011 240,d11f8c92-af93-4d0d-bd42-36d1f7f78210,1862VL,18,Liander
3 011 240,d11f8c92-af93-4d0d-bd42-36d1f7f78210,1862VL,20,Liander
3 011 240,d11f8c92-af93-4d0d-bd42-36d1f7f78210,1862VL,22,Liander
3 011 240,d11f8c92-af93-4d0d-bd42-36d1f7f78210,1862VL,24,Liander
3 011 240,d11f8c92-af93-4d0d-bd42-36d1f7f78210,1862XA,21,Liander
3 011 240,d11f8c92-af93-4d0d-bd42-36d1f7f78210,1862XA,23,Liander
3 011 240,d11f8c92-af93-4d0d-bd42-36d1f7f78210,1862XA,27,Liander
3 011 240,d11f8c92-af93-4d0d-bd42-36d1f7f78210,1862XA,29,Liander
3 011 240,d11f8c92-af93-4d0d-bd42-36d1f7f78210,1862XC,57,Liander
3 011 240,d11f8c92-af93-4d0d-bd42-36d1f7f78210,1862XC,59,Liander
3 011 240,d11f8c92-af93-4d0d-bd42-36d1f7f78210,1862XC,61,Liander
3 011 240,d11f8c92-af93-4d0d-bd42-36d1f7f78210,1862XC,63,Liander
3 011 240,d11f8c92-af93-4d0d-bd42-36d1f7f78210,1862XC,65,Liander
3 011 240,d11f8c92-af93-4d0d-bd42-36d1f7f78210,1862XC,67,Liander
3 011 240,d11f8c92-af93-4d0d-bd42-36d1f7f78210,1862XC,69,Liander
3 011 240,d11f8c92-af93-4d0d-bd42-36d1f7f78210,1862XC,75,Liander
3 011 240,d11f8c92-af93-4d0d-bd42-36d1f7f78210,1862XC,77,Liander
3 011 240,d11f8c92-af93-4d0d-bd42-36d1f7f78210,1862XC,79,Liander
3 011 240,d11f8c92-af93-4d0d-bd42-36d1f7f78210,1862XC,81,Liander
3 011 240,d11f8c92-af93-4d0d-bd42-36d1f7f78210,1862XC,83,Liander
3 011 240,d11f8c92-af93-4d0d-bd42-36d1f7f78210,1862XG,64,Liander
3 011 240,d11f8c92-af93-4d0d-bd42-36d1f7f78210,1862XG,66,Liander
3 011 240,d11f8c92-af93-4d0d-bd42-36d1f7f78210,1862XG,68,Liander
3 011 240,d11f8c92-af93-4d0d-bd42-36d1f7f78210,1862XG,70,Liander
3 011 240,d11f8c92-af93-4d0d-bd42-36d1f7f78210,1862XG,72,Liander
3 011 240,d11f8c92-af93-4d0d-bd42-36d1f7f78210,1862XG,74,Liander
3 011 240,d11f8c92-af93-4d0d-bd42-36d1f7f78210,1862XG,76,Liander
3 011 240,d11f8c92-af93-4d0d-bd42-36d1f7f78210,1862XG,78,Liander
3 011 240,d11f8c92-af93-4d0d-bd42-36d1f7f78210,1862XG,80,Liander
3 011 240,d11f8c92-af93-4d0d-bd42-36d1f7f78210,1862XG,82,Liander
3 011 240,d11f8c92-af93-4d0d-bd42-36d1f7f78210,1862XG,84,Liander
3 011 240,d11f8c92-af93-4d0d-bd42-36d1f7f78210,1862XG,86,Liander
3 011 240,d11f8c92-af93-4d0d-bd42-36d1f7f78210,1862XH,1,Liander
3 011 240,d11f8c92-af93-4d0d-bd42-36d1f7f78210,1862XH,3,Liander
3 011 240,d11f8c92-af93-4d0d-bd42-36d1f7f78210,1862XH,5,Liander
3 011 240,d11f8c92-af93-4d0d-bd42-36d1f7f78210,1862XH,6,Liander
3 011 240,d11f8c92-af93-4d0d-bd42-36d1f7f78210,1862XH,7,Liander
3 011 240,d11f8c92-af93-4d0d-bd42-36d1f7f78210,1862XH,8,Liander
3 011 240,d11f8c92-af93-4d0d-bd42-36d1f7f78210,1862XH,9,Liander
3 011 240,d11f8c92-af93-4d0d-bd42-36d1f7f78210,1862XH,10,Liander
3 011 240,d11f8c92-af93-4d0d-bd42-36d1f7f78210,1862XH,11,Liander
3 011 240,d11f8c92-af93-4d0d-bd42-36d1f7f78210,1862XH,12,Liander
3 011 240,d11f8c92-af93-4d0d-bd42-36d1f7f78210,1862XH,13,Liander
3 011 240,d11f8c92-af93-4d0d-bd42-36d1f7f78210,1862XH,14,Liander
3 011 240,d11f8c92-af93-4d0d-bd42-36d1f7f78210,1862XH,15,Liander
3 011 240,d11f8c92-af93-4d0d-bd42-36d1f7f78210,1862XH,16,Liander
3 011 240,d11f8c92-af93-4d0d-bd42-36d1f7f78210,1862XH,17,Liander
3 011 240,d11f8c92-af93-4d0d-bd42-36d1f7f78210,1862XH,18,Liander
3 011 240,d11f8c92-af93-4d0d-bd42-36d1f7f78210,1862XJ,1,Liander
3 011 240,d11f8c92-af93-4d0d-bd42-36d1f7f78210,1862XJ,1 A,Liander
3 011 240,d11f8c92-af93-4d0d-bd42-36d1f7f78210,1862XJ,3,Liander
3 011 240,d11f8c92-af93-4d0d-bd42-36d1f7f78210,1862XJ,5,Liander
3 011 240,d11f8c92-af93-4d0d-bd42-36d1f7f78210,1862XJ,7,Liander
3 011 240,d11f8c92-af93-4d0d-bd42-36d1f7f78210,1862XJ,9,Liander
3 011 240,d11f8c92-af93-4d0d-bd42-36d1f7f78210,1862XJ,9 A,Liander
3 011 240,d11f8c92-af93-4d0d-bd42-36d1f7f78210,1862XJ,11,Liander
3 011 240,d11f8c92-af93-4d0d-bd42-36d1f7f78210,1862XJ,11 A,Liander
3 011 240,d11f8c92-af93-4d0d-bd42-36d1f7f78210,1862XJ,13,Liander
3 011 240,d11f8c92-af93-4d0d-bd42-36d1f7f78210,1862XJ,13 A,Liander
3 011 240,d11f8c92-af93-4d0d-bd42-36d1f7f78210,1862XJ,15,Liander
3 011 240,d11f8c92-af93-4d0d-bd42-36d1f7f78210,1862XJ,17,Liander
3 011 240,d11f8c92-af93-4d0d-bd42-36d1f7f78210,1862XJ,19,Liander
3 011 240,d11f8c92-af93-4d0d-bd42-36d1f7f78210,1862XJ,19 A,Liander
3 011 240,d11f8c92-af93-4d0d-bd42-36d1f7f78210,1862XK,21,Liander
3 011 240,d11f8c92-af93-4d0d-bd42-36d1f7f78210,1862XK,21 A,Liander
3 011 240,d11f8c92-af93-4d0d-bd42-36d1f7f78210,1862XK,23,Liander
3 011 240,d11f8c92-af93-4d0d-bd42-36d1f7f78210,1862XK,25,Liander
3 011 240,d11f8c92-af93-4d0d-bd42-36d1f7f78210,1862XN,1,Liander
3 011 240,d11f8c92-af93-4d0d-bd42-36d1f7f78210,1862XN,3,Liander
3 011 240,d11f8c92-af93-4d0d-bd42-36d1f7f78210,1862XN,5,Liander
3 011 240,d11f8c92-af93-4d0d-bd42-36d1f7f78210,1862XN,7,Liander
3 011 240,d11f8c92-af93-4d0d-bd42-36d1f7f78210,1862XN,9,Liander
3 011 240,d11f8c92-af93-4d0d-bd42-36d1f7f78210,1862XN,11,Liander
3 011 240,d11f8c92-af93-4d0d-bd42-36d1f7f78210,1862XN,13,Liander
3 011 240,d11f8c92-af93-4d0d-bd42-36d1f7f78210,1862XN,15,Liander
3 011 240,d11f8c92-af93-4d0d-bd42-36d1f7f78210,1862XN,15 A,Liander
3 011 240,d11f8c92-af93-4d0d-bd42-36d1f7f78210,1862XN,17,Liander
3 011 240,d11f8c92-af93-4d0d-bd42-36d1f7f78210,1862XN,19,Liander
3 011 240,d11f8c92-af93-4d0d-bd42-36d1f7f78210,1862XN,21,Liander
3 011 240,d11f8c92-af93-4d0d-bd42-36d1f7f78210,1862XN,23,Liander
3 011 240,d11f8c92-af93-4d0d-bd42-36d1f7f78210,1862XN,25,Liander
3 011 240,d11f8c92-af93-4d0d-bd42-36d1f7f78210,1862XN,27,Liander
3 011 240,d11f8c92-af93-4d0d-bd42-36d1f7f78210,1862XP,2,Liander
3 018 817,df135b44-9eeb-441e-b8db-ce5d6ddef77c,1794AJ,57,Liander
3 018 817,df135b44-9eeb-441e-b8db-ce5d6ddef77c,1794AL,28,Liander
3 018 817,df135b44-9eeb-441e-b8db-ce5d6ddef77c,1794AL,30,Liander
3 018 817,df135b44-9eeb-441e-b8db-ce5d6ddef77c,1794AL,34,Liander
3 018 817,df135b44-9eeb-441e-b8db-ce5d6ddef77c,1794AL,36,Liander
3 018 817,df135b44-9eeb-441e-b8db-ce5d6ddef77c,1794AL,38,Liander
3 018 817,df135b44-9eeb-441e-b8db-ce5d6ddef77c,1794AL,38 A,Liander
3 018 817,df135b44-9eeb-441e-b8db-ce5d6ddef77c,1794AL,40,Liander
3 018 817,df135b44-9eeb-441e-b8db-ce5d6ddef77c,1794AL,42,Liander
3 018 817,df135b44-9eeb-441e-b8db-ce5d6ddef77c,1794AL,44,Liander
3 018 817,df135b44-9eeb-441e-b8db-ce5d6ddef77c,1794AL,46,Liander
3 018 817,df135b44-9eeb-441e-b8db-ce5d6ddef77c,1794AL,48,Liander
3 018 817,df135b44-9eeb-441e-b8db-ce5d6ddef77c,1794AL,50,Liander
3 018 817,df135b44-9eeb-441e-b8db-ce5d6ddef77c,1794AM,19,Liander
3 018 817,df135b44-9eeb-441e-b8db-ce5d6ddef77c,1794BB,1,Liander
3 018 817,df135b44-9eeb-441e-b8db-ce5d6ddef77c,1794BB,1 A,Liander
3 018 817,df135b44-9eeb-441e-b8db-ce5d6ddef77c,1794BB,1 B,Liander
3 018 817,df135b44-9eeb-441e-b8db-ce5d6ddef77c,1794BB,3,Liander
3 018 817,df135b44-9eeb-441e-b8db-ce5d6ddef77c,1794BB,5,Liander
3 018 817,df135b44-9eeb-441e-b8db-ce5d6ddef77c,1794BB,7,Liander
3 018 817,df135b44-9eeb-441e-b8db-ce5d6ddef77c,1794BB,9,Liander
3 018 817,df135b44-9eeb-441e-b8db-ce5d6ddef77c,1794BB,11,Liander
3 018 817,df135b44-9eeb-441e-b8db-ce5d6ddef77c,1794BB,13,Liander
3 018 817,df135b44-9eeb-441e-b8db-ce5d6ddef77c,1794BB,15,Liander
3 018 817,df135b44-9eeb-441e-b8db-ce5d6ddef77c,1794BB,17,Liander
3 018 817,df135b44-9eeb-441e-b8db-ce5d6ddef77c,1794BB,19,Liander
3 018 817,df135b44-9eeb-441e-b8db-ce5d6ddef77c,1794BB,21,Liander
3 018 817,df135b44-9eeb-441e-b8db-ce5d6ddef77c,1794BB,23,Liander
3 018 817,df135b44-9eeb-441e-b8db-ce5d6ddef77c,1794BB,25,Liander
3 018 817,df135b44-9eeb-441e-b8db-ce5d6ddef77c,1794BB,27,Liander
3 018 817,df135b44-9eeb-441e-b8db-ce5d6ddef77c,1794BB,29,Liander
3 018 817,df135b44-9eeb-441e-b8db-ce5d6ddef77c,1794BB,31,Liander
3 018 817,df135b44-9eeb-441e-b8db-ce5d6ddef77c,1794BC,2,Liander
3 018 817,df135b44-9eeb-441e-b8db-ce5d6ddef77c,1794BC,4,Liander
3 018 817,df135b44-9eeb-441e-b8db-ce5d6ddef77c,1794BC,6,Liander
3 018 817,df135b44-9eeb-441e-b8db-ce5d6ddef77c,1794BC,8,Liander
3 018 817,df135b44-9eeb-441e-b8db-ce5d6ddef77c,1794BC,10,Liander
3 018 817,df135b44-9eeb-441e-b8db-ce5d6ddef77c,1794BC,10 A,Liander
3 018 817,df135b44-9eeb-441e-b8db-ce5d6ddef77c,1794BC,12,Liander
3 018 817,df135b44-9eeb-441e-b8db-ce5d6ddef77c,1794BC,12 A,Liander
3 018 817,df135b44-9eeb-441e-b8db-ce5d6ddef77c,1794BC,14,Liander
3 018 817,df135b44-9eeb-441e-b8db-ce5d6ddef77c,1794BC,16,Liander
3 018 817,df135b44-9eeb-441e-b8db-ce5d6ddef77c,1794BC,18,Liander
3 018 817,df135b44-9eeb-441e-b8db-ce5d6ddef77c,1794BD,3,Liander
3 018 817,df135b44-9eeb-441e-b8db-ce5d6ddef77c,1794BD,5,Liander
3 018 817,df135b44-9eeb-441e-b8db-ce5d6ddef77c,1794BD,7,Liander
3 018 817,df135b44-9eeb-441e-b8db-ce5d6ddef77c,1794BD,9,Liander
3 018 817,df135b44-9eeb-441e-b8db-ce5d6ddef77c,1794BD,11,Liander
3 018 817,df135b44-9eeb-441e-b8db-ce5d6ddef77c,1794BD,13,Liander
3 018 817,df135b44-9eeb-441e-b8db-ce5d6ddef77c,1794BD,15,Liander
3 018 817,df135b44-9eeb-441e-b8db-ce5d6ddef77c,1794BD,17,Liander
3 018 817,df135b44-9eeb-441e-b8db-ce5d6ddef77c,1794BD,19,Liander
3 018 817,df135b44-9eeb-441e-b8db-ce5d6ddef77c,1794BD,21,Liander
3 018 817,df135b44-9eeb-441e-b8db-ce5d6ddef77c,1794BD,23,Liander
3 018 817,df135b44-9eeb-441e-b8db-ce5d6ddef77c,1794BD,25,Liander
3 018 817,df135b44-9eeb-441e-b8db-ce5d6ddef77c,1794BD,27,Liander
3 018 817,df135b44-9eeb-441e-b8db-ce5d6ddef77c,1794BD,29,Liander
3 018 817,df135b44-9eeb-441e-b8db-ce5d6ddef77c,1794BE,2,Liander
3 018 817,df135b44-9eeb-441e-b8db-ce5d6ddef77c,1794BE,4,Liander
3 018 817,df135b44-9eeb-441e-b8db-ce5d6ddef77c,1794BE,6,Liander
3 018 817,df135b44-9eeb-441e-b8db-ce5d6ddef77c,1794BE,8,Liander
3 018 817,df135b44-9eeb-441e-b8db-ce5d6ddef77c,1794BE,10,Liander
3 018 817,df135b44-9eeb-441e-b8db-ce5d6ddef77c,1794BE,12,Liander
3 018 817,df135b44-9eeb-441e-b8db-ce5d6ddef77c,1794BE,14,Liander
3 018 817,df135b44-9eeb-441e-b8db-ce5d6ddef77c,1794BE,16,Liander
3 018 817,df135b44-9eeb-441e-b8db-ce5d6ddef77c,1794BE,18,Liander
3 018 817,df135b44-9eeb-441e-b8db-ce5d6ddef77c,1794BE,20,Liander
3 018 817,df135b44-9eeb-441e-b8db-ce5d6ddef77c,1794BE,22,Liander
3 018 817,df135b44-9eeb-441e-b8db-ce5d6ddef77c,1794BE,24,Liander
3 018 817,df135b44-9eeb-441e-b8db-ce5d6ddef77c,1794BE,26,Liander
3 018 817,df135b44-9eeb-441e-b8db-ce5d6ddef77c,1794BG,2,Liander
3 018 817,df135b44-9eeb-441e-b8db-ce5d6ddef77c,1794BH,1,Liander
3 018 817,df135b44-9eeb-441e-b8db-ce5d6ddef77c,1794BH,3,Liander
3 018 817,df135b44-9eeb-441e-b8db-ce5d6ddef77c,1794BH,5,Liander
3 018 817,df135b44-9eeb-441e-b8db-ce5d6ddef77c,1794BH,7,Liander
3 018 817,df135b44-9eeb-441e-b8db-ce5d6ddef77c,1794BH,9,Liander
3 018 817,df135b44-9eeb-441e-b8db-ce5d6ddef77c,1794BH,11,Liander
3 018 817,df135b44-9eeb-441e-b8db-ce5d6ddef77c,1794BH,13,Liander
3 018 817,df135b44-9eeb-441e-b8db-ce5d6ddef77c,1794BH,15,Liander
3 018 817,df135b44-9eeb-441e-b8db-ce5d6ddef77c,1794BH,17,Liander
3 018 817,df135b44-9eeb-441e-b8db-ce5d6ddef77c,1794BH,19,Liander
3 018 817,df135b44-9eeb-441e-b8db-ce5d6ddef77c,1794BH,21,Liander
3 018 817,df135b44-9eeb-441e-b8db-ce5d6ddef77c,1794BH,23,Liander
3 018 817,df135b44-9eeb-441e-b8db-ce5d6ddef77c,1794BH,25,Liander
3 018 817,df135b44-9eeb-441e-b8db-ce5d6ddef77c,1794BH,27,Liander
3 018 817,df135b44-9eeb-441e-b8db-ce5d6ddef77c,1794BH,29,Liander
3 018 817,df135b44-9eeb-441e-b8db-ce5d6ddef77c,1794BH,31,Liander
3 018 817,df135b44-9eeb-441e-b8db-ce5d6ddef77c,1794BH,33,Liander
3 018 817,df135b44-9eeb-441e-b8db-ce5d6ddef77c,1794BH,35,Liander
3 018 817,df135b44-9eeb-441e-b8db-ce5d6ddef77c,1794BH,37,Liander
3 018 817,df135b44-9eeb-441e-b8db-ce5d6ddef77c,1794BJ,2,Liander
3 018 817,df135b44-9eeb-441e-b8db-ce5d6ddef77c,1794BJ,4,Liander
3 018 817,df135b44-9eeb-441e-b8db-ce5d6ddef77c,1794BJ,6,Liander
3 018 817,df135b44-9eeb-441e-b8db-ce5d6ddef77c,1794BJ,8,Liander
3 018 817,df135b44-9eeb-441e-b8db-ce5d6ddef77c,1794BJ,10,Liander
3 018 817,df135b44-9eeb-441e-b8db-ce5d6ddef77c,1794BJ,12,Liander
3 018 817,df135b44-9eeb-441e-b8db-ce5d6ddef77c,1794BJ,12 A,Liander
3 018 817,df135b44-9eeb-441e-b8db-ce5d6ddef77c,1794BJ,14,Liander
3 018 817,df135b44-9eeb-441e-b8db-ce5d6ddef77c,1794BJ,16,Liander
3 018 817,df135b44-9eeb-441e-b8db-ce5d6ddef77c,1794BJ,18,Liander
3 018 817,df135b44-9eeb-441e-b8db-ce5d6ddef77c,1794BJ,20,Liander
3 018 817,df135b44-9eeb-441e-b8db-ce5d6ddef77c,1794BJ,22,Liander
3 018 817,df135b44-9eeb-441e-b8db-ce5d6ddef77c,1794BJ,24,Liander
3 018 817,df135b44-9eeb-441e-b8db-ce5d6ddef77c,1794BJ,26,Liander
3 018 817,df135b44-9eeb-441e-b8db-ce5d6ddef77c,1794BJ,28,Liander
3 018 817,df135b44-9eeb-441e-b8db-ce5d6ddef77c,1794BJ,30,Liander
3 018 817,df135b44-9eeb-441e-b8db-ce5d6ddef77c,1794BJ,32,Liander
3 018 817,df135b44-9eeb-441e-b8db-ce5d6ddef77c,1794BJ,34,Liander
3 018 817,df135b44-9eeb-441e-b8db-ce5d6ddef77c,1794BJ,36,Liander
3 018 817,df135b44-9eeb-441e-b8db-ce5d6ddef77c,1794BK,1,Liander
3 018 817,df135b44-9eeb-441e-b8db-ce5d6ddef77c,1794BK,2,Liander
3 018 817,df135b44-9eeb-441e-b8db-ce5d6ddef77c,1794BK,3,Liander
3 018 817,df135b44-9eeb-441e-b8db-ce5d6ddef77c,1794BK,4,Liander
3 018 817,df135b44-9eeb-441e-b8db-ce5d6ddef77c,1794BK,5,Liander
3 018 817,df135b44-9eeb-441e-b8db-ce5d6ddef77c,1794BK,7,Liander
3 018 817,df135b44-9eeb-441e-b8db-ce5d6ddef77c,1794BL,3 A,Liander
3 018 817,df135b44-9eeb-441e-b8db-ce5d6ddef77c,1794BL,9,Liander
3 018 817,df135b44-9eeb-441e-b8db-ce5d6ddef77c,1794BL,11,Liander
3 018 817,df135b44-9eeb-441e-b8db-ce5d6ddef77c,1794BL,17,Liander
3 018 817,df135b44-9eeb-441e-b8db-ce5d6ddef77c,1794BL,19,Liander
3 018 817,df135b44-9eeb-441e-b8db-ce5d6ddef77c,1794BL,23,Liander
3 018 817,df135b44-9eeb-441e-b8db-ce5d6ddef77c,1794BL,25,Liander
3 018 817,df135b44-9eeb-441e-b8db-ce5d6ddef77c,1794BL,27,Liander
3 018 817,df135b44-9eeb-441e-b8db-ce5d6ddef77c,1794BL,29,Liander
3 018 817,df135b44-9eeb-441e-b8db-ce5d6ddef77c,1794BM,2,Liander
3 018 817,df135b44-9eeb-441e-b8db-ce5d6ddef77c,1794BM,4,Liander
3 018 817,df135b44-9eeb-441e-b8db-ce5d6ddef77c,1794BM,6,Liander
3 018 817,df135b44-9eeb-441e-b8db-ce5d6ddef77c,1794BM,10,Liander
3 018 817,df135b44-9eeb-441e-b8db-ce5d6ddef77c,1794BM,12,Liander
3 018 817,df135b44-9eeb-441e-b8db-ce5d6ddef77c,1794BM,14,Liander
3 018 817,df135b44-9eeb-441e-b8db-ce5d6ddef77c,1794BM,16,Liander
3 018 817,df135b44-9eeb-441e-b8db-ce5d6ddef77c,1794BM,18,Liander
3 018 817,df135b44-9eeb-441e-b8db-ce5d6ddef77c,1794BM,20,Liander
3 018 817,df135b44-9eeb-441e-b8db-ce5d6ddef77c,1794BM,20 A,Liander
3 018 817,df135b44-9eeb-441e-b8db-ce5d6ddef77c,1794BM,20 C,Liander
3 018 817,df135b44-9eeb-441e-b8db-ce5d6ddef77c,1794BM,22,Liander
3 018 817,df135b44-9eeb-441e-b8db-ce5d6ddef77c,1794BM,24,Liander
3 018 817,df135b44-9eeb-441e-b8db-ce5d6ddef77c,1794BM,26,Liander
3 018 817,df135b44-9eeb-441e-b8db-ce5d6ddef77c,1794BM,28,Liander
3 018 817,df135b44-9eeb-441e-b8db-ce5d6ddef77c,1794GG,3,Liander
3 018 817,df135b44-9eeb-441e-b8db-ce5d6ddef77c,1794GG,6,Liander
3 018 817,df135b44-9eeb-441e-b8db-ce5d6ddef77c,1794GG,7,Liander
3 018 817,df135b44-9eeb-441e-b8db-ce5d6ddef77c,1794GG,8,Liander
3 018 817,df135b44-9eeb-441e-b8db-ce5d6ddef77c,1794GG,9,Liander
3 018 817,df135b44-9eeb-441e-b8db-ce5d6ddef77c,1794GG,9 B,Liander
3 018 817,df135b44-9eeb-441e-b8db-ce5d6ddef77c,1794GJ,1,Liander
3 018 817,df135b44-9eeb-441e-b8db-ce5d6ddef77c,1794GJ,3,Liander
3 018 817,df135b44-9eeb-441e-b8db-ce5d6ddef77c,1794GJ,5,Liander
3 018 817,df135b44-9eeb-441e-b8db-ce5d6ddef77c,1794GJ,9,Liander
3 018 817,df135b44-9eeb-441e-b8db-ce5d6ddef77c,1794GJ,11,Liander
3 018 817,df135b44-9eeb-441e-b8db-ce5d6ddef77c,1794GJ,39,Liander
3 018 817,df135b44-9eeb-441e-b8db-ce5d6ddef77c,1794GJ,41,Liander
3 018 817,df135b44-9eeb-441e-b8db-ce5d6ddef77c,1794GK,5,Liander
3 018 817,df135b44-9eeb-441e-b8db-ce5d6ddef77c,1794GK,7,Liander
3 018 817,df135b44-9eeb-441e-b8db-ce5d6ddef77c,1794GK,11,Liander
3 018 817,df135b44-9eeb-441e-b8db-ce5d6ddef77c,1794GL,4,Liander
3 018 817,df135b44-9eeb-441e-b8db-ce5d6ddef77c,1794GL,4 A,Liander
3 018 817,df135b44-9eeb-441e-b8db-ce5d6ddef77c,1794GL,10,Liander
3 024 090,e54a68b0-d348-46d5-8b1e-a57f8261bcf4,1102AC,340,Liander
3 024 090,e54a68b0-d348-46d5-8b1e-a57f8261bcf4,1102AC,348,Liander
3 024 090,e54a68b0-d348-46d5-8b1e-a57f8261bcf4,1102AC,554 A,Liander
3 024 090,e54a68b0-d348-46d5-8b1e-a57f8261bcf4,1102AD,1,Liander
3 024 090,e54a68b0-d348-46d5-8b1e-a57f8261bcf4,1102AD,2,Liander
3 024 090,e54a68b0-d348-46d5-8b1e-a57f8261bcf4,1102AD,3,Liander
3 024 090,e54a68b0-d348-46d5-8b1e-a57f8261bcf4,1102AD,4,Liander
3 024 090,e54a68b0-d348-46d5-8b1e-a57f8261bcf4,1102AD,5,Liander
3 024 090,e54a68b0-d348-46d5-8b1e-a57f8261bcf4,1102AD,6,Liander
3 024 090,e54a68b0-d348-46d5-8b1e-a57f8261bcf4,1102AD,7,Liander
3 024 090,e54a68b0-d348-46d5-8b1e-a57f8261bcf4,1102AD,8,Liander
3 024 090,e54a68b0-d348-46d5-8b1e-a57f8261bcf4,1102AD,9,Liander
3 024 090,e54a68b0-d348-46d5-8b1e-a57f8261bcf4,1102AD,10,Liander
3 024 090,e54a68b0-d348-46d5-8b1e-a57f8261bcf4,1102AD,11,Liander
3 024 090,e54a68b0-d348-46d5-8b1e-a57f8261bcf4,1102AD,12,Liander
3 024 090,e54a68b0-d348-46d5-8b1e-a57f8261bcf4,1102AD,13,Liander
3 024 090,e54a68b0-d348-46d5-8b1e-a57f8261bcf4,1102AD,14,Liander
3 024 090,e54a68b0-d348-46d5-8b1e-a57f8261bcf4,1102AD,15,Liander
3 024 090,e54a68b0-d348-46d5-8b1e-a57f8261bcf4,1102AD,17,Liander
3 024 090,e54a68b0-d348-46d5-8b1e-a57f8261bcf4,1102AD,19,Liander
3 024 090,e54a68b0-d348-46d5-8b1e-a57f8261bcf4,1102AD,21,Liander
3 024 090,e54a68b0-d348-46d5-8b1e-a57f8261bcf4,1102AD,23,Liander
3 024 090,e54a68b0-d348-46d5-8b1e-a57f8261bcf4,1102AD,25,Liander
3 024 090,e54a68b0-d348-46d5-8b1e-a57f8261bcf4,1102AD,27,Liander
3 024 090,e54a68b0-d348-46d5-8b1e-a57f8261bcf4,1102AD,29,Liander
3 024 090,e54a68b0-d348-46d5-8b1e-a57f8261bcf4,1102AD,31,Liander
3 024 090,e54a68b0-d348-46d5-8b1e-a57f8261bcf4,1102AD,32,Liander
3 024 090,e54a68b0-d348-46d5-8b1e-a57f8261bcf4,1102AD,33,Liander
3 024 090,e54a68b0-d348-46d5-8b1e-a57f8261bcf4,1102AD,35,Liander
3 024 090,e54a68b0-d348-46d5-8b1e-a57f8261bcf4,1102AD,37,Liander
3 024 090,e54a68b0-d348-46d5-8b1e-a57f8261bcf4,1102AD,39,Liander
3 024 090,e54a68b0-d348-46d5-8b1e-a57f8261bcf4,1102AD,41,Liander
3 024 090,e54a68b0-d348-46d5-8b1e-a57f8261bcf4,1102AD,43,Liander
3 024 090,e54a68b0-d348-46d5-8b1e-a57f8261bcf4,1102AD,45,Liander
3 024 090,e54a68b0-d348-46d5-8b1e-a57f8261bcf4,1102AD,47,Liander
3 024 090,e54a68b0-d348-46d5-8b1e-a57f8261bcf4,1102AH,2,Liander
3 024 090,e54a68b0-d348-46d5-8b1e-a57f8261bcf4,1102AH,3,Liander
3 024 090,e54a68b0-d348-46d5-8b1e-a57f8261bcf4,1102AH,4,Liander
3 024 090,e54a68b0-d348-46d5-8b1e-a57f8261bcf4,1102AH,5,Liander
3 024 090,e54a68b0-d348-46d5-8b1e-a57f8261bcf4,1102AH,6,Liander
3 024 090,e54a68b0-d348-46d5-8b1e-a57f8261bcf4,1102AH,7,Liander
3 024 090,e54a68b0-d348-46d5-8b1e-a57f8261bcf4,1102AH,8,Liander
3 024 090,e54a68b0-d348-46d5-8b1e-a57f8261bcf4,1102AH,9,Liander
3 024 090,e54a68b0-d348-46d5-8b1e-a57f8261bcf4,1102AH,10,Liander
3 024 090,e54a68b0-d348-46d5-8b1e-a57f8261bcf4,1102AH,11,Liander
3 024 090,e54a68b0-d348-46d5-8b1e-a57f8261bcf4,1102AH,12,Liander
3 024 090,e54a68b0-d348-46d5-8b1e-a57f8261bcf4,1102AT,2,Liander
3 024 090,e54a68b0-d348-46d5-8b1e-a57f8261bcf4,1102AT,4,Liander
3 024 090,e54a68b0-d348-46d5-8b1e-a57f8261bcf4,1102AT,6,Liander
3 024 090,e54a68b0-d348-46d5-8b1e-a57f8261bcf4,1102AT,8,Liander
3 024 090,e54a68b0-d348-46d5-8b1e-a57f8261bcf4,1102AT,10,Liander
3 024 090,e54a68b0-d348-46d5-8b1e-a57f8261bcf4,1102AT,12,Liander
3 024 090,e54a68b0-d348-46d5-8b1e-a57f8261bcf4,1102AV,1,Liander
3 024 090,e54a68b0-d348-46d5-8b1e-a57f8261bcf4,1102AV,2,Liander
3 024 090,e54a68b0-d348-46d5-8b1e-a57f8261bcf4,1102AV,3,Liander
3 024 090,e54a68b0-d348-46d5-8b1e-a57f8261bcf4,1102AV,4,Liander
3 024 090,e54a68b0-d348-46d5-8b1e-a57f8261bcf4,1102AV,5,Liander
3 024 090,e54a68b0-d348-46d5-8b1e-a57f8261bcf4,1102AV,6,Liander
3 024 090,e54a68b0-d348-46d5-8b1e-a57f8261bcf4,1102AV,7,Liander
3 024 090,e54a68b0-d348-46d5-8b1e-a57f8261bcf4,1102AV,8,Liander
3 024 090,e54a68b0-d348-46d5-8b1e-a57f8261bcf4,1102AV,9,Liander
3 024 090,e54a68b0-d348-46d5-8b1e-a57f8261bcf4,1102AV,101,Liander
3 024 090,e54a68b0-d348-46d5-8b1e-a57f8261bcf4,1102AV,102,Liander
3 024 090,e54a68b0-d348-46d5-8b1e-a57f8261bcf4,1102AV,103,Liander
3 024 090,e54a68b0-d348-46d5-8b1e-a57f8261bcf4,1102AV,104,Liander
3 024 090,e54a68b0-d348-46d5-8b1e-a57f8261bcf4,1102AV,105,Liander
3 024 090,e54a68b0-d348-46d5-8b1e-a57f8261bcf4,1102AV,201 A,Liander
3 024 090,e54a68b0-d348-46d5-8b1e-a57f8261bcf4,1102AV,202,Liander
3 024 090,e54a68b0-d348-46d5-8b1e-a57f8261bcf4,1102AV,203,Liander
3 024 090,e54a68b0-d348-46d5-8b1e-a57f8261bcf4,1102AV,204,Liander
3 024 090,e54a68b0-d348-46d5-8b1e-a57f8261bcf4,1102AV,205,Liander
3 024 090,e54a68b0-d348-46d5-8b1e-a57f8261bcf4,1102AV,302,Liander
3 024 090,e54a68b0-d348-46d5-8b1e-a57f8261bcf4,1102AV,303,Liander
3 024 090,e54a68b0-d348-46d5-8b1e-a57f8261bcf4,1102AV,304,Liander
3 024 090,e54a68b0-d348-46d5-8b1e-a57f8261bcf4,1102AV,305,Liander
3 024 090,e54a68b0-d348-46d5-8b1e-a57f8261bcf4,1102AV,401,Liander
3 024 090,e54a68b0-d348-46d5-8b1e-a57f8261bcf4,1102AV,402,Liander
3 024 090,e54a68b0-d348-46d5-8b1e-a57f8261bcf4,1102AV,403,Liander
3 024 090,e54a68b0-d348-46d5-8b1e-a57f8261bcf4,1102AV,404,Liander
3 024 090,e54a68b0-d348-46d5-8b1e-a57f8261bcf4,1102AV,405,Liander
3 024 090,e54a68b0-d348-46d5-8b1e-a57f8261bcf4,1102AV,502,Liander
3 024 090,e54a68b0-d348-46d5-8b1e-a57f8261bcf4,1102AV,503,Liander
3 024 090,e54a68b0-d348-46d5-8b1e-a57f8261bcf4,1102AV,504,Liander
3 024 090,e54a68b0-d348-46d5-8b1e-a57f8261bcf4,1102AV,505,Liander
3 024 090,e54a68b0-d348-46d5-8b1e-a57f8261bcf4,1102AV,601,Liander
3 024 090,e54a68b0-d348-46d5-8b1e-a57f8261bcf4,1102AV,602,Liander
3 024 090,e54a68b0-d348-46d5-8b1e-a57f8261bcf4,1102AV,603,Liander
3 024 090,e54a68b0-d348-46d5-8b1e-a57f8261bcf4,1102AV,604,Liander
3 024 090,e54a68b0-d348-46d5-8b1e-a57f8261bcf4,1102AV,605,Liander
3 024 090,e54a68b0-d348-46d5-8b1e-a57f8261bcf4,1102AV,702,Liander
3 024 090,e54a68b0-d348-46d5-8b1e-a57f8261bcf4,1102AV,703,Liander
3 024 090,e54a68b0-d348-46d5-8b1e-a57f8261bcf4,1102AV,704,Liander
3 024 090,e54a68b0-d348-46d5-8b1e-a57f8261bcf4,1102AV,705,Liander
3 024 090,e54a68b0-d348-46d5-8b1e-a57f8261bcf4,1102AV,802,Liander
3 024 090,e54a68b0-d348-46d5-8b1e-a57f8261bcf4,1102AV,803,Liander
3 024 090,e54a68b0-d348-46d5-8b1e-a57f8261bcf4,1102AV,804,Liander
3 024 090,e54a68b0-d348-46d5-8b1e-a57f8261bcf4,1102AV,805,Liander
3 024 090,e54a68b0-d348-46d5-8b1e-a57f8261bcf4,1102AV,902,Liander
3 024 090,e54a68b0-d348-46d5-8b1e-a57f8261bcf4,1102AV,903,Liander
3 024 090,e54a68b0-d348-46d5-8b1e-a57f8261bcf4,1102AV,904,Liander
3 024 090,e54a68b0-d348-46d5-8b1e-a57f8261bcf4,1102AV,905,Liander
3 024 090,e54a68b0-d348-46d5-8b1e-a57f8261bcf4,1102AW,4,Liander
3 024 090,e54a68b0-d348-46d5-8b1e-a57f8261bcf4,1102AW,6,Liander
3 024 090,e54a68b0-d348-46d5-8b1e-a57f8261bcf4,1102AW,8,Liander
3 024 090,e54a68b0-d348-46d5-8b1e-a57f8261bcf4,1102AW,10,Liander
3 024 090,e54a68b0-d348-46d5-8b1e-a57f8261bcf4,1102AW,14,Liander
3 024 090,e54a68b0-d348-46d5-8b1e-a57f8261bcf4,1102AW,15,Liander
3 024 090,e54a68b0-d348-46d5-8b1e-a57f8261bcf4,1102AW,16 A,Liander
3 024 090,e54a68b0-d348-46d5-8b1e-a57f8261bcf4,1102AW,17,Liander
3 024 090,e54a68b0-d348-46d5-8b1e-a57f8261bcf4,1102AW,19,Liander
3 024 090,e54a68b0-d348-46d5-8b1e-a57f8261bcf4,1102AW,21,Liander
3 024 090,e54a68b0-d348-46d5-8b1e-a57f8261bcf4,1102AW,23,Liander
3 024 090,e54a68b0-d348-46d5-8b1e-a57f8261bcf4,1102AW,25,Liander
3 024 090,e54a68b0-d348-46d5-8b1e-a57f8261bcf4,1102AW,27,Liander
3 024 090,e54a68b0-d348-46d5-8b1e-a57f8261bcf4,1102AX,7,Liander
3 024 090,e54a68b0-d348-46d5-8b1e-a57f8261bcf4,1102AX,9,Liander
3 024 090,e54a68b0-d348-46d5-8b1e-a57f8261bcf4,1102AX,11,Liander
3 024 090,e54a68b0-d348-46d5-8b1e-a57f8261bcf4,1102AX,13,Liander
3 024 090,e54a68b0-d348-46d5-8b1e-a57f8261bcf4,1102AX,15,Liander
3 024 090,e54a68b0-d348-46d5-8b1e-a57f8261bcf4,1102AX,17,Liander
3 024 090,e54a68b0-d348-46d5-8b1e-a57f8261bcf4,1102AX,19,Liander
3 024 090,e54a68b0-d348-46d5-8b1e-a57f8261bcf4,1102AX,21,Liander
3 024 090,e54a68b0-d348-46d5-8b1e-a57f8261bcf4,1102AX,23,Liander
3 024 090,e54a68b0-d348-46d5-8b1e-a57f8261bcf4,1102AX,24,Liander
3 024 090,e54a68b0-d348-46d5-8b1e-a57f8261bcf4,1102AX,25,Liander
3 024 090,e54a68b0-d348-46d5-8b1e-a57f8261bcf4,1102AX,26,Liander
3 024 090,e54a68b0-d348-46d5-8b1e-a57f8261bcf4,1102AX,27,Liander
3 024 090,e54a68b0-d348-46d5-8b1e-a57f8261bcf4,1102AX,28,Liander
3 024 090,e54a68b0-d348-46d5-8b1e-a57f8261bcf4,1102AX,29,Liander
3 024 090,e54a68b0-d348-46d5-8b1e-a57f8261bcf4,1102AX,30,Liander
3 024 090,e54a68b0-d348-46d5-8b1e-a57f8261bcf4,1102AX,31,Liander
3 024 090,e54a68b0-d348-46d5-8b1e-a57f8261bcf4,1102AX,32,Liander
3 024 090,e54a68b0-d348-46d5-8b1e-a57f8261bcf4,1102AX,33,Liander
3 024 090,e54a68b0-d348-46d5-8b1e-a57f8261bcf4,1102AX,34,Liander
3 024 090,e54a68b0-d348-46d5-8b1e-a57f8261bcf4,1102AX,35,Liander
3 024 090,e54a68b0-d348-46d5-8b1e-a57f8261bcf4,1102AX,36,Liander
3 024 090,e54a68b0-d348-46d5-8b1e-a57f8261bcf4,1102AX,37,Liander
3 024 090,e54a68b0-d348-46d5-8b1e-a57f8261bcf4,1102AX,38,Liander
3 024 090,e54a68b0-d348-46d5-8b1e-a57f8261bcf4,1102AX,39,Liander
3 024 090,e54a68b0-d348-46d5-8b1e-a57f8261bcf4,1102AX,40,Liander
3 024 090,e54a68b0-d348-46d5-8b1e-a57f8261bcf4,1102AX,41,Liander
3 024 090,e54a68b0-d348-46d5-8b1e-a57f8261bcf4,1102AX,42,Liander
3 024 090,e54a68b0-d348-46d5-8b1e-a57f8261bcf4,1102AX,43,Liander
3 024 090,e54a68b0-d348-46d5-8b1e-a57f8261bcf4,1102AX,44,Liander
3 024 090,e54a68b0-d348-46d5-8b1e-a57f8261bcf4,1102AX,45,Liander
3 024 090,e54a68b0-d348-46d5-8b1e-a57f8261bcf4,1102AX,46,Liander
3 024 090,e54a68b0-d348-46d5-8b1e-a57f8261bcf4,1102AX,47,Liander
3 024 090,e54a68b0-d348-46d5-8b1e-a57f8261bcf4,1102AX,48,Liander
3 024 090,e54a68b0-d348-46d5-8b1e-a57f8261bcf4,1102AX,49,Liander
3 024 090,e54a68b0-d348-46d5-8b1e-a57f8261bcf4,1102AX,50,Liander
3 024 090,e54a68b0-d348-46d5-8b1e-a57f8261bcf4,1102AX,51 A,Liander
3 024 090,e54a68b0-d348-46d5-8b1e-a57f8261bcf4,1102AX,51 B,Liander
3 024 090,e54a68b0-d348-46d5-8b1e-a57f8261bcf4,1102AX,51 C,Liander
3 024 090,e54a68b0-d348-46d5-8b1e-a57f8261bcf4,1102AX,52,Liander
3 024 090,e54a68b0-d348-46d5-8b1e-a57f8261bcf4,1102AX,53,Liander
3 024 090,e54a68b0-d348-46d5-8b1e-a57f8261bcf4,1102AX,54,Liander
3 024 090,e54a68b0-d348-46d5-8b1e-a57f8261bcf4,1102AX,55,Liander
3 024 090,e54a68b0-d348-46d5-8b1e-a57f8261bcf4,1102AX,56,Liander
3 024 090,e54a68b0-d348-46d5-8b1e-a57f8261bcf4,1102AX,57,Liander
3 024 090,e54a68b0-d348-46d5-8b1e-a57f8261bcf4,1102AX,58 D,Liander
3 024 090,e54a68b0-d348-46d5-8b1e-a57f8261bcf4,1102AX,59,Liander
3 024 090,e54a68b0-d348-46d5-8b1e-a57f8261bcf4,1102AX,60,Liander
3 024 090,e54a68b0-d348-46d5-8b1e-a57f8261bcf4,1102AX,61,Liander
3 024 090,e54a68b0-d348-46d5-8b1e-a57f8261bcf4,1102AX,62,Liander
3 024 090,e54a68b0-d348-46d5-8b1e-a57f8261bcf4,1102AX,63,Liander
3 024 090,e54a68b0-d348-46d5-8b1e-a57f8261bcf4,1102AX,64,Liander
3 024 090,e54a68b0-d348-46d5-8b1e-a57f8261bcf4,1102AX,65,Liander
3 024 090,e54a68b0-d348-46d5-8b1e-a57f8261bcf4,1102AX,66 B,Liander
3 024 090,e54a68b0-d348-46d5-8b1e-a57f8261bcf4,1102AX,67,Liander
3 024 090,e54a68b0-d348-46d5-8b1e-a57f8261bcf4,1102AX,68,Liander
3 024 090,e54a68b0-d348-46d5-8b1e-a57f8261bcf4,1102AX,70,Liander
3 024 090,e54a68b0-d348-46d5-8b1e-a57f8261bcf4,1102AX,72 D,Liander
3 024 090,e54a68b0-d348-46d5-8b1e-a57f8261bcf4,1102AX,74 A,Liander
3 024 090,e54a68b0-d348-46d5-8b1e-a57f8261bcf4,1102AX,76 A,Liander
3 024 090,e54a68b0-d348-46d5-8b1e-a57f8261bcf4,1102AX,78,Liander
3 024 090,e54a68b0-d348-46d5-8b1e-a57f8261bcf4,1102AX,80,Liander
3 024 090,e54a68b0-d348-46d5-8b1e-a57f8261bcf4,1102AX,82,Liander
3 024 090,e54a68b0-d348-46d5-8b1e-a57f8261bcf4,1102AX,84,Liander
3 024 090,e54a68b0-d348-46d5-8b1e-a57f8261bcf4,1102AX,86,Liander
3 024 090,e54a68b0-d348-46d5-8b1e-a57f8261bcf4,1102AX,88,Liander
3 024 090,e54a68b0-d348-46d5-8b1e-a57f8261bcf4,1102AX,90,Liander
3 024 090,e54a68b0-d348-46d5-8b1e-a57f8261bcf4,1102AX,92,Liander
3 024 090,e54a68b0-d348-46d5-8b1e-a57f8261bcf4,1102AX,94,Liander
3 024 090,e54a68b0-d348-46d5-8b1e-a57f8261bcf4,1102AX,96,Liander
3 024 090,e54a68b0-d348-46d5-8b1e-a57f8261bcf4,1102AX,98,Liander
3 024 090,e54a68b0-d348-46d5-8b1e-a57f8261bcf4,1102AX,100,Liander
3 024 090,e54a68b0-d348-46d5-8b1e-a57f8261bcf4,1102AX,102,Liander
3 024 090,e54a68b0-d348-46d5-8b1e-a57f8261bcf4,1102AX,104,Liander
3 024 090,e54a68b0-d348-46d5-8b1e-a57f8261bcf4,1102AX,106,Liander
3 024 090,e54a68b0-d348-46d5-8b1e-a57f8261bcf4,1102AX,108,Liander
3 024 090,e54a68b0-d348-46d5-8b1e-a57f8261bcf4,1102AZ,15,Liander
3 024 090,e54a68b0-d348-46d5-8b1e-a57f8261bcf4,1102AZ,17,Liander
3 024 090,e54a68b0-d348-46d5-8b1e-a57f8261bcf4,1102AZ,19,Liander
3 024 090,e54a68b0-d348-46d5-8b1e-a57f8261bcf4,1102AZ,21,Liander
3 024 090,e54a68b0-d348-46d5-8b1e-a57f8261bcf4,1102AZ,23,Liander
3 024 090,e54a68b0-d348-46d5-8b1e-a57f8261bcf4,1102AZ,25,Liander
3 024 090,e54a68b0-d348-46d5-8b1e-a57f8261bcf4,1102AZ,27,Liander
3 024 090,e54a68b0-d348-46d5-8b1e-a57f8261bcf4,1102AZ,33,Liander
3 024 090,e54a68b0-d348-46d5-8b1e-a57f8261bcf4,1102AZ,35,Liander
3 024 090,e54a68b0-d348-46d5-8b1e-a57f8261bcf4,1102AZ,37,Liander
3 024 090,e54a68b0-d348-46d5-8b1e-a57f8261bcf4,1102AZ,39,Liander
3 024 090,e54a68b0-d348-46d5-8b1e-a57f8261bcf4,1102AZ,41,Liander
3 024 090,e54a68b0-d348-46d5-8b1e-a57f8261bcf4,1102AZ,43,Liander
3 024 090,e54a68b0-d348-46d5-8b1e-a57f8261bcf4,1102AZ,45,Liander
3 024 090,e54a68b0-d348-46d5-8b1e-a57f8261bcf4,1102AZ,47,Liander
3 024 090,e54a68b0-d348-46d5-8b1e-a57f8261bcf4,1102AZ,49,Liander
3 024 090,e54a68b0-d348-46d5-8b1e-a57f8261bcf4,1102AZ,51,Liander
3 024 862,af1ba189-281c-48c9-a7ea-76f04d4348cb,2042NN,9,Liander
3 024 862,af1ba189-281c-48c9-a7ea-76f04d4348cb,2042NN,11,Liander
3 024 862,af1ba189-281c-48c9-a7ea-76f04d4348cb,2042NN,13,Liander
3 024 862,af1ba189-281c-48c9-a7ea-76f04d4348cb,2042NN,15,Liander
3 024 862,af1ba189-281c-48c9-a7ea-76f04d4348cb,2042NN,17,Liander
3 024 862,af1ba189-281c-48c9-a7ea-76f04d4348cb,2042NN,19,Liander
3 024 862,af1ba189-281c-48c9-a7ea-76f04d4348cb,2042NN,21,Liander
3 024 862,af1ba189-281c-48c9-a7ea-76f04d4348cb,2042NN,23,Liander
3 024 862,af1ba189-281c-48c9-a7ea-76f04d4348cb,2042NN,25,Liander
3 024 862,af1ba189-281c-48c9-a7ea-76f04d4348cb,2042NN,29,Liander
3 024 862,af1ba189-281c-48c9-a7ea-76f04d4348cb,2042NN,31,Liander
3 024 862,af1ba189-281c-48c9-a7ea-76f04d4348cb,2042NN,33,Liander
3 024 862,af1ba189-281c-48c9-a7ea-76f04d4348cb,2042NN,35,Liander
3 024 862,af1ba189-281c-48c9-a7ea-76f04d4348cb,2042NN,37,Liander
3 024 862,af1ba189-281c-48c9-a7ea-76f04d4348cb,2042NP,22,Liander
3 024 862,af1ba189-281c-48c9-a7ea-76f04d4348cb,2042NP,24,Liander
3 024 862,af1ba189-281c-48c9-a7ea-76f04d4348cb,2042NP,26,Liander
3 024 862,af1ba189-281c-48c9-a7ea-76f04d4348cb,2042NP,28,Liander
3 024 862,af1ba189-281c-48c9-a7ea-76f04d4348cb,2042NP,30,Liander
3 024 862,af1ba189-281c-48c9-a7ea-76f04d4348cb,2042NP,32,Liander
3 024 862,af1ba189-281c-48c9-a7ea-76f04d4348cb,2042NP,34,Liander
3 024 862,af1ba189-281c-48c9-a7ea-76f04d4348cb,2042NP,36,Liander
3 024 862,af1ba189-281c-48c9-a7ea-76f04d4348cb,2042NP,38,Liander
3 024 862,af1ba189-281c-48c9-a7ea-76f04d4348cb,2042NR,40,Liander
3 024 862,af1ba189-281c-48c9-a7ea-76f04d4348cb,2042NR,42,Liander
3 024 862,af1ba189-281c-48c9-a7ea-76f04d4348cb,2042NR,44,Liander
3 024 862,af1ba189-281c-48c9-a7ea-76f04d4348cb,2042NR,46,Liander
3 024 862,af1ba189-281c-48c9-a7ea-76f04d4348cb,2042NR,48,Liander
3 024 862,af1ba189-281c-48c9-a7ea-76f04d4348cb,2042NR,50,Liander
3 024 862,af1ba189-281c-48c9-a7ea-76f04d4348cb,2042NR,52,Liander
3 024 862,af1ba189-281c-48c9-a7ea-76f04d4348cb,2042NR,54,Liander
3 024 862,af1ba189-281c-48c9-a7ea-76f04d4348cb,2042NR,56,Liander
3 024 862,af1ba189-281c-48c9-a7ea-76f04d4348cb,2042NR,58,Liander
3 024 862,af1ba189-281c-48c9-a7ea-76f04d4348cb,2042NR,60,Liander
3 024 862,af1ba189-281c-48c9-a7ea-76f04d4348cb,2042NR,62,Liander
3 024 862,af1ba189-281c-48c9-a7ea-76f04d4348cb,2042NR,64,Liander
3 024 862,af1ba189-281c-48c9-a7ea-76f04d4348cb,2042NR,66,Liander
3 024 862,af1ba189-281c-48c9-a7ea-76f04d4348cb,2042NT,23,Liander
3 024 862,af1ba189-281c-48c9-a7ea-76f04d4348cb,2042NT,25,Liander
3 024 862,af1ba189-281c-48c9-a7ea-76f04d4348cb,2042NT,27,Liander
3 024 862,af1ba189-281c-48c9-a7ea-76f04d4348cb,2042NT,29,Liander
3 024 862,af1ba189-281c-48c9-a7ea-76f04d4348cb,2042NT,31,Liander
3 024 862,af1ba189-281c-48c9-a7ea-76f04d4348cb,2042NT,33,Liander
3 024 862,af1ba189-281c-48c9-a7ea-76f04d4348cb,2042NT,35,Liander
3 024 862,af1ba189-281c-48c9-a7ea-76f04d4348cb,2042NT,37,Liander
3 024 862,af1ba189-281c-48c9-a7ea-76f04d4348cb,2042NT,39,Liander
3 024 862,af1ba189-281c-48c9-a7ea-76f04d4348cb,2042NV,26,Liander
3 024 862,af1ba189-281c-48c9-a7ea-76f04d4348cb,2042NV,28,Liander
3 024 862,af1ba189-281c-48c9-a7ea-76f04d4348cb,2042NV,30,Liander
3 024 862,af1ba189-281c-48c9-a7ea-76f04d4348cb,2042NV,32,Liander
3 024 862,af1ba189-281c-48c9-a7ea-76f04d4348cb,2042NV,34,Liander
3 024 862,af1ba189-281c-48c9-a7ea-76f04d4348cb,2042NV,36,Liander
3 024 862,af1ba189-281c-48c9-a7ea-76f04d4348cb,2042NV,38,Liander
3 024 862,af1ba189-281c-48c9-a7ea-76f04d4348cb,2042NV,40,Liander
3 024 862,af1ba189-281c-48c9-a7ea-76f04d4348cb,2042NW,1,Liander
3 024 862,af1ba189-281c-48c9-a7ea-76f04d4348cb,2042NW,1 A,Liander
3 024 862,af1ba189-281c-48c9-a7ea-76f04d4348cb,2042NW,2,Liander
3 024 862,af1ba189-281c-48c9-a7ea-76f04d4348cb,2042NW,3,Liander
3 024 862,af1ba189-281c-48c9-a7ea-76f04d4348cb,2042NW,4,Liander
3 024 862,af1ba189-281c-48c9-a7ea-76f04d4348cb,2042NW,5,Liander
3 024 862,af1ba189-281c-48c9-a7ea-76f04d4348cb,2042NW,6,Liander
3 024 862,af1ba189-281c-48c9-a7ea-76f04d4348cb,2042NW,7,Liander
3 024 862,af1ba189-281c-48c9-a7ea-76f04d4348cb,2042NW,8,Liander
3 024 862,af1ba189-281c-48c9-a7ea-76f04d4348cb,2042NW,9,Liander
3 024 862,af1ba189-281c-48c9-a7ea-76f04d4348cb,2042NW,10,Liander
3 024 862,af1ba189-281c-48c9-a7ea-76f04d4348cb,2042NW,11,Liander
3 024 862,af1ba189-281c-48c9-a7ea-76f04d4348cb,2042NW,13,Liander
3 024 862,af1ba189-281c-48c9-a7ea-76f04d4348cb,2042NW,15,Liander
3 024 862,af1ba189-281c-48c9-a7ea-76f04d4348cb,2042NW,17,Liander
3 024 862,af1ba189-281c-48c9-a7ea-76f04d4348cb,2042NW,19,Liander
3 024 862,af1ba189-281c-48c9-a7ea-76f04d4348cb,2042NX,1,Liander
3 024 862,af1ba189-281c-48c9-a7ea-76f04d4348cb,2042NX,1 A,Liander
3 024 862,af1ba189-281c-48c9-a7ea-76f04d4348cb,2042NX,2,Liander
3 024 862,af1ba189-281c-48c9-a7ea-76f04d4348cb,2042NX,3,Liander
3 024 862,af1ba189-281c-48c9-a7ea-76f04d4348cb,2042NX,4,Liander
3 024 862,af1ba189-281c-48c9-a7ea-76f04d4348cb,2042NX,5,Liander
3 024 862,af1ba189-281c-48c9-a7ea-76f04d4348cb,2042NX,6,Liander
3 024 862,af1ba189-281c-48c9-a7ea-76f04d4348cb,2042NX,7,Liander
3 024 862,af1ba189-281c-48c9-a7ea-76f04d4348cb,2042NX,9,Liander
3 024 862,af1ba189-281c-48c9-a7ea-76f04d4348cb,2042NX,11,Liander
3 024 862,af1ba189-281c-48c9-a7ea-76f04d4348cb,2042NZ,1,Liander
3 024 862,af1ba189-281c-48c9-a7ea-76f04d4348cb,2042NZ,2,Liander
3 024 862,af1ba189-281c-48c9-a7ea-76f04d4348cb,2042NZ,2 A,Liander
3 024 862,af1ba189-281c-48c9-a7ea-76f04d4348cb,2042NZ,3,Liander
3 024 862,af1ba189-281c-48c9-a7ea-76f04d4348cb,2042NZ,3 A,Liander
3 024 862,af1ba189-281c-48c9-a7ea-76f04d4348cb,2042NZ,4,Liander
3 024 862,af1ba189-281c-48c9-a7ea-76f04d4348cb,2042NZ,5,Liander
3 024 862,af1ba189-281c-48c9-a7ea-76f04d4348cb,2042NZ,6,Liander
3 024 862,af1ba189-281c-48c9-a7ea-76f04d4348cb,2042NZ,7,Liander
3 024 862,af1ba189-281c-48c9-a7ea-76f04d4348cb,2042NZ,8,Liander
3 024 862,af1ba189-281c-48c9-a7ea-76f04d4348cb,2042NZ,10,Liander
3 024 862,af1ba189-281c-48c9-a7ea-76f04d4348cb,2042NZ,12,Liander
3 024 862,af1ba189-281c-48c9-a7ea-76f04d4348cb,2042NZ,14,Liander
3 024 862,af1ba189-281c-48c9-a7ea-76f04d4348cb,2042NZ,15,Liander
3 024 862,af1ba189-281c-48c9-a7ea-76f04d4348cb,2042NZ,16,Liander
3 024 862,af1ba189-281c-48c9-a7ea-76f04d4348cb,2042NZ,17,Liander
3 024 862,af1ba189-281c-48c9-a7ea-76f04d4348cb,2042NZ,18,Liander
3 024 862,af1ba189-281c-48c9-a7ea-76f04d4348cb,2042NZ,19,Liander
3 024 862,af1ba189-281c-48c9-a7ea-76f04d4348cb,2042NZ,20,Liander
3 024 862,af1ba189-281c-48c9-a7ea-76f04d4348cb,2042NZ,21,Liander
3 024 862,af1ba189-281c-48c9-a7ea-76f04d4348cb,2042NZ,22,Liander
3 024 862,af1ba189-281c-48c9-a7ea-76f04d4348cb,2042NZ,25,Liander
3 024 862,af1ba189-281c-48c9-a7ea-76f04d4348cb,2042NZ,27,Liander
3 024 862,af1ba189-281c-48c9-a7ea-76f04d4348cb,2042NZ,29,Liander
3 024 862,af1ba189-281c-48c9-a7ea-76f04d4348cb,2042NZ,31,Liander
3 024 862,af1ba189-281c-48c9-a7ea-76f04d4348cb,2042PD,93,Liander
3 024 862,af1ba189-281c-48c9-a7ea-76f04d4348cb,2042PD,95,Liander
3 024 862,af1ba189-281c-48c9-a7ea-76f04d4348cb,2042PE,99,Liander
3 024 862,af1ba189-281c-48c9-a7ea-76f04d4348cb,2042PE,101,Liander
3 024 862,af1ba189-281c-48c9-a7ea-76f04d4348cb,2042PE,103,Liander
3 024 862,af1ba189-281c-48c9-a7ea-76f04d4348cb,2042PE,105,Liander
3 024 862,af1ba189-281c-48c9-a7ea-76f04d4348cb,2042PE,107,Liander
3 024 862,af1ba189-281c-48c9-a7ea-76f04d4348cb,2042PE,109,Liander
3 024 862,af1ba189-281c-48c9-a7ea-76f04d4348cb,2042PE,109 a,Liander
3 024 862,af1ba189-281c-48c9-a7ea-76f04d4348cb,2042PE,111,Liander
3 024 862,af1ba189-281c-48c9-a7ea-76f04d4348cb,2042PE,113,Liander
3 024 862,af1ba189-281c-48c9-a7ea-76f04d4348cb,2042PE,115,Liander
3 024 862,af1ba189-281c-48c9-a7ea-76f04d4348cb,2042PE,117,Liander
3 024 862,af1ba189-281c-48c9-a7ea-76f04d4348cb,2042PE,119,Liander
3 024 862,af1ba189-281c-48c9-a7ea-76f04d4348cb,2042PE,121,Liander
3 024 862,af1ba189-281c-48c9-a7ea-76f04d4348cb,2042PE,121 a,Liander
3 024 862,af1ba189-281c-48c9-a7ea-76f04d4348cb,2042PE,123,Liander
3 024 862,af1ba189-281c-48c9-a7ea-76f04d4348cb,2042PE,125,Liander
3 024 862,af1ba189-281c-48c9-a7ea-76f04d4348cb,2042PE,125 a,Liander
3 024 862,af1ba189-281c-48c9-a7ea-76f04d4348cb,2042PK,92 c,Liander
3 024 862,af1ba189-281c-48c9-a7ea-76f04d4348cb,2042PK,92 d,Liander
3 024 862,af1ba189-281c-48c9-a7ea-76f04d4348cb,2042PK,92 e,Liander
3 024 862,af1ba189-281c-48c9-a7ea-76f04d4348cb,2042PK,92 f,Liander
3 024 862,af1ba189-281c-48c9-a7ea-76f04d4348cb,2042PK,94,Liander
3 024 862,af1ba189-281c-48c9-a7ea-76f04d4348cb,2042PK,94 a,Liander
3 024 862,af1ba189-281c-48c9-a7ea-76f04d4348cb,2042PK,94 b,Liander
3 024 862,af1ba189-281c-48c9-a7ea-76f04d4348cb,2042PK,94 c,Liander
3 024 862,af1ba189-281c-48c9-a7ea-76f04d4348cb,2042PK,96,Liander
3 024 862,af1ba189-281c-48c9-a7ea-76f04d4348cb,2042PK,98,Liander
3 024 862,af1ba189-281c-48c9-a7ea-76f04d4348cb,2042PK,100,Liander
3 024 862,af1ba189-281c-48c9-a7ea-76f04d4348cb,2042PK,102,Liander
3 024 862,af1ba189-281c-48c9-a7ea-76f04d4348cb,2042PL,106,Liander
3 024 862,af1ba189-281c-48c9-a7ea-76f04d4348cb,2042PL,108,Liander
3 024 862,af1ba189-281c-48c9-a7ea-76f04d4348cb,2042PL,110,Liander
3 024 862,af1ba189-281c-48c9-a7ea-76f04d4348cb,2042PL,112,Liander
3 024 862,af1ba189-281c-48c9-a7ea-76f04d4348cb,2042PL,114,Liander
3 024 862,af1ba189-281c-48c9-a7ea-76f04d4348cb,2042PL,116,Liander
3 024 862,af1ba189-281c-48c9-a7ea-76f04d4348cb,2042PL,118,Liander
3 024 862,af1ba189-281c-48c9-a7ea-76f04d4348cb,2042PM,2,Liander
3 024 862,af1ba189-281c-48c9-a7ea-76f04d4348cb,2042PM,4 b,Liander
3 024 862,af1ba189-281c-48c9-a7ea-76f04d4348cb,2042PM,6,Liander
3 024 862,af1ba189-281c-48c9-a7ea-76f04d4348cb,2042PM,8,Liander
3 024 862,af1ba189-281c-48c9-a7ea-76f04d4348cb,2042PM,10,Liander
3 024 862,af1ba189-281c-48c9-a7ea-76f04d4348cb,2042PM,12,Liander
3 024 862,af1ba189-281c-48c9-a7ea-76f04d4348cb,2042PM,14,Liander
3 024 862,af1ba189-281c-48c9-a7ea-76f04d4348cb,2042PM,16,Liander
3 024 862,af1ba189-281c-48c9-a7ea-76f04d4348cb,2042PM,18,Liander
3 024 862,af1ba189-281c-48c9-a7ea-76f04d4348cb,2042PM,20,Liander
3 024 862,af1ba189-281c-48c9-a7ea-76f04d4348cb,2042PM,22,Liander
3 024 862,af1ba189-281c-48c9-a7ea-76f04d4348cb,2042PM,24,Liander
3 024 862,af1ba189-281c-48c9-a7ea-76f04d4348cb,2042PM,26,Liander
3 024 862,af1ba189-281c-48c9-a7ea-76f04d4348cb,2042PM,28,Liander
3 024 862,af1ba189-281c-48c9-a7ea-76f04d4348cb,2042PM,30,Liander
3 024 862,af1ba189-281c-48c9-a7ea-76f04d4348cb,2042PM,32,Liander
3 024 862,af1ba189-281c-48c9-a7ea-76f04d4348cb,2042PM,34,Liander
3 024 862,af1ba189-281c-48c9-a7ea-76f04d4348cb,2042PN,3,Liander
3 024 862,af1ba189-281c-48c9-a7ea-76f04d4348cb,2042PN,5,Liander
3 024 862,af1ba189-281c-48c9-a7ea-76f04d4348cb,2042PN,7,Liander
3 024 862,af1ba189-281c-48c9-a7ea-76f04d4348cb,2042PN,9,Liander
3 024 862,af1ba189-281c-48c9-a7ea-76f04d4348cb,2042PN,11,Liander
3 024 862,af1ba189-281c-48c9-a7ea-76f04d4348cb,2042PN,13,Liander
3 024 862,af1ba189-281c-48c9-a7ea-76f04d4348cb,2042PN,15,Liander
3 024 862,af1ba189-281c-48c9-a7ea-76f04d4348cb,2042PN,17,Liander
3 024 862,af1ba189-281c-48c9-a7ea-76f04d4348cb,2042PN,19,Liander
3 024 862,af1ba189-281c-48c9-a7ea-76f04d4348cb,2042PN,21,Liander
3 024 862,af1ba189-281c-48c9-a7ea-76f04d4348cb,2042PN,23,Liander
3 024 862,af1ba189-281c-48c9-a7ea-76f04d4348cb,2042PN,25,Liander
3 024 862,af1ba189-281c-48c9-a7ea-76f04d4348cb,2042PN,27,Liander
3 024 862,af1ba189-281c-48c9-a7ea-76f04d4348cb,2042PN,29,Liander
3 024 862,af1ba189-281c-48c9-a7ea-76f04d4348cb,2042PN,31,Liander
3 024 862,af1ba189-281c-48c9-a7ea-76f04d4348cb,2042PN,33,Liander
3 024 862,af1ba189-281c-48c9-a7ea-76f04d4348cb,2042PN,35,Liander
3 024 862,af1ba189-281c-48c9-a7ea-76f04d4348cb,2042PN,37,Liander
3 024 862,af1ba189-281c-48c9-a7ea-76f04d4348cb,2042PN,39,Liander
3 024 862,af1ba189-281c-48c9-a7ea-76f04d4348cb,2042PN,41,Liander
3 024 862,af1ba189-281c-48c9-a7ea-76f04d4348cb,2042PN,43,Liander
3 024 862,af1ba189-281c-48c9-a7ea-76f04d4348cb,2042PN,45,Liander
3 024 862,af1ba189-281c-48c9-a7ea-76f04d4348cb,2042PN,47,Liander
3 024 862,af1ba189-281c-48c9-a7ea-76f04d4348cb,2042PP,1,Liander
3 024 862,af1ba189-281c-48c9-a7ea-76f04d4348cb,2042PP,3,Liander
3 024 862,af1ba189-281c-48c9-a7ea-76f04d4348cb,2042PP,5,Liander
3 024 862,af1ba189-281c-48c9-a7ea-76f04d4348cb,2042PP,7,Liander
3 024 862,af1ba189-281c-48c9-a7ea-76f04d4348cb,2042PP,9,Liander
3 024 862,af1ba189-281c-48c9-a7ea-76f04d4348cb,2042PP,11,Liander
3 024 862,af1ba189-281c-48c9-a7ea-76f04d4348cb,2042PP,13,Liander
3 024 862,af1ba189-281c-48c9-a7ea-76f04d4348cb,2042PP,15,Liander
3 024 862,af1ba189-281c-48c9-a7ea-76f04d4348cb,2042PP,17,Liander
3 024 862,af1ba189-281c-48c9-a7ea-76f04d4348cb,2042PP,19,Liander
3 024 862,af1ba189-281c-48c9-a7ea-76f04d4348cb,2042PP,21,Liander
3 024 862,af1ba189-281c-48c9-a7ea-76f04d4348cb,2042PP,23,Liander
3 024 862,af1ba189-281c-48c9-a7ea-76f04d4348cb,2042PP,27,Liander
3 024 862,af1ba189-281c-48c9-a7ea-76f04d4348cb,2042PP,31,Liander
3 024 862,af1ba189-281c-48c9-a7ea-76f04d4348cb,2042PP,33,Liander
3 024 862,af1ba189-281c-48c9-a7ea-76f04d4348cb,2042PP,35,Liander
3 024 862,af1ba189-281c-48c9-a7ea-76f04d4348cb,2042PP,37,Liander
3 024 862,af1ba189-281c-48c9-a7ea-76f04d4348cb,2042PP,39,Liander
3 024 862,af1ba189-281c-48c9-a7ea-76f04d4348cb,2042PP,41,Liander
3 024 862,af1ba189-281c-48c9-a7ea-76f04d4348cb,2042PP,43,Liander
3 024 862,af1ba189-281c-48c9-a7ea-76f04d4348cb,2042PP,45,Liander
3 024 862,af1ba189-281c-48c9-a7ea-76f04d4348cb,2042PR,2,Liander
3 024 862,af1ba189-281c-48c9-a7ea-76f04d4348cb,2042PR,2 A,Liander
3 024 862,af1ba189-281c-48c9-a7ea-76f04d4348cb,2042PR,10,Liander
3 024 862,af1ba189-281c-48c9-a7ea-76f04d4348cb,2042PR,12,Liander
3 024 862,af1ba189-281c-48c9-a7ea-76f04d4348cb,2042PR,14,Liander
3 024 862,af1ba189-281c-48c9-a7ea-76f04d4348cb,2042PR,16,Liander
3 024 862,af1ba189-281c-48c9-a7ea-76f04d4348cb,2042PR,18,Liander
3 024 862,af1ba189-281c-48c9-a7ea-76f04d4348cb,2042PR,20,Liander
3 024 862,af1ba189-281c-48c9-a7ea-76f04d4348cb,2042PR,22,Liander
3 024 862,af1ba189-281c-48c9-a7ea-76f04d4348cb,2042PR,24,Liander
3 024 862,af1ba189-281c-48c9-a7ea-76f04d4348cb,2042PR,26,Liander
3 024 862,af1ba189-281c-48c9-a7ea-76f04d4348cb,2042PR,28,Liander
3 024 862,af1ba189-281c-48c9-a7ea-76f04d4348cb,2042PR,30,Liander
3 024 862,af1ba189-281c-48c9-a7ea-76f04d4348cb,2042PR,32,Liander
3 024 862,af1ba189-281c-48c9-a7ea-76f04d4348cb,2042PS,34,Liander
3 024 862,af1ba189-281c-48c9-a7ea-76f04d4348cb,2042PS,36,Liander
3 024 862,af1ba189-281c-48c9-a7ea-76f04d4348cb,2042PS,38,Liander
3 024 862,af1ba189-281c-48c9-a7ea-76f04d4348cb,2042PS,40,Liander
3 024 862,af1ba189-281c-48c9-a7ea-76f04d4348cb,2042PS,42,Liander
3 024 862,af1ba189-281c-48c9-a7ea-76f04d4348cb,2042PS,44,Liander
3 024 862,af1ba189-281c-48c9-a7ea-76f04d4348cb,2042PS,46,Liander
3 024 862,af1ba189-281c-48c9-a7ea-76f04d4348cb,2042PS,48,Liander
3 024 862,af1ba189-281c-48c9-a7ea-76f04d4348cb,2042PS,50,Liander
3 024 862,af1ba189-281c-48c9-a7ea-76f04d4348cb,2042PS,52,Liander
3 024 862,af1ba189-281c-48c9-a7ea-76f04d4348cb,2042PS,54,Liander
3 024 862,af1ba189-281c-48c9-a7ea-76f04d4348cb,2042PS,56,Liander
3 024 862,af1ba189-281c-48c9-a7ea-76f04d4348cb,2042PS,58,Liander
3 024 862,af1ba189-281c-48c9-a7ea-76f04d4348cb,2042PS,60,Liander
3 024 862,af1ba189-281c-48c9-a7ea-76f04d4348cb,2042PS,62,Liander
3 024 862,af1ba189-281c-48c9-a7ea-76f04d4348cb,2042PS,64,Liander
3 024 862,af1ba189-281c-48c9-a7ea-76f04d4348cb,2042PS,66,Liander
3 024 862,af1ba189-281c-48c9-a7ea-76f04d4348cb,2042PS,68,Liander
3 024 862,af1ba189-281c-48c9-a7ea-76f04d4348cb,2042PS,70,Liander
3 024 862,af1ba189-281c-48c9-a7ea-76f04d4348cb,2042PS,72,Liander
3 024 862,af1ba189-281c-48c9-a7ea-76f04d4348cb,2042PS,74,Liander
3 024 862,af1ba189-281c-48c9-a7ea-76f04d4348cb,2042PS,76,Liander
3 024 862,af1ba189-281c-48c9-a7ea-76f04d4348cb,2042RA,1,Liander
3 024 862,af1ba189-281c-48c9-a7ea-76f04d4348cb,2042RA,3,Liander
3 024 862,af1ba189-281c-48c9-a7ea-76f04d4348cb,2042RA,5,Liander
3 024 862,af1ba189-281c-48c9-a7ea-76f04d4348cb,2042RA,7,Liander
3 024 862,af1ba189-281c-48c9-a7ea-76f04d4348cb,2042RA,9,Liander
3 024 862,af1ba189-281c-48c9-a7ea-76f04d4348cb,2042RA,11,Liander
3 024 862,af1ba189-281c-48c9-a7ea-76f04d4348cb,2042RA,13,Liander
3 024 862,af1ba189-281c-48c9-a7ea-76f04d4348cb,2042RA,15,Liander
3 024 862,af1ba189-281c-48c9-a7ea-76f04d4348cb,2042RA,17,Liander
3 024 862,af1ba189-281c-48c9-a7ea-76f04d4348cb,2042RA,19,Liander
3 024 862,af1ba189-281c-48c9-a7ea-76f04d4348cb,2042RA,21,Liander
3 024 862,af1ba189-281c-48c9-a7ea-76f04d4348cb,2042RA,23,Liander
3 024 862,af1ba189-281c-48c9-a7ea-76f04d4348cb,2042RC,2,Liander
3 024 862,af1ba189-281c-48c9-a7ea-76f04d4348cb,2042RC,4,Liander
3 024 862,af1ba189-281c-48c9-a7ea-76f04d4348cb,2042RC,6,Liander
3 024 862,af1ba189-281c-48c9-a7ea-76f04d4348cb,2042RC,8,Liander
3 024 862,af1ba189-281c-48c9-a7ea-76f04d4348cb,2042RC,10,Liander
3 024 862,af1ba189-281c-48c9-a7ea-76f04d4348cb,2042RC,12,Liander
3 024 862,af1ba189-281c-48c9-a7ea-76f04d4348cb,2042RC,14,Liander
3 024 862,af1ba189-281c-48c9-a7ea-76f04d4348cb,2042RC,16,Liander
3 024 862,af1ba189-281c-48c9-a7ea-76f04d4348cb,2042RC,18,Liander
3 024 862,af1ba189-281c-48c9-a7ea-76f04d4348cb,2042RC,20,Liander
3 024 862,af1ba189-281c-48c9-a7ea-76f04d4348cb,2042RC,22,Liander
3 024 862,af1ba189-281c-48c9-a7ea-76f04d4348cb,2042RC,24,Liander
3 024 862,af1ba189-281c-48c9-a7ea-76f04d4348cb,2042RC,26,Liander
3 024 862,af1ba189-281c-48c9-a7ea-76f04d4348cb,2042RC,28,Liander
3 026 792,c85622d0-243f-4ada-a8a4-529da1860cd9,1241CX,79,Liander
3 026 792,c85622d0-243f-4ada-a8a4-529da1860cd9,1241CX,81,Liander
3 026 792,c85622d0-243f-4ada-a8a4-529da1860cd9,1241CX,82,Liander
3 026 792,c85622d0-243f-4ada-a8a4-529da1860cd9,1241CX,86,Liander
3 026 792,c85622d0-243f-4ada-a8a4-529da1860cd9,1241CX,87,Liander
3 026 792,c85622d0-243f-4ada-a8a4-529da1860cd9,1241CX,89,Liander
3 026 792,c85622d0-243f-4ada-a8a4-529da1860cd9,1241CX,90,Liander
3 026 792,c85622d0-243f-4ada-a8a4-529da1860cd9,1241CX,93,Liander
3 026 792,c85622d0-243f-4ada-a8a4-529da1860cd9,1241CX,95,Liander
3 026 792,c85622d0-243f-4ada-a8a4-529da1860cd9,1241CX,96,Liander
3 026 792,c85622d0-243f-4ada-a8a4-529da1860cd9,1241CX,97,Liander
3 026 792,c85622d0-243f-4ada-a8a4-529da1860cd9,1241CX,98,Liander
3 026 792,c85622d0-243f-4ada-a8a4-529da1860cd9,1241CX,99,Liander
3 026 792,c85622d0-243f-4ada-a8a4-529da1860cd9,1241CX,100,Liander
3 026 792,c85622d0-243f-4ada-a8a4-529da1860cd9,1241CX,101,Liander
3 026 792,c85622d0-243f-4ada-a8a4-529da1860cd9,1243HX,1,Liander
3 026 792,c85622d0-243f-4ada-a8a4-529da1860cd9,1243HX,2,Liander
3 026 792,c85622d0-243f-4ada-a8a4-529da1860cd9,1243HX,3,Liander
3 026 792,c85622d0-243f-4ada-a8a4-529da1860cd9,1243HX,3 A,Liander
3 026 792,c85622d0-243f-4ada-a8a4-529da1860cd9,1243HX,4,Liander
3 026 792,c85622d0-243f-4ada-a8a4-529da1860cd9,1243HX,5,Liander
3 026 792,c85622d0-243f-4ada-a8a4-529da1860cd9,1243HX,5 A,Liander
3 026 792,c85622d0-243f-4ada-a8a4-529da1860cd9,1243HX,6,Liander
3 026 792,c85622d0-243f-4ada-a8a4-529da1860cd9,1243HZ,1,Liander
3 026 792,c85622d0-243f-4ada-a8a4-529da1860cd9,1243HZ,1 A,Liander
3 026 792,c85622d0-243f-4ada-a8a4-529da1860cd9,1243HZ,2,Liander
3 026 792,c85622d0-243f-4ada-a8a4-529da1860cd9,1243HZ,3,Liander
3 026 792,c85622d0-243f-4ada-a8a4-529da1860cd9,1243HZ,4,Liander
3 026 792,c85622d0-243f-4ada-a8a4-529da1860cd9,1243HZ,5,Liander
3 026 792,c85622d0-243f-4ada-a8a4-529da1860cd9,1243HZ,6,Liander
3 026 792,c85622d0-243f-4ada-a8a4-529da1860cd9,1243HZ,7,Liander
3 026 792,c85622d0-243f-4ada-a8a4-529da1860cd9,1243JH,40,Liander
3 026 792,c85622d0-243f-4ada-a8a4-529da1860cd9,1243JH,40 a,Liander
3 026 792,c85622d0-243f-4ada-a8a4-529da1860cd9,1243JH,42,Liander
3 026 792,c85622d0-243f-4ada-a8a4-529da1860cd9,1243JH,44,Liander
3 026 792,c85622d0-243f-4ada-a8a4-529da1860cd9,1243JH,46,Liander
3 026 792,c85622d0-243f-4ada-a8a4-529da1860cd9,1243JH,48,Liander
3 026 792,c85622d0-243f-4ada-a8a4-529da1860cd9,1243JH,48 a,Liander
3 026 792,c85622d0-243f-4ada-a8a4-529da1860cd9,1243JH,50,Liander
3 026 792,c85622d0-243f-4ada-a8a4-529da1860cd9,1243JH,52,Liander
3 026 792,c85622d0-243f-4ada-a8a4-529da1860cd9,1243JJ,62,Liander
3 026 792,c85622d0-243f-4ada-a8a4-529da1860cd9,1243JJ,64,Liander
3 026 792,c85622d0-243f-4ada-a8a4-529da1860cd9,1243JR,193,Liander
3 026 792,c85622d0-243f-4ada-a8a4-529da1860cd9,1243JR,195,Liander
3 026 792,c85622d0-243f-4ada-a8a4-529da1860cd9,1243JR,197,Liander
3 026 792,c85622d0-243f-4ada-a8a4-529da1860cd9,1243JR,199,Liander
3 026 792,c85622d0-243f-4ada-a8a4-529da1860cd9,1243JR,201,Liander
3 026 792,c85622d0-243f-4ada-a8a4-529da1860cd9,1243JR,203,Liander
3 026 792,c85622d0-243f-4ada-a8a4-529da1860cd9,1243JR,205,Liander
3 026 792,c85622d0-243f-4ada-a8a4-529da1860cd9,1243JS,207,Liander
3 026 792,c85622d0-243f-4ada-a8a4-529da1860cd9,1243JS,209,Liander
3 026 792,c85622d0-243f-4ada-a8a4-529da1860cd9,1243JS,213,Liander
3 026 792,c85622d0-243f-4ada-a8a4-529da1860cd9,1243JS,215,Liander
3 026 792,c85622d0-243f-4ada-a8a4-529da1860cd9,1243JS,217,Liander
3 026 792,c85622d0-243f-4ada-a8a4-529da1860cd9,1243JS,219,Liander
3 026 792,c85622d0-243f-4ada-a8a4-529da1860cd9,1243JS,221,Liander
3 026 792,c85622d0-243f-4ada-a8a4-529da1860cd9,1243JS,223,Liander
3 026 792,c85622d0-243f-4ada-a8a4-529da1860cd9,1243JS,225,Liander
3 026 792,c85622d0-243f-4ada-a8a4-529da1860cd9,1243JS,227,Liander
3 026 792,c85622d0-243f-4ada-a8a4-529da1860cd9,1243JT,229,Liander
3 026 792,c85622d0-243f-4ada-a8a4-529da1860cd9,1243JT,231,Liander
3 026 792,c85622d0-243f-4ada-a8a4-529da1860cd9,1243JT,233,Liander
3 026 792,c85622d0-243f-4ada-a8a4-529da1860cd9,1243JT,233 a,Liander
3 026 792,c85622d0-243f-4ada-a8a4-529da1860cd9,1243JT,233 b,Liander
3 026 792,c85622d0-243f-4ada-a8a4-529da1860cd9,1243JT,233 B  BOV,Liander
3 026 792,c85622d0-243f-4ada-a8a4-529da1860cd9,1243JT,237,Liander
3 026 792,c85622d0-243f-4ada-a8a4-529da1860cd9,1243JT,239,Liander
3 026 792,c85622d0-243f-4ada-a8a4-529da1860cd9,1243JT,241,Liander
3 026 792,c85622d0-243f-4ada-a8a4-529da1860cd9,1243JV,243,Liander
3 026 792,c85622d0-243f-4ada-a8a4-529da1860cd9,1243JV,243 a,Liander
3 026 792,c85622d0-243f-4ada-a8a4-529da1860cd9,1243JV,245,Liander
3 026 792,c85622d0-243f-4ada-a8a4-529da1860cd9,1243JV,247,Liander
3 026 792,c85622d0-243f-4ada-a8a4-529da1860cd9,1243JV,249,Liander
3 026 792,c85622d0-243f-4ada-a8a4-529da1860cd9,1243JV,249 B,Liander
3 026 792,c85622d0-243f-4ada-a8a4-529da1860cd9,1243JV,251,Liander
3 026 792,c85622d0-243f-4ada-a8a4-529da1860cd9,1243JV,253,Liander
3 026 792,c85622d0-243f-4ada-a8a4-529da1860cd9,1243JV,255,Liander
3 026 792,c85622d0-243f-4ada-a8a4-529da1860cd9,1243JW,257,Liander
3 026 792,c85622d0-243f-4ada-a8a4-529da1860cd9,1243JW,259,Liander
3 026 792,c85622d0-243f-4ada-a8a4-529da1860cd9,1243JW,261,Liander
3 026 792,c85622d0-243f-4ada-a8a4-529da1860cd9,1243JW,263,Liander
3 026 792,c85622d0-243f-4ada-a8a4-529da1860cd9,1243JW,265,Liander
3 026 792,c85622d0-243f-4ada-a8a4-529da1860cd9,1243JW,267,Liander
3 026 792,c85622d0-243f-4ada-a8a4-529da1860cd9,1243JW,269,Liander
3 026 792,c85622d0-243f-4ada-a8a4-529da1860cd9,1243JX,271,Liander
3 026 792,c85622d0-243f-4ada-a8a4-529da1860cd9,1243JX,273,Liander
3 026 792,c85622d0-243f-4ada-a8a4-529da1860cd9,1243JX,275,Liander
3 026 792,c85622d0-243f-4ada-a8a4-529da1860cd9,1243JX,277,Liander
3 026 792,c85622d0-243f-4ada-a8a4-529da1860cd9,1243JX,279,Liander
3 026 792,c85622d0-243f-4ada-a8a4-529da1860cd9,1243JX,281,Liander
3 026 792,c85622d0-243f-4ada-a8a4-529da1860cd9,1243JX,283,Liander
3 026 792,c85622d0-243f-4ada-a8a4-529da1860cd9,1243JX,283 a,Liander
3 026 792,c85622d0-243f-4ada-a8a4-529da1860cd9,1243JX,285,Liander
3 026 792,c85622d0-243f-4ada-a8a4-529da1860cd9,1243JX,287,Liander
3 026 792,c85622d0-243f-4ada-a8a4-529da1860cd9,1243JX,289,Liander
3 026 792,c85622d0-243f-4ada-a8a4-529da1860cd9,1243JX,291,Liander
3 026 792,c85622d0-243f-4ada-a8a4-529da1860cd9,1243JX,293,Liander
3 026 792,c85622d0-243f-4ada-a8a4-529da1860cd9,1243JX,295,Liander
3 026 792,c85622d0-243f-4ada-a8a4-529da1860cd9,1243JX,297,Liander
3 026 792,c85622d0-243f-4ada-a8a4-529da1860cd9,1243JX,299,Liander
3 026 792,c85622d0-243f-4ada-a8a4-529da1860cd9,1243JX,301,Liander
3 026 792,c85622d0-243f-4ada-a8a4-529da1860cd9,1243JX,303,Liander
3 026 792,c85622d0-243f-4ada-a8a4-529da1860cd9,1243JX,305,Liander
3 026 792,c85622d0-243f-4ada-a8a4-529da1860cd9,1243JX,307,Liander
3 026 792,c85622d0-243f-4ada-a8a4-529da1860cd9,1243JX,309,Liander
3 026 792,c85622d0-243f-4ada-a8a4-529da1860cd9,1243JX,310,Liander
3 026 792,c85622d0-243f-4ada-a8a4-529da1860cd9,1243JX,311,Liander
3 026 792,c85622d0-243f-4ada-a8a4-529da1860cd9,1243JX,313,Liander
3 026 792,c85622d0-243f-4ada-a8a4-529da1860cd9,1243JX,315,Liander
3 026 792,c85622d0-243f-4ada-a8a4-529da1860cd9,1243JX,317,Liander
3 026 792,c85622d0-243f-4ada-a8a4-529da1860cd9,1243JX,319,Liander
3 026 792,c85622d0-243f-4ada-a8a4-529da1860cd9,1243JX,321,Liander
3 026 792,c85622d0-243f-4ada-a8a4-529da1860cd9,1243JZ,323,Liander
3 026 792,c85622d0-243f-4ada-a8a4-529da1860cd9,1243JZ,325,Liander
3 026 792,c85622d0-243f-4ada-a8a4-529da1860cd9,1243JZ,327,Liander
3 026 792,c85622d0-243f-4ada-a8a4-529da1860cd9,1243JZ,327 a,Liander
3 026 792,c85622d0-243f-4ada-a8a4-529da1860cd9,1244PZ,84,Liander
3 026 792,c85622d0-243f-4ada-a8a4-529da1860cd9,1244PZ,85,Liander
3 026 792,c85622d0-243f-4ada-a8a4-529da1860cd9,1244PZ,86,Liander
3 026 792,c85622d0-243f-4ada-a8a4-529da1860cd9,1244PZ,87,Liander
3 026 792,c85622d0-243f-4ada-a8a4-529da1860cd9,1244PZ,88,Liander
3 026 792,c85622d0-243f-4ada-a8a4-529da1860cd9,1244PZ,89,Liander
3 026 792,c85622d0-243f-4ada-a8a4-529da1860cd9,1244PZ,90,Liander
3 026 792,c85622d0-243f-4ada-a8a4-529da1860cd9,1244PZ,90 a,Liander
3 026 792,c85622d0-243f-4ada-a8a4-529da1860cd9,1244PZ,91,Liander
3 026 792,c85622d0-243f-4ada-a8a4-529da1860cd9,1244PZ,91 a,Liander
3 026 792,c85622d0-243f-4ada-a8a4-529da1860cd9,1244PZ,92,Liander
3 026 792,c85622d0-243f-4ada-a8a4-529da1860cd9,1244PZ,92 a,Liander
3 026 792,c85622d0-243f-4ada-a8a4-529da1860cd9,1244PZ,93,Liander
3 026 792,c85622d0-243f-4ada-a8a4-529da1860cd9,1244PZ,94,Liander
3 026 792,c85622d0-243f-4ada-a8a4-529da1860cd9,1244PZ,95,Liander
3 026 792,c85622d0-243f-4ada-a8a4-529da1860cd9,1244PZ,96,Liander
3 026 792,c85622d0-243f-4ada-a8a4-529da1860cd9,1244PZ,97,Liander
3 026 792,c85622d0-243f-4ada-a8a4-529da1860cd9,1244PZ,98,Liander
3 026 792,c85622d0-243f-4ada-a8a4-529da1860cd9,1244PZ,99,Liander
3 026 792,c85622d0-243f-4ada-a8a4-529da1860cd9,1244PZ,100,Liander
3 026 792,c85622d0-243f-4ada-a8a4-529da1860cd9,1244PZ,101,Liander
3 026 792,c85622d0-243f-4ada-a8a4-529da1860cd9,1244PZ,102,Liander
3 026 792,c85622d0-243f-4ada-a8a4-529da1860cd9,1244PZ,103,Liander
3 026 792,c85622d0-243f-4ada-a8a4-529da1860cd9,1244PZ,104,Liander
3 026 792,c85622d0-243f-4ada-a8a4-529da1860cd9,1244PZ,105,Liander
3 026 792,c85622d0-243f-4ada-a8a4-529da1860cd9,1244PZ,106,Liander
3 026 792,c85622d0-243f-4ada-a8a4-529da1860cd9,1244PZ,107,Liander
3 026 792,c85622d0-243f-4ada-a8a4-529da1860cd9,1244PZ,108,Liander
3 026 792,c85622d0-243f-4ada-a8a4-529da1860cd9,1244PZ,109,Liander
3 026 792,c85622d0-243f-4ada-a8a4-529da1860cd9,1244PZ,110,Liander
3 026 792,c85622d0-243f-4ada-a8a4-529da1860cd9,1244PZ,111,Liander
3 026 792,c85622d0-243f-4ada-a8a4-529da1860cd9,1244PZ,112,Liander
3 026 792,c85622d0-243f-4ada-a8a4-529da1860cd9,1244PZ,113,Liander
3 026 792,c85622d0-243f-4ada-a8a4-529da1860cd9,1244PZ,114,Liander
3 026 792,c85622d0-243f-4ada-a8a4-529da1860cd9,1244PZ,115,Liander
3 026 792,c85622d0-243f-4ada-a8a4-529da1860cd9,1244PZ,115 A,Liander
3 026 792,c85622d0-243f-4ada-a8a4-529da1860cd9,1244PZ,115 B,Liander
3 026 792,c85622d0-243f-4ada-a8a4-529da1860cd9,1244PZ,115 C,Liander
3 026 792,c85622d0-243f-4ada-a8a4-529da1860cd9,1244RB,7,Liander
3 026 792,c85622d0-243f-4ada-a8a4-529da1860cd9,1244RB,8,Liander
3 026 792,c85622d0-243f-4ada-a8a4-529da1860cd9,1244RB,9,Liander
3 026 792,c85622d0-243f-4ada-a8a4-529da1860cd9,1244RB,10,Liander
3 026 792,c85622d0-243f-4ada-a8a4-529da1860cd9,1244RB,11,Liander
3 026 792,c85622d0-243f-4ada-a8a4-529da1860cd9,1244RB,12,Liander
3 026 792,c85622d0-243f-4ada-a8a4-529da1860cd9,1244RB,13,Liander
3 026 792,c85622d0-243f-4ada-a8a4-529da1860cd9,1244RB,14,Liander
3 026 792,c85622d0-243f-4ada-a8a4-529da1860cd9,1244RB,15,Liander
3 026 792,c85622d0-243f-4ada-a8a4-529da1860cd9,1244RB,16,Liander
3 026 792,c85622d0-243f-4ada-a8a4-529da1860cd9,1244RC,1,Liander
3 026 792,c85622d0-243f-4ada-a8a4-529da1860cd9,1244RC,2,Liander
3 026 792,c85622d0-243f-4ada-a8a4-529da1860cd9,1244RC,3,Liander
3 026 792,c85622d0-243f-4ada-a8a4-529da1860cd9,1244RC,4,Liander
3 026 792,c85622d0-243f-4ada-a8a4-529da1860cd9,1244RC,5,Liander
3 026 792,c85622d0-243f-4ada-a8a4-529da1860cd9,1244RC,6,Liander
3 026 792,c85622d0-243f-4ada-a8a4-529da1860cd9,1244RC,7,Liander
3 026 792,c85622d0-243f-4ada-a8a4-529da1860cd9,1244RC,8,Liander
3 026 792,c85622d0-243f-4ada-a8a4-529da1860cd9,1244RC,9,Liander
3 026 792,c85622d0-243f-4ada-a8a4-529da1860cd9,1244RC,10,Liander
3 026 792,c85622d0-243f-4ada-a8a4-529da1860cd9,1244RD,1,Liander
3 026 792,c85622d0-243f-4ada-a8a4-529da1860cd9,1244RD,2,Liander
3 026 792,c85622d0-243f-4ada-a8a4-529da1860cd9,1244RD,3,Liander
3 026 792,c85622d0-243f-4ada-a8a4-529da1860cd9,1244RD,4,Liander
3 026 792,c85622d0-243f-4ada-a8a4-529da1860cd9,1244RD,5,Liander
3 026 792,c85622d0-243f-4ada-a8a4-529da1860cd9,1244RD,6,Liander
3 026 792,c85622d0-243f-4ada-a8a4-529da1860cd9,1244RD,7,Liander
3 026 792,c85622d0-243f-4ada-a8a4-529da1860cd9,1244RD,8,Liander
3 026 792,c85622d0-243f-4ada-a8a4-529da1860cd9,1244RD,9,Liander
3 026 792,c85622d0-243f-4ada-a8a4-529da1860cd9,1244RD,10,Liander
3 026 792,c85622d0-243f-4ada-a8a4-529da1860cd9,1244RE,3,Liander
3 026 792,c85622d0-243f-4ada-a8a4-529da1860cd9,1244RE,9,Liander
3 026 792,c85622d0-243f-4ada-a8a4-529da1860cd9,1244RE,11 A,Liander
3 026 792,c85622d0-243f-4ada-a8a4-529da1860cd9,1244RE,11 b,Liander
3 026 792,c85622d0-243f-4ada-a8a4-529da1860cd9,1244RE,11 c,Liander
3 026 792,c85622d0-243f-4ada-a8a4-529da1860cd9,1244RE,11 d,Liander
3 026 792,c85622d0-243f-4ada-a8a4-529da1860cd9,1244RE,11 GD,Liander
3 026 792,c85622d0-243f-4ada-a8a4-529da1860cd9,1244RE,13,Liander
3 026 792,c85622d0-243f-4ada-a8a4-529da1860cd9,1244RE,17,Liander
3 026 792,c85622d0-243f-4ada-a8a4-529da1860cd9,1244RE,19,Liander
3 026 792,c85622d0-243f-4ada-a8a4-529da1860cd9,1244RE,21,Liander
3 026 792,c85622d0-243f-4ada-a8a4-529da1860cd9,1244RE,23,Liander
3 026 792,c85622d0-243f-4ada-a8a4-529da1860cd9,1244RE,25,Liander
3 026 792,c85622d0-243f-4ada-a8a4-529da1860cd9,1244RG,27,Liander
3 026 792,c85622d0-243f-4ada-a8a4-529da1860cd9,1244RG,27 b,Liander
3 026 792,c85622d0-243f-4ada-a8a4-529da1860cd9,1244RG,29,Liander
3 026 792,c85622d0-243f-4ada-a8a4-529da1860cd9,1244RG,31,Liander
3 026 792,c85622d0-243f-4ada-a8a4-529da1860cd9,1244RG,33,Liander
3 026 792,c85622d0-243f-4ada-a8a4-529da1860cd9,1244RG,35,Liander
3 026 792,c85622d0-243f-4ada-a8a4-529da1860cd9,1244RG,37,Liander
3 026 792,c85622d0-243f-4ada-a8a4-529da1860cd9,1244RG,37 a,Liander
3 026 792,c85622d0-243f-4ada-a8a4-529da1860cd9,1244RG,39,Liander
3 026 792,c85622d0-243f-4ada-a8a4-529da1860cd9,1244RG,41,Liander
3 026 792,c85622d0-243f-4ada-a8a4-529da1860cd9,1244RG,43,Liander
3 026 792,c85622d0-243f-4ada-a8a4-529da1860cd9,1244RG,45,Liander
3 026 792,c85622d0-243f-4ada-a8a4-529da1860cd9,1244RG,47,Liander
3 026 792,c85622d0-243f-4ada-a8a4-529da1860cd9,1244RG,49,Liander
3 026 792,c85622d0-243f-4ada-a8a4-529da1860cd9,1244RG,51,Liander
3 026 792,c85622d0-243f-4ada-a8a4-529da1860cd9,1244RG,51 a,Liander
4 003 144,07fbd31c-c94a-41b6-b139-b60adc9e1abf,7121DK,37,Liander
4 003 144,07fbd31c-c94a-41b6-b139-b60adc9e1abf,7121DK,39,Liander
4 003 144,07fbd31c-c94a-41b6-b139-b60adc9e1abf,7121DK,41,Liander
4 003 144,07fbd31c-c94a-41b6-b139-b60adc9e1abf,7121DK,43,Liander
4 003 144,07fbd31c-c94a-41b6-b139-b60adc9e1abf,7121DK,45,Liander
4 003 144,07fbd31c-c94a-41b6-b139-b60adc9e1abf,7121DK,47,Liander
4 003 144,07fbd31c-c94a-41b6-b139-b60adc9e1abf,7121DK,49,Liander
4 003 144,07fbd31c-c94a-41b6-b139-b60adc9e1abf,7121DK,49 A,Liander
4 003 144,07fbd31c-c94a-41b6-b139-b60adc9e1abf,7121DK,49 B,Liander
4 003 144,07fbd31c-c94a-41b6-b139-b60adc9e1abf,7121DK,49 C,Liander
4 003 144,07fbd31c-c94a-41b6-b139-b60adc9e1abf,7121DK,49 D,Liander
4 003 144,07fbd31c-c94a-41b6-b139-b60adc9e1abf,7121DL,54,Liander
4 003 144,07fbd31c-c94a-41b6-b139-b60adc9e1abf,7121DL,56,Liander
4 003 144,07fbd31c-c94a-41b6-b139-b60adc9e1abf,7121DL,56 A,Liander
4 003 144,07fbd31c-c94a-41b6-b139-b60adc9e1abf,7121DL,56 B,Liander
4 003 144,07fbd31c-c94a-41b6-b139-b60adc9e1abf,7121DL,56 C,Liander
4 003 144,07fbd31c-c94a-41b6-b139-b60adc9e1abf,7121DL,58,Liander
4 003 144,07fbd31c-c94a-41b6-b139-b60adc9e1abf,7121WN,2,Liander
4 003 144,07fbd31c-c94a-41b6-b139-b60adc9e1abf,7121WN,3,Liander
4 003 144,07fbd31c-c94a-41b6-b139-b60adc9e1abf,7121WN,4,Liander
4 003 144,07fbd31c-c94a-41b6-b139-b60adc9e1abf,7121WN,5,Liander
4 003 144,07fbd31c-c94a-41b6-b139-b60adc9e1abf,7121WN,6,Liander
4 003 144,07fbd31c-c94a-41b6-b139-b60adc9e1abf,7121WN,7,Liander
4 003 144,07fbd31c-c94a-41b6-b139-b60adc9e1abf,7121WN,8,Liander
4 003 144,07fbd31c-c94a-41b6-b139-b60adc9e1abf,7121WN,9,Liander
4 003 144,07fbd31c-c94a-41b6-b139-b60adc9e1abf,7121WN,10,Liander
4 003 144,07fbd31c-c94a-41b6-b139-b60adc9e1abf,7121WN,11,Liander
4 003 144,07fbd31c-c94a-41b6-b139-b60adc9e1abf,7121WN,12,Liander
4 003 144,07fbd31c-c94a-41b6-b139-b60adc9e1abf,7121WN,13,Liander
4 003 144,07fbd31c-c94a-41b6-b139-b60adc9e1abf,7121WN,14,Liander
4 003 144,07fbd31c-c94a-41b6-b139-b60adc9e1abf,7121WN,15,Liander
4 003 144,07fbd31c-c94a-41b6-b139-b60adc9e1abf,7121WN,16,Liander
4 003 144,07fbd31c-c94a-41b6-b139-b60adc9e1abf,7121WN,17,Liander
4 003 144,07fbd31c-c94a-41b6-b139-b60adc9e1abf,7121WN,18,Liander
4 003 144,07fbd31c-c94a-41b6-b139-b60adc9e1abf,7121WN,19,Liander
4 003 144,07fbd31c-c94a-41b6-b139-b60adc9e1abf,7121WN,20,Liander
4 003 144,07fbd31c-c94a-41b6-b139-b60adc9e1abf,7121WN,21,Liander
4 003 144,07fbd31c-c94a-41b6-b139-b60adc9e1abf,7121WN,22,Liander
4 003 144,07fbd31c-c94a-41b6-b139-b60adc9e1abf,7121WN,23,Liander
4 003 144,07fbd31c-c94a-41b6-b139-b60adc9e1abf,7121WN,24,Liander
4 003 144,07fbd31c-c94a-41b6-b139-b60adc9e1abf,7121WN,25,Liander
4 003 144,07fbd31c-c94a-41b6-b139-b60adc9e1abf,7121WP,26,Liander
4 003 144,07fbd31c-c94a-41b6-b139-b60adc9e1abf,7121WP,27,Liander
4 003 144,07fbd31c-c94a-41b6-b139-b60adc9e1abf,7121WP,28,Liander
4 003 144,07fbd31c-c94a-41b6-b139-b60adc9e1abf,7121WP,29,Liander
4 003 144,07fbd31c-c94a-41b6-b139-b60adc9e1abf,7121WP,30,Liander
4 003 144,07fbd31c-c94a-41b6-b139-b60adc9e1abf,7121WP,31,Liander
4 003 144,07fbd31c-c94a-41b6-b139-b60adc9e1abf,7121WP,32,Liander
4 003 144,07fbd31c-c94a-41b6-b139-b60adc9e1abf,7121WP,33,Liander
4 003 144,07fbd31c-c94a-41b6-b139-b60adc9e1abf,7121WP,34,Liander
4 003 144,07fbd31c-c94a-41b6-b139-b60adc9e1abf,7121WP,35,Liander
4 003 144,07fbd31c-c94a-41b6-b139-b60adc9e1abf,7121WP,36,Liander
4 003 144,07fbd31c-c94a-41b6-b139-b60adc9e1abf,7121WP,37,Liander
4 003 144,07fbd31c-c94a-41b6-b139-b60adc9e1abf,7121WP,38,Liander
4 003 144,07fbd31c-c94a-41b6-b139-b60adc9e1abf,7121WP,39,Liander
4 003 144,07fbd31c-c94a-41b6-b139-b60adc9e1abf,7121WP,40,Liander
4 003 144,07fbd31c-c94a-41b6-b139-b60adc9e1abf,7121WP,41,Liander
4 003 144,07fbd31c-c94a-41b6-b139-b60adc9e1abf,7121WP,42,Liander
4 003 144,07fbd31c-c94a-41b6-b139-b60adc9e1abf,7121WP,43,Liander
4 003 144,07fbd31c-c94a-41b6-b139-b60adc9e1abf,7121WP,44,Liander
4 003 144,07fbd31c-c94a-41b6-b139-b60adc9e1abf,7121WP,45,Liander
4 003 144,07fbd31c-c94a-41b6-b139-b60adc9e1abf,7121WP,46,Liander
4 003 144,07fbd31c-c94a-41b6-b139-b60adc9e1abf,7121WP,47,Liander
4 003 144,07fbd31c-c94a-41b6-b139-b60adc9e1abf,7121WP,48,Liander
4 003 144,07fbd31c-c94a-41b6-b139-b60adc9e1abf,7121WP,49,Liander
4 003 144,07fbd31c-c94a-41b6-b139-b60adc9e1abf,7121WP,50,Liander
4 003 144,07fbd31c-c94a-41b6-b139-b60adc9e1abf,7121WP,51,Liander
4 003 144,07fbd31c-c94a-41b6-b139-b60adc9e1abf,7121WR,52,Liander
4 003 144,07fbd31c-c94a-41b6-b139-b60adc9e1abf,7121WR,53,Liander
4 003 144,07fbd31c-c94a-41b6-b139-b60adc9e1abf,7121WR,54,Liander
4 003 144,07fbd31c-c94a-41b6-b139-b60adc9e1abf,7121WR,55,Liander
4 003 144,07fbd31c-c94a-41b6-b139-b60adc9e1abf,7121WR,72,Liander
4 003 144,07fbd31c-c94a-41b6-b139-b60adc9e1abf,7121WR,73,Liander
4 003 144,07fbd31c-c94a-41b6-b139-b60adc9e1abf,7121WR,74,Liander
4 003 144,07fbd31c-c94a-41b6-b139-b60adc9e1abf,7121WR,75,Liander
4 003 144,07fbd31c-c94a-41b6-b139-b60adc9e1abf,7121WS,76,Liander
4 003 144,07fbd31c-c94a-41b6-b139-b60adc9e1abf,7121WS,77,Liander
4 003 144,07fbd31c-c94a-41b6-b139-b60adc9e1abf,7121WS,78,Liander
4 003 144,07fbd31c-c94a-41b6-b139-b60adc9e1abf,7121WS,79,Liander
4 003 144,07fbd31c-c94a-41b6-b139-b60adc9e1abf,7121WS,88,Liander
4 003 144,07fbd31c-c94a-41b6-b139-b60adc9e1abf,7121WS,89,Liander
4 003 144,07fbd31c-c94a-41b6-b139-b60adc9e1abf,7121WS,90,Liander
4 003 144,07fbd31c-c94a-41b6-b139-b60adc9e1abf,7121WS,91,Liander
4 003 144,07fbd31c-c94a-41b6-b139-b60adc9e1abf,7121WS,92,Liander
4 003 144,07fbd31c-c94a-41b6-b139-b60adc9e1abf,7121WS,93,Liander
4 003 144,07fbd31c-c94a-41b6-b139-b60adc9e1abf,7121WS,94,Liander
4 003 144,07fbd31c-c94a-41b6-b139-b60adc9e1abf,7121WS,95,Liander
4 003 144,07fbd31c-c94a-41b6-b139-b60adc9e1abf,7121WS,96,Liander
4 003 144,07fbd31c-c94a-41b6-b139-b60adc9e1abf,7121WS,97,Liander
4 003 144,07fbd31c-c94a-41b6-b139-b60adc9e1abf,7121WS,98,Liander
4 003 144,07fbd31c-c94a-41b6-b139-b60adc9e1abf,7121WS,99,Liander
4 003 144,07fbd31c-c94a-41b6-b139-b60adc9e1abf,7121WS,100,Liander
4 003 144,07fbd31c-c94a-41b6-b139-b60adc9e1abf,7121WS,101,Liander
4 003 144,07fbd31c-c94a-41b6-b139-b60adc9e1abf,7121WS,102,Liander
4 003 144,07fbd31c-c94a-41b6-b139-b60adc9e1abf,7121WT,103,Liander
4 003 144,07fbd31c-c94a-41b6-b139-b60adc9e1abf,7121WT,104,Liander
4 003 144,07fbd31c-c94a-41b6-b139-b60adc9e1abf,7121WT,105,Liander
4 003 144,07fbd31c-c94a-41b6-b139-b60adc9e1abf,7121WT,106,Liander
4 003 144,07fbd31c-c94a-41b6-b139-b60adc9e1abf,7121WT,107,Liander
4 003 144,07fbd31c-c94a-41b6-b139-b60adc9e1abf,7121WT,108,Liander
4 003 144,07fbd31c-c94a-41b6-b139-b60adc9e1abf,7121WT,109,Liander
4 003 144,07fbd31c-c94a-41b6-b139-b60adc9e1abf,7121WT,110,Liander
4 003 144,07fbd31c-c94a-41b6-b139-b60adc9e1abf,7121WT,111,Liander
4 003 144,07fbd31c-c94a-41b6-b139-b60adc9e1abf,7121WT,112,Liander
4 003 144,07fbd31c-c94a-41b6-b139-b60adc9e1abf,7121WT,114,Liander
4 003 144,07fbd31c-c94a-41b6-b139-b60adc9e1abf,7121WT,115,Liander
4 003 144,07fbd31c-c94a-41b6-b139-b60adc9e1abf,7121WT,116,Liander
4 003 144,07fbd31c-c94a-41b6-b139-b60adc9e1abf,7121WT,117,Liander
4 003 144,07fbd31c-c94a-41b6-b139-b60adc9e1abf,7121WT,118,Liander
4 003 144,07fbd31c-c94a-41b6-b139-b60adc9e1abf,7121WT,119,Liander
4 003 144,07fbd31c-c94a-41b6-b139-b60adc9e1abf,7121WT,120,Liander
4 003 144,07fbd31c-c94a-41b6-b139-b60adc9e1abf,7121WT,121,Liander
4 003 144,07fbd31c-c94a-41b6-b139-b60adc9e1abf,7121WT,122,Liander
4 003 144,07fbd31c-c94a-41b6-b139-b60adc9e1abf,7121WV,123,Liander
4 003 144,07fbd31c-c94a-41b6-b139-b60adc9e1abf,7121WV,124,Liander
4 003 144,07fbd31c-c94a-41b6-b139-b60adc9e1abf,7121WV,125,Liander
4 003 144,07fbd31c-c94a-41b6-b139-b60adc9e1abf,7121WV,126,Liander
4 003 144,07fbd31c-c94a-41b6-b139-b60adc9e1abf,7121WV,127,Liander
4 003 144,07fbd31c-c94a-41b6-b139-b60adc9e1abf,7121WV,128,Liander
4 003 144,07fbd31c-c94a-41b6-b139-b60adc9e1abf,7121WV,129,Liander
4 003 144,07fbd31c-c94a-41b6-b139-b60adc9e1abf,7121WV,130,Liander
4 003 144,07fbd31c-c94a-41b6-b139-b60adc9e1abf,7121WV,131,Liander
4 003 144,07fbd31c-c94a-41b6-b139-b60adc9e1abf,7121WV,132,Liander
4 003 144,07fbd31c-c94a-41b6-b139-b60adc9e1abf,7121WV,133,Liander
4 003 144,07fbd31c-c94a-41b6-b139-b60adc9e1abf,7121WV,134,Liander
4 006 064,c4aaa250-a39d-4b3c-8b8d-1ea707dab759,6903RC,2,Liander
4 006 064,c4aaa250-a39d-4b3c-8b8d-1ea707dab759,6903RC,4,Liander
4 006 064,c4aaa250-a39d-4b3c-8b8d-1ea707dab759,6903RC,6,Liander
4 006 064,c4aaa250-a39d-4b3c-8b8d-1ea707dab759,6903RC,8,Liander
4 006 064,c4aaa250-a39d-4b3c-8b8d-1ea707dab759,6903RC,10,Liander
4 006 064,c4aaa250-a39d-4b3c-8b8d-1ea707dab759,6903RC,12,Liander
4 006 064,c4aaa250-a39d-4b3c-8b8d-1ea707dab759,6903RC,14,Liander
4 006 064,c4aaa250-a39d-4b3c-8b8d-1ea707dab759,6903XT,99,Liander
4 006 064,c4aaa250-a39d-4b3c-8b8d-1ea707dab759,6903XT,101,Liander
4 006 064,c4aaa250-a39d-4b3c-8b8d-1ea707dab759,6903XT,103,Liander
4 006 064,c4aaa250-a39d-4b3c-8b8d-1ea707dab759,6903XT,105,Liander
4 006 064,c4aaa250-a39d-4b3c-8b8d-1ea707dab759,6903XT,107,Liander
4 006 064,c4aaa250-a39d-4b3c-8b8d-1ea707dab759,6903XT,109,Liander
4 006 064,c4aaa250-a39d-4b3c-8b8d-1ea707dab759,6903XT,111,Liander
4 006 064,c4aaa250-a39d-4b3c-8b8d-1ea707dab759,6903XX,76,Liander
4 006 064,c4aaa250-a39d-4b3c-8b8d-1ea707dab759,6903XX,76 A,Liander
4 006 064,c4aaa250-a39d-4b3c-8b8d-1ea707dab759,6903XX,76 B,Liander
4 006 064,c4aaa250-a39d-4b3c-8b8d-1ea707dab759,6903XX,78,Liander
4 006 064,c4aaa250-a39d-4b3c-8b8d-1ea707dab759,6903XX,78 A,Liander
4 006 064,c4aaa250-a39d-4b3c-8b8d-1ea707dab759,6903XX,78 B,Liander
4 006 064,c4aaa250-a39d-4b3c-8b8d-1ea707dab759,6903XX,78 C,Liander
4 006 064,c4aaa250-a39d-4b3c-8b8d-1ea707dab759,6903XX,80,Liander
4 006 064,c4aaa250-a39d-4b3c-8b8d-1ea707dab759,6903XX,80 A,Liander
4 006 064,c4aaa250-a39d-4b3c-8b8d-1ea707dab759,6903XX,80 B,Liander
4 006 064,c4aaa250-a39d-4b3c-8b8d-1ea707dab759,6903XX,80 C,Liander
4 006 064,c4aaa250-a39d-4b3c-8b8d-1ea707dab759,6903XX,82,Liander
4 006 064,c4aaa250-a39d-4b3c-8b8d-1ea707dab759,6903XX,84,Liander
4 006 064,c4aaa250-a39d-4b3c-8b8d-1ea707dab759,6903XX,86,Liander
4 006 064,c4aaa250-a39d-4b3c-8b8d-1ea707dab759,6903XX,88,Liander
4 006 064,c4aaa250-a39d-4b3c-8b8d-1ea707dab759,6903XX,90,Liander
4 006 064,c4aaa250-a39d-4b3c-8b8d-1ea707dab759,6903XX,92,Liander
4 006 064,c4aaa250-a39d-4b3c-8b8d-1ea707dab759,6903XX,94,Liander
4 006 064,c4aaa250-a39d-4b3c-8b8d-1ea707dab759,6903XX,96,Liander
4 006 064,c4aaa250-a39d-4b3c-8b8d-1ea707dab759,6903XX,98,Liander
4 006 064,c4aaa250-a39d-4b3c-8b8d-1ea707dab759,6903XX,100,Liander
4 006 064,c4aaa250-a39d-4b3c-8b8d-1ea707dab759,6903XX,102,Liander
4 006 064,c4aaa250-a39d-4b3c-8b8d-1ea707dab759,6903XX,104,Liander
4 006 064,c4aaa250-a39d-4b3c-8b8d-1ea707dab759,6903XX,104 A,Liander
4 006 064,c4aaa250-a39d-4b3c-8b8d-1ea707dab759,6903XX,104 B,Liander
4 006 064,c4aaa250-a39d-4b3c-8b8d-1ea707dab759,6903XX,104 C,Liander
4 006 064,c4aaa250-a39d-4b3c-8b8d-1ea707dab759,6903XX,106,Liander
4 006 064,c4aaa250-a39d-4b3c-8b8d-1ea707dab759,6903XX,108,Liander
4 006 064,c4aaa250-a39d-4b3c-8b8d-1ea707dab759,6903XX,112,Liander
4 006 064,c4aaa250-a39d-4b3c-8b8d-1ea707dab759,6903XX,114,Liander
4 006 064,c4aaa250-a39d-4b3c-8b8d-1ea707dab759,6903XZ,4,Liander
4 006 064,c4aaa250-a39d-4b3c-8b8d-1ea707dab759,6903XZ,12,Liander
4 006 064,c4aaa250-a39d-4b3c-8b8d-1ea707dab759,6903XZ,14,Liander
4 006 064,c4aaa250-a39d-4b3c-8b8d-1ea707dab759,6903XZ,16,Liander
4 006 064,c4aaa250-a39d-4b3c-8b8d-1ea707dab759,6903XZ,18,Liander
4 006 064,c4aaa250-a39d-4b3c-8b8d-1ea707dab759,6903XZ,20,Liander
4 006 064,c4aaa250-a39d-4b3c-8b8d-1ea707dab759,6903XZ,22,Liander
4 006 064,c4aaa250-a39d-4b3c-8b8d-1ea707dab759,6903ZA,1,Liander
4 006 064,c4aaa250-a39d-4b3c-8b8d-1ea707dab759,6903ZA,3,Liander
4 006 064,c4aaa250-a39d-4b3c-8b8d-1ea707dab759,6903ZA,5,Liander
4 006 064,c4aaa250-a39d-4b3c-8b8d-1ea707dab759,6903ZA,7,Liander
4 006 064,c4aaa250-a39d-4b3c-8b8d-1ea707dab759,6903ZA,9,Liander
4 006 064,c4aaa250-a39d-4b3c-8b8d-1ea707dab759,6903ZA,11,Liander
4 006 064,c4aaa250-a39d-4b3c-8b8d-1ea707dab759,6903ZA,13,Liander
4 006 064,c4aaa250-a39d-4b3c-8b8d-1ea707dab759,6903ZA,15,Liander
4 006 064,c4aaa250-a39d-4b3c-8b8d-1ea707dab759,6903ZA,17,Liander
4 006 064,c4aaa250-a39d-4b3c-8b8d-1ea707dab759,6903ZA,19,Liander
4 006 064,c4aaa250-a39d-4b3c-8b8d-1ea707dab759,6903ZA,21,Liander
4 006 064,c4aaa250-a39d-4b3c-8b8d-1ea707dab759,6903ZA,23,Liander
4 006 064,c4aaa250-a39d-4b3c-8b8d-1ea707dab759,6903ZA,25,Liander
4 006 064,c4aaa250-a39d-4b3c-8b8d-1ea707dab759,6903ZA,27,Liander
4 006 064,c4aaa250-a39d-4b3c-8b8d-1ea707dab759,6903ZA,29,Liander
4 006 064,c4aaa250-a39d-4b3c-8b8d-1ea707dab759,6903ZA,31,Liander
4 006 064,c4aaa250-a39d-4b3c-8b8d-1ea707dab759,6903ZA,33,Liander
4 006 064,c4aaa250-a39d-4b3c-8b8d-1ea707dab759,6903ZA,35,Liander
4 006 064,c4aaa250-a39d-4b3c-8b8d-1ea707dab759,6903ZA,37,Liander
4 006 064,c4aaa250-a39d-4b3c-8b8d-1ea707dab759,6903ZA,39,Liander
4 006 064,c4aaa250-a39d-4b3c-8b8d-1ea707dab759,6903ZA,41,Liander
4 006 064,c4aaa250-a39d-4b3c-8b8d-1ea707dab759,6903ZB,43,Liander
4 006 064,c4aaa250-a39d-4b3c-8b8d-1ea707dab759,6903ZB,45,Liander
4 006 064,c4aaa250-a39d-4b3c-8b8d-1ea707dab759,6903ZB,47,Liander
4 006 064,c4aaa250-a39d-4b3c-8b8d-1ea707dab759,6903ZB,49,Liander
4 006 064,c4aaa250-a39d-4b3c-8b8d-1ea707dab759,6903ZB,51,Liander
4 006 064,c4aaa250-a39d-4b3c-8b8d-1ea707dab759,6903ZB,53,Liander
4 006 064,c4aaa250-a39d-4b3c-8b8d-1ea707dab759,6903ZB,55,Liander
4 006 064,c4aaa250-a39d-4b3c-8b8d-1ea707dab759,6903ZB,57,Liander
4 006 064,c4aaa250-a39d-4b3c-8b8d-1ea707dab759,6903ZB,59,Liander
4 006 064,c4aaa250-a39d-4b3c-8b8d-1ea707dab759,6903ZB,61,Liander
4 006 064,c4aaa250-a39d-4b3c-8b8d-1ea707dab759,6903ZB,63,Liander
4 006 064,c4aaa250-a39d-4b3c-8b8d-1ea707dab759,6903ZB,65,Liander
4 006 064,c4aaa250-a39d-4b3c-8b8d-1ea707dab759,6903ZC,83,Liander
4 006 064,c4aaa250-a39d-4b3c-8b8d-1ea707dab759,6903ZC,85,Liander
4 006 064,c4aaa250-a39d-4b3c-8b8d-1ea707dab759,6903ZC,87,Liander
4 006 064,c4aaa250-a39d-4b3c-8b8d-1ea707dab759,6903ZC,89,Liander
4 006 064,c4aaa250-a39d-4b3c-8b8d-1ea707dab759,6903ZC,103,Liander
4 006 064,c4aaa250-a39d-4b3c-8b8d-1ea707dab759,6903ZC,105,Liander
4 006 064,c4aaa250-a39d-4b3c-8b8d-1ea707dab759,6903ZC,107,Liander
4 006 064,c4aaa250-a39d-4b3c-8b8d-1ea707dab759,6903ZC,109,Liander
4 006 064,c4aaa250-a39d-4b3c-8b8d-1ea707dab759,6903ZC,111,Liander
4 006 064,c4aaa250-a39d-4b3c-8b8d-1ea707dab759,6903ZD,113,Liander
4 006 064,c4aaa250-a39d-4b3c-8b8d-1ea707dab759,6903ZD,115,Liander
4 006 064,c4aaa250-a39d-4b3c-8b8d-1ea707dab759,6903ZD,117,Liander
4 006 064,c4aaa250-a39d-4b3c-8b8d-1ea707dab759,6903ZD,119,Liander
4 006 064,c4aaa250-a39d-4b3c-8b8d-1ea707dab759,6903ZD,121,Liander
4 006 064,c4aaa250-a39d-4b3c-8b8d-1ea707dab759,6903ZD,123,Liander
4 006 064,c4aaa250-a39d-4b3c-8b8d-1ea707dab759,6903ZD,125,Liander
4 006 064,c4aaa250-a39d-4b3c-8b8d-1ea707dab759,6903ZD,127,Liander
4 006 064,c4aaa250-a39d-4b3c-8b8d-1ea707dab759,6903ZD,129,Liander
4 006 064,c4aaa250-a39d-4b3c-8b8d-1ea707dab759,6903ZD,131,Liander
4 006 064,c4aaa250-a39d-4b3c-8b8d-1ea707dab759,6903ZD,133,Liander
4 006 064,c4aaa250-a39d-4b3c-8b8d-1ea707dab759,6903ZD,135,Liander
4 006 064,c4aaa250-a39d-4b3c-8b8d-1ea707dab759,6903ZD,137,Liander
4 006 064,c4aaa250-a39d-4b3c-8b8d-1ea707dab759,6903ZD,139,Liander
4 006 064,c4aaa250-a39d-4b3c-8b8d-1ea707dab759,6903ZE,2,Liander
4 006 064,c4aaa250-a39d-4b3c-8b8d-1ea707dab759,6903ZE,4,Liander
4 006 064,c4aaa250-a39d-4b3c-8b8d-1ea707dab759,6903ZE,6,Liander
4 006 064,c4aaa250-a39d-4b3c-8b8d-1ea707dab759,6903ZE,8,Liander
4 006 064,c4aaa250-a39d-4b3c-8b8d-1ea707dab759,6903ZE,10,Liander
4 006 064,c4aaa250-a39d-4b3c-8b8d-1ea707dab759,6903ZE,12,Liander
4 006 064,c4aaa250-a39d-4b3c-8b8d-1ea707dab759,6903ZE,14,Liander
4 006 064,c4aaa250-a39d-4b3c-8b8d-1ea707dab759,6903ZE,16,Liander
4 006 064,c4aaa250-a39d-4b3c-8b8d-1ea707dab759,6903ZE,18,Liander
4 006 064,c4aaa250-a39d-4b3c-8b8d-1ea707dab759,6903ZE,18 A,Liander
4 006 064,c4aaa250-a39d-4b3c-8b8d-1ea707dab759,6903ZE,20,Liander
4 006 064,c4aaa250-a39d-4b3c-8b8d-1ea707dab759,6903ZE,22,Liander
4 006 064,c4aaa250-a39d-4b3c-8b8d-1ea707dab759,6903ZE,24,Liander
4 006 064,c4aaa250-a39d-4b3c-8b8d-1ea707dab759,6903ZE,26,Liander
4 006 064,c4aaa250-a39d-4b3c-8b8d-1ea707dab759,6903ZE,28,Liander
4 006 064,c4aaa250-a39d-4b3c-8b8d-1ea707dab759,6903ZE,30,Liander
4 006 064,c4aaa250-a39d-4b3c-8b8d-1ea707dab759,6903ZE,32,Liander
4 006 064,c4aaa250-a39d-4b3c-8b8d-1ea707dab759,6903ZE,34,Liander
4 006 064,c4aaa250-a39d-4b3c-8b8d-1ea707dab759,6903ZE,36,Liander
4 006 064,c4aaa250-a39d-4b3c-8b8d-1ea707dab759,6903ZE,38,Liander
4 006 064,c4aaa250-a39d-4b3c-8b8d-1ea707dab759,6903ZE,40,Liander
4 006 064,c4aaa250-a39d-4b3c-8b8d-1ea707dab759,6903ZG,42,Liander
4 006 064,c4aaa250-a39d-4b3c-8b8d-1ea707dab759,6903ZG,44,Liander
4 006 064,c4aaa250-a39d-4b3c-8b8d-1ea707dab759,6903ZG,46,Liander
4 006 064,c4aaa250-a39d-4b3c-8b8d-1ea707dab759,6903ZG,48,Liander
4 006 064,c4aaa250-a39d-4b3c-8b8d-1ea707dab759,6903ZG,50,Liander
4 006 064,c4aaa250-a39d-4b3c-8b8d-1ea707dab759,6903ZG,52,Liander
4 006 064,c4aaa250-a39d-4b3c-8b8d-1ea707dab759,6903ZG,54,Liander
4 006 064,c4aaa250-a39d-4b3c-8b8d-1ea707dab759,6903ZG,56,Liander
4 006 064,c4aaa250-a39d-4b3c-8b8d-1ea707dab759,6903ZG,58,Liander
4 006 064,c4aaa250-a39d-4b3c-8b8d-1ea707dab759,6903ZG,60,Liander
4 006 064,c4aaa250-a39d-4b3c-8b8d-1ea707dab759,6903ZG,62,Liander
4 006 064,c4aaa250-a39d-4b3c-8b8d-1ea707dab759,6903ZG,64,Liander
4 006 064,c4aaa250-a39d-4b3c-8b8d-1ea707dab759,6903ZG,66,Liander
4 006 064,c4aaa250-a39d-4b3c-8b8d-1ea707dab759,6903ZG,68,Liander
4 006 064,c4aaa250-a39d-4b3c-8b8d-1ea707dab759,6903ZG,70,Liander
4 006 064,c4aaa250-a39d-4b3c-8b8d-1ea707dab759,6903ZG,72,Liander
4 006 064,c4aaa250-a39d-4b3c-8b8d-1ea707dab759,6903ZG,74,Liander
4 006 064,c4aaa250-a39d-4b3c-8b8d-1ea707dab759,6903ZG,76,Liander
4 006 064,c4aaa250-a39d-4b3c-8b8d-1ea707dab759,6903ZG,78,Liander
4 006 064,c4aaa250-a39d-4b3c-8b8d-1ea707dab759,6903ZG,80,Liander
4 006 064,c4aaa250-a39d-4b3c-8b8d-1ea707dab759,6903ZG,82,Liander
4 006 064,c4aaa250-a39d-4b3c-8b8d-1ea707dab759,6903ZH,1,Liander
4 006 064,c4aaa250-a39d-4b3c-8b8d-1ea707dab759,6903ZH,3,Liander
4 006 064,c4aaa250-a39d-4b3c-8b8d-1ea707dab759,6903ZH,5,Liander
4 006 064,c4aaa250-a39d-4b3c-8b8d-1ea707dab759,6903ZH,9,Liander
4 006 064,c4aaa250-a39d-4b3c-8b8d-1ea707dab759,6903ZH,11,Liander
4 006 064,c4aaa250-a39d-4b3c-8b8d-1ea707dab759,6903ZH,13,Liander
4 006 064,c4aaa250-a39d-4b3c-8b8d-1ea707dab759,6903ZH,15,Liander
4 006 064,c4aaa250-a39d-4b3c-8b8d-1ea707dab759,6903ZH,17,Liander
4 006 064,c4aaa250-a39d-4b3c-8b8d-1ea707dab759,6903ZH,19,Liander
4 006 064,c4aaa250-a39d-4b3c-8b8d-1ea707dab759,6903ZH,21,Liander
4 006 064,c4aaa250-a39d-4b3c-8b8d-1ea707dab759,6903ZH,23,Liander
4 006 064,c4aaa250-a39d-4b3c-8b8d-1ea707dab759,6903ZH,25,Liander
4 006 064,c4aaa250-a39d-4b3c-8b8d-1ea707dab759,6903ZH,27,Liander
4 006 064,c4aaa250-a39d-4b3c-8b8d-1ea707dab759,6903ZH,29,Liander
4 006 064,c4aaa250-a39d-4b3c-8b8d-1ea707dab759,6903ZH,31,Liander
4 006 064,c4aaa250-a39d-4b3c-8b8d-1ea707dab759,6903ZH,33,Liander
4 006 064,c4aaa250-a39d-4b3c-8b8d-1ea707dab759,6903ZH,35,Liander
4 006 064,c4aaa250-a39d-4b3c-8b8d-1ea707dab759,6903ZH,37,Liander
4 006 064,c4aaa250-a39d-4b3c-8b8d-1ea707dab759,6903ZH,39,Liander
4 006 064,c4aaa250-a39d-4b3c-8b8d-1ea707dab759,6903ZH,41,Liander
4 006 064,c4aaa250-a39d-4b3c-8b8d-1ea707dab759,6903ZH,43,Liander
4 006 064,c4aaa250-a39d-4b3c-8b8d-1ea707dab759,6903ZH,45,Liander
4 006 064,c4aaa250-a39d-4b3c-8b8d-1ea707dab759,6903ZH,47,Liander
4 006 064,c4aaa250-a39d-4b3c-8b8d-1ea707dab759,6903ZH,49,Liander
4 006 064,c4aaa250-a39d-4b3c-8b8d-1ea707dab759,6903ZJ,12,Liander
4 006 064,c4aaa250-a39d-4b3c-8b8d-1ea707dab759,6903ZJ,14,Liander
4 006 064,c4aaa250-a39d-4b3c-8b8d-1ea707dab759,6903ZJ,22,Liander
4 006 064,c4aaa250-a39d-4b3c-8b8d-1ea707dab759,6903ZJ,26,Liander
4 006 064,c4aaa250-a39d-4b3c-8b8d-1ea707dab759,6903ZJ,28,Liander
4 006 064,c4aaa250-a39d-4b3c-8b8d-1ea707dab759,6903ZK,41,Liander
4 006 064,c4aaa250-a39d-4b3c-8b8d-1ea707dab759,6903ZK,43,Liander
4 006 064,c4aaa250-a39d-4b3c-8b8d-1ea707dab759,6903ZK,45,Liander
4 006 064,c4aaa250-a39d-4b3c-8b8d-1ea707dab759,6903ZK,47,Liander
4 006 064,c4aaa250-a39d-4b3c-8b8d-1ea707dab759,6903ZK,49,Liander
4 006 064,c4aaa250-a39d-4b3c-8b8d-1ea707dab759,6903ZK,51,Liander
4 006 064,c4aaa250-a39d-4b3c-8b8d-1ea707dab759,6903ZL,53,Liander
4 006 064,c4aaa250-a39d-4b3c-8b8d-1ea707dab759,6903ZL,55,Liander
4 006 064,c4aaa250-a39d-4b3c-8b8d-1ea707dab759,6903ZL,57,Liander
4 006 064,c4aaa250-a39d-4b3c-8b8d-1ea707dab759,6903ZL,59,Liander
4 006 064,c4aaa250-a39d-4b3c-8b8d-1ea707dab759,6903ZL,61,Liander
4 006 064,c4aaa250-a39d-4b3c-8b8d-1ea707dab759,6903ZL,63,Liander
4 006 064,c4aaa250-a39d-4b3c-8b8d-1ea707dab759,6903ZL,65,Liander
4 006 064,c4aaa250-a39d-4b3c-8b8d-1ea707dab759,6903ZL,67,Liander
4 006 064,c4aaa250-a39d-4b3c-8b8d-1ea707dab759,6903ZL,69,Liander
4 006 064,c4aaa250-a39d-4b3c-8b8d-1ea707dab759,6903ZL,71,Liander
4 006 064,c4aaa250-a39d-4b3c-8b8d-1ea707dab759,6903ZL,73,Liander
4 006 064,c4aaa250-a39d-4b3c-8b8d-1ea707dab759,6903ZL,75,Liander
4 006 064,c4aaa250-a39d-4b3c-8b8d-1ea707dab759,6903ZP,13,Liander
4 006 064,c4aaa250-a39d-4b3c-8b8d-1ea707dab759,6903ZP,15,Liander
4 006 064,c4aaa250-a39d-4b3c-8b8d-1ea707dab759,6903ZP,17,Liander
4 006 064,c4aaa250-a39d-4b3c-8b8d-1ea707dab759,6903ZP,19,Liander
4 006 064,c4aaa250-a39d-4b3c-8b8d-1ea707dab759,6903ZP,21,Liander
4 006 064,c4aaa250-a39d-4b3c-8b8d-1ea707dab759,6903ZP,23,Liander
4 006 064,c4aaa250-a39d-4b3c-8b8d-1ea707dab759,6903ZP,25,Liander
6 002 056,1b60664f-1131-4177-9dea-77cd77ab97d7,6571AM,1,Liander
6 002 056,1b60664f-1131-4177-9dea-77cd77ab97d7,6571AM,1 A,Liander
6 002 056,1b60664f-1131-4177-9dea-77cd77ab97d7,6571AM,1 b,Liander
6 002 056,1b60664f-1131-4177-9dea-77cd77ab97d7,6571AM,2,Liander
6 002 056,1b60664f-1131-4177-9dea-77cd77ab97d7,6571AM,3,Liander
6 002 056,1b60664f-1131-4177-9dea-77cd77ab97d7,6571AM,4,Liander
6 002 056,1b60664f-1131-4177-9dea-77cd77ab97d7,6571AM,5,Liander
6 002 056,1b60664f-1131-4177-9dea-77cd77ab97d7,6571AM,6,Liander
6 002 056,1b60664f-1131-4177-9dea-77cd77ab97d7,6571AM,7,Liander
6 002 056,1b60664f-1131-4177-9dea-77cd77ab97d7,6571AM,8,Liander
6 002 056,1b60664f-1131-4177-9dea-77cd77ab97d7,6571AM,9,Liander
6 002 056,1b60664f-1131-4177-9dea-77cd77ab97d7,6571AM,10,Liander
6 002 056,1b60664f-1131-4177-9dea-77cd77ab97d7,6571AM,11,Liander
6 002 056,1b60664f-1131-4177-9dea-77cd77ab97d7,6571AM,12,Liander
6 002 056,1b60664f-1131-4177-9dea-77cd77ab97d7,6571AM,13,Liander
6 002 056,1b60664f-1131-4177-9dea-77cd77ab97d7,6571AM,14,Liander
6 002 056,1b60664f-1131-4177-9dea-77cd77ab97d7,6571AM,16,Liander
6 002 056,1b60664f-1131-4177-9dea-77cd77ab97d7,6571AN,1,Liander
6 002 056,1b60664f-1131-4177-9dea-77cd77ab97d7,6571AN,2,Liander
6 002 056,1b60664f-1131-4177-9dea-77cd77ab97d7,6571AN,3,Liander
6 002 056,1b60664f-1131-4177-9dea-77cd77ab97d7,6571AN,4,Liander
6 002 056,1b60664f-1131-4177-9dea-77cd77ab97d7,6571AN,5,Liander
6 002 056,1b60664f-1131-4177-9dea-77cd77ab97d7,6571AN,6,Liander
6 002 056,1b60664f-1131-4177-9dea-77cd77ab97d7,6571AN,7,Liander
6 002 056,1b60664f-1131-4177-9dea-77cd77ab97d7,6571AN,8,Liander
6 002 056,1b60664f-1131-4177-9dea-77cd77ab97d7,6571AN,9,Liander
6 002 056,1b60664f-1131-4177-9dea-77cd77ab97d7,6571AN,10,Liander
6 002 056,1b60664f-1131-4177-9dea-77cd77ab97d7,6571AN,11,Liander
6 002 056,1b60664f-1131-4177-9dea-77cd77ab97d7,6571AN,12,Liander
6 002 056,1b60664f-1131-4177-9dea-77cd77ab97d7,6571AN,13,Liander
6 002 056,1b60664f-1131-4177-9dea-77cd77ab97d7,6571AN,15,Liander
6 002 056,1b60664f-1131-4177-9dea-77cd77ab97d7,6571BD,41,Liander
6 002 056,1b60664f-1131-4177-9dea-77cd77ab97d7,6571BD,43,Liander
6 002 056,1b60664f-1131-4177-9dea-77cd77ab97d7,6571BD,45,Liander
6 002 056,1b60664f-1131-4177-9dea-77cd77ab97d7,6571BD,47,Liander
6 002 056,1b60664f-1131-4177-9dea-77cd77ab97d7,6571BD,49,Liander
6 002 056,1b60664f-1131-4177-9dea-77cd77ab97d7,6571BD,51,Liander
6 002 056,1b60664f-1131-4177-9dea-77cd77ab97d7,6571BD,53,Liander
6 002 056,1b60664f-1131-4177-9dea-77cd77ab97d7,6571BD,55,Liander
6 002 056,1b60664f-1131-4177-9dea-77cd77ab97d7,6571BD,57,Liander
6 002 056,1b60664f-1131-4177-9dea-77cd77ab97d7,6571BD,59,Liander
6 002 056,1b60664f-1131-4177-9dea-77cd77ab97d7,6571BD,61,Liander
6 002 056,1b60664f-1131-4177-9dea-77cd77ab97d7,6571BD,63,Liander
6 002 056,1b60664f-1131-4177-9dea-77cd77ab97d7,6571BE,65,Liander
6 002 056,1b60664f-1131-4177-9dea-77cd77ab97d7,6571BE,65 a,Liander
6 002 056,1b60664f-1131-4177-9dea-77cd77ab97d7,6571BE,67,Liander
6 002 056,1b60664f-1131-4177-9dea-77cd77ab97d7,6571BE,69,Liander
6 002 056,1b60664f-1131-4177-9dea-77cd77ab97d7,6571BE,69 a,Liander
6 002 056,1b60664f-1131-4177-9dea-77cd77ab97d7,6571BE,75,Liander
6 002 056,1b60664f-1131-4177-9dea-77cd77ab97d7,6571BE,77,Liander
6 002 056,1b60664f-1131-4177-9dea-77cd77ab97d7,6571BE,79,Liander
6 002 056,1b60664f-1131-4177-9dea-77cd77ab97d7,6571BE,81,Liander
6 002 056,1b60664f-1131-4177-9dea-77cd77ab97d7,6571BE,83,Liander
6 002 056,1b60664f-1131-4177-9dea-77cd77ab97d7,6571BE,85,Liander
6 002 056,1b60664f-1131-4177-9dea-77cd77ab97d7,6571BE,87,Liander
6 002 056,1b60664f-1131-4177-9dea-77cd77ab97d7,6571BE,89,Liander
6 002 056,1b60664f-1131-4177-9dea-77cd77ab97d7,6571BE,91,Liander
6 002 056,1b60664f-1131-4177-9dea-77cd77ab97d7,6571BE,93,Liander
6 002 056,1b60664f-1131-4177-9dea-77cd77ab97d7,6571BE,93 a,Liander
6 002 056,1b60664f-1131-4177-9dea-77cd77ab97d7,6571BE,97,Liander
6 002 056,1b60664f-1131-4177-9dea-77cd77ab97d7,6571BE,99,Liander
6 002 056,1b60664f-1131-4177-9dea-77cd77ab97d7,6571BE,101,Liander
6 002 056,1b60664f-1131-4177-9dea-77cd77ab97d7,6571BG,24,Liander
6 002 056,1b60664f-1131-4177-9dea-77cd77ab97d7,6571BG,26,Liander
6 002 056,1b60664f-1131-4177-9dea-77cd77ab97d7,6571BG,28,Liander
6 002 056,1b60664f-1131-4177-9dea-77cd77ab97d7,6571BG,30,Liander
6 002 056,1b60664f-1131-4177-9dea-77cd77ab97d7,6571BG,32,Liander
6 002 056,1b60664f-1131-4177-9dea-77cd77ab97d7,6571BG,34,Liander
6 002 056,1b60664f-1131-4177-9dea-77cd77ab97d7,6571BG,36,Liander
6 002 056,1b60664f-1131-4177-9dea-77cd77ab97d7,6571BG,38,Liander
6 002 056,1b60664f-1131-4177-9dea-77cd77ab97d7,6571BH,64,Liander
6 002 056,1b60664f-1131-4177-9dea-77cd77ab97d7,6572AA,7,Liander
6 002 056,1b60664f-1131-4177-9dea-77cd77ab97d7,6572AB,6,Liander
6 002 056,1b60664f-1131-4177-9dea-77cd77ab97d7,6572AB,10,Liander
6 002 056,1b60664f-1131-4177-9dea-77cd77ab97d7,6572AB,14,Liander
6 002 056,1b60664f-1131-4177-9dea-77cd77ab97d7,6572AC,6,Liander
6 003 541,b66be8f9-9036-4038-b253-b6cc2d5cdada,4041AH,10,Liander
6 003 541,b66be8f9-9036-4038-b253-b6cc2d5cdada,4041AH,12,Liander
6 003 541,b66be8f9-9036-4038-b253-b6cc2d5cdada,4041AH,12 A,Liander
6 003 541,b66be8f9-9036-4038-b253-b6cc2d5cdada,4041AH,14,Liander
6 003 541,b66be8f9-9036-4038-b253-b6cc2d5cdada,4041AH,16,Liander
6 003 541,b66be8f9-9036-4038-b253-b6cc2d5cdada,4041AH,16 a,Liander
6 003 541,b66be8f9-9036-4038-b253-b6cc2d5cdada,4041AH,18,Liander
6 003 541,b66be8f9-9036-4038-b253-b6cc2d5cdada,4041AH,20,Liander
6 003 541,b66be8f9-9036-4038-b253-b6cc2d5cdada,4041AH,22,Liander
6 003 541,b66be8f9-9036-4038-b253-b6cc2d5cdada,4041AH,24,Liander
6 003 541,b66be8f9-9036-4038-b253-b6cc2d5cdada,4041AJ,26,Liander
6 003 541,b66be8f9-9036-4038-b253-b6cc2d5cdada,4041AJ,26 a,Liander
6 003 541,b66be8f9-9036-4038-b253-b6cc2d5cdada,4041AJ,28,Liander
6 003 541,b66be8f9-9036-4038-b253-b6cc2d5cdada,4041AJ,30,Liander
6 003 541,b66be8f9-9036-4038-b253-b6cc2d5cdada,4041AJ,32,Liander
6 003 541,b66be8f9-9036-4038-b253-b6cc2d5cdada,4041AJ,34,Liander
6 003 541,b66be8f9-9036-4038-b253-b6cc2d5cdada,4041AJ,36,Liander
6 003 541,b66be8f9-9036-4038-b253-b6cc2d5cdada,4041AJ,38,Liander
6 003 541,b66be8f9-9036-4038-b253-b6cc2d5cdada,4041AJ,40,Liander
6 003 541,b66be8f9-9036-4038-b253-b6cc2d5cdada,4041AJ,42,Liander
6 003 541,b66be8f9-9036-4038-b253-b6cc2d5cdada,4041AJ,42 a,Liander
6 003 541,b66be8f9-9036-4038-b253-b6cc2d5cdada,4041AJ,44,Liander
6 003 541,b66be8f9-9036-4038-b253-b6cc2d5cdada,4041AJ,46,Liander
6 003 541,b66be8f9-9036-4038-b253-b6cc2d5cdada,4041AJ,48,Liander
6 003 541,b66be8f9-9036-4038-b253-b6cc2d5cdada,4041AJ,50,Liander
6 003 541,b66be8f9-9036-4038-b253-b6cc2d5cdada,4041AJ,52,Liander
6 003 541,b66be8f9-9036-4038-b253-b6cc2d5cdada,4041AJ,54,Liander
6 003 541,b66be8f9-9036-4038-b253-b6cc2d5cdada,4041AJ,56,Liander
6 003 541,b66be8f9-9036-4038-b253-b6cc2d5cdada,4041AJ,58,Liander
6 003 541,b66be8f9-9036-4038-b253-b6cc2d5cdada,4041AK,1,Liander
6 003 541,b66be8f9-9036-4038-b253-b6cc2d5cdada,4041AK,2,Liander
6 003 541,b66be8f9-9036-4038-b253-b6cc2d5cdada,4041AK,3,Liander
6 003 541,b66be8f9-9036-4038-b253-b6cc2d5cdada,4041AK,4,Liander
6 003 541,b66be8f9-9036-4038-b253-b6cc2d5cdada,4041AK,5,Liander
6 003 541,b66be8f9-9036-4038-b253-b6cc2d5cdada,4041AK,6,Liander
6 003 541,b66be8f9-9036-4038-b253-b6cc2d5cdada,4041AK,7,Liander
6 003 541,b66be8f9-9036-4038-b253-b6cc2d5cdada,4041AK,8,Liander
6 003 541,b66be8f9-9036-4038-b253-b6cc2d5cdada,4041AK,9,Liander
6 003 541,b66be8f9-9036-4038-b253-b6cc2d5cdada,4041AK,10,Liander
6 003 541,b66be8f9-9036-4038-b253-b6cc2d5cdada,4041AK,11,Liander
6 003 541,b66be8f9-9036-4038-b253-b6cc2d5cdada,4041AK,12,Liander
6 003 541,b66be8f9-9036-4038-b253-b6cc2d5cdada,4041AK,13,Liander
6 003 541,b66be8f9-9036-4038-b253-b6cc2d5cdada,4041AK,14,Liander
6 003 541,b66be8f9-9036-4038-b253-b6cc2d5cdada,4041AK,15,Liander
6 003 541,b66be8f9-9036-4038-b253-b6cc2d5cdada,4041AK,16,Liander
6 003 541,b66be8f9-9036-4038-b253-b6cc2d5cdada,4041AK,18,Liander
6 003 541,b66be8f9-9036-4038-b253-b6cc2d5cdada,4041AM,1,Liander
6 003 541,b66be8f9-9036-4038-b253-b6cc2d5cdada,4041AM,2,Liander
6 003 541,b66be8f9-9036-4038-b253-b6cc2d5cdada,4041AM,3,Liander
6 003 541,b66be8f9-9036-4038-b253-b6cc2d5cdada,4041AM,4,Liander
6 003 541,b66be8f9-9036-4038-b253-b6cc2d5cdada,4041AM,5,Liander
6 003 541,b66be8f9-9036-4038-b253-b6cc2d5cdada,4041AM,6,Liander
6 003 541,b66be8f9-9036-4038-b253-b6cc2d5cdada,4041AM,7,Liander
6 003 541,b66be8f9-9036-4038-b253-b6cc2d5cdada,4041AM,8,Liander
6 003 541,b66be8f9-9036-4038-b253-b6cc2d5cdada,4041AM,10,Liander
6 003 541,b66be8f9-9036-4038-b253-b6cc2d5cdada,4041AM,12,Liander
6 003 541,b66be8f9-9036-4038-b253-b6cc2d5cdada,4041AM,14,Liander
6 003 541,b66be8f9-9036-4038-b253-b6cc2d5cdada,4041AM,16,Liander
6 003 541,b66be8f9-9036-4038-b253-b6cc2d5cdada,4041AM,18,Liander
6 003 541,b66be8f9-9036-4038-b253-b6cc2d5cdada,4041AM,20,Liander
6 003 541,b66be8f9-9036-4038-b253-b6cc2d5cdada,4041AM,22,Liander
6 003 541,b66be8f9-9036-4038-b253-b6cc2d5cdada,4041AM,24,Liander
6 003 541,b66be8f9-9036-4038-b253-b6cc2d5cdada,4041AM,26,Liander
6 003 541,b66be8f9-9036-4038-b253-b6cc2d5cdada,4041AM,28,Liander
6 003 541,b66be8f9-9036-4038-b253-b6cc2d5cdada,4041AM,30,Liander
6 003 541,b66be8f9-9036-4038-b253-b6cc2d5cdada,4041AM,32,Liander
6 003 541,b66be8f9-9036-4038-b253-b6cc2d5cdada,4041AM,34,Liander
6 003 541,b66be8f9-9036-4038-b253-b6cc2d5cdada,4041AM,36,Liander
6 003 541,b66be8f9-9036-4038-b253-b6cc2d5cdada,4041AM,38,Liander
6 003 541,b66be8f9-9036-4038-b253-b6cc2d5cdada,4041AM,40,Liander
6 003 541,b66be8f9-9036-4038-b253-b6cc2d5cdada,4041AM,42,Liander
6 003 541,b66be8f9-9036-4038-b253-b6cc2d5cdada,4041AM,44,Liander
6 003 541,b66be8f9-9036-4038-b253-b6cc2d5cdada,4041AM,46,Liander
6 003 541,b66be8f9-9036-4038-b253-b6cc2d5cdada,4041AM,48,Liander
6 003 541,b66be8f9-9036-4038-b253-b6cc2d5cdada,4041AN,2,Liander
6 003 541,b66be8f9-9036-4038-b253-b6cc2d5cdada,4041AN,4,Liander
6 003 541,b66be8f9-9036-4038-b253-b6cc2d5cdada,4041AN,6,Liander
6 003 541,b66be8f9-9036-4038-b253-b6cc2d5cdada,4041AN,8,Liander
6 003 541,b66be8f9-9036-4038-b253-b6cc2d5cdada,4041AN,13,Liander
6 003 541,b66be8f9-9036-4038-b253-b6cc2d5cdada,4041AN,15,Liander
6 003 541,b66be8f9-9036-4038-b253-b6cc2d5cdada,4041AN,17,Liander
6 003 541,b66be8f9-9036-4038-b253-b6cc2d5cdada,4041AN,19,Liander
6 003 541,b66be8f9-9036-4038-b253-b6cc2d5cdada,4041AN,21,Liander
6 003 541,b66be8f9-9036-4038-b253-b6cc2d5cdada,4041AN,23,Liander
6 003 541,b66be8f9-9036-4038-b253-b6cc2d5cdada,4041AN,25,Liander
6 003 541,b66be8f9-9036-4038-b253-b6cc2d5cdada,4041AN,27,Liander
6 003 541,b66be8f9-9036-4038-b253-b6cc2d5cdada,4041AN,29,Liander
6 003 541,b66be8f9-9036-4038-b253-b6cc2d5cdada,4041AN,31,Liander
6 003 541,b66be8f9-9036-4038-b253-b6cc2d5cdada,4041AN,33,Liander
6 003 541,b66be8f9-9036-4038-b253-b6cc2d5cdada,4041AN,35,Liander
6 003 541,b66be8f9-9036-4038-b253-b6cc2d5cdada,4041AN,37,Liander
6 003 541,b66be8f9-9036-4038-b253-b6cc2d5cdada,4041AN,39,Liander
6 003 541,b66be8f9-9036-4038-b253-b6cc2d5cdada,4041AN,41,Liander
6 003 541,b66be8f9-9036-4038-b253-b6cc2d5cdada,4041BN,2,Liander
6 003 541,b66be8f9-9036-4038-b253-b6cc2d5cdada,4041BN,4,Liander
6 003 541,b66be8f9-9036-4038-b253-b6cc2d5cdada,4041BN,6,Liander
6 003 541,b66be8f9-9036-4038-b253-b6cc2d5cdada,4041BN,8,Liander
6 003 541,b66be8f9-9036-4038-b253-b6cc2d5cdada,4041XA,17,Liander
6 003 541,b66be8f9-9036-4038-b253-b6cc2d5cdada,4041XA,17 a,Liander
6 003 541,b66be8f9-9036-4038-b253-b6cc2d5cdada,4041XA,19,Liander
6 003 541,b66be8f9-9036-4038-b253-b6cc2d5cdada,4041XA,21,Liander
6 003 541,b66be8f9-9036-4038-b253-b6cc2d5cdada,4041XA,23 B,Liander
6 003 541,b66be8f9-9036-4038-b253-b6cc2d5cdada,4041XB,18,Liander
6 003 541,b66be8f9-9036-4038-b253-b6cc2d5cdada,4041XB,20,Liander
6 003 541,b66be8f9-9036-4038-b253-b6cc2d5cdada,4041XB,24,Liander
6 003 541,b66be8f9-9036-4038-b253-b6cc2d5cdada,4041XB,24 a,Liander
6 003 541,b66be8f9-9036-4038-b253-b6cc2d5cdada,4041XB,24 b,Liander
6 003 541,b66be8f9-9036-4038-b253-b6cc2d5cdada,4041XB,26,Liander
6 003 541,b66be8f9-9036-4038-b253-b6cc2d5cdada,4041XB,28,Liander
6 003 541,b66be8f9-9036-4038-b253-b6cc2d5cdada,4041XB,30,Liander
6 003 541,b66be8f9-9036-4038-b253-b6cc2d5cdada,4041XD,1,Liander
6 003 541,b66be8f9-9036-4038-b253-b6cc2d5cdada,4041XD,3,Liander
6 003 541,b66be8f9-9036-4038-b253-b6cc2d5cdada,4041XD,5,Liander
6 003 541,b66be8f9-9036-4038-b253-b6cc2d5cdada,4041XD,7,Liander
6 003 541,b66be8f9-9036-4038-b253-b6cc2d5cdada,4041XE,19,Liander
6 003 541,b66be8f9-9036-4038-b253-b6cc2d5cdada,4041XE,21,Liander
6 003 541,b66be8f9-9036-4038-b253-b6cc2d5cdada,4041XE,21 a,Liander
6 003 541,b66be8f9-9036-4038-b253-b6cc2d5cdada,4041XE,23,Liander
6 003 541,b66be8f9-9036-4038-b253-b6cc2d5cdada,4041XE,23 a,Liander
6 003 541,b66be8f9-9036-4038-b253-b6cc2d5cdada,4041XE,25,Liander
6 003 541,b66be8f9-9036-4038-b253-b6cc2d5cdada,4041XE,25 a,Liander
6 003 541,b66be8f9-9036-4038-b253-b6cc2d5cdada,4041XG,24,Liander
6 003 541,b66be8f9-9036-4038-b253-b6cc2d5cdada,4041XG,26,Liander
6 003 541,b66be8f9-9036-4038-b253-b6cc2d5cdada,4041XG,26 a,Liander
6 003 541,b66be8f9-9036-4038-b253-b6cc2d5cdada,4041XH,1,Liander
6 003 541,b66be8f9-9036-4038-b253-b6cc2d5cdada,4041XH,2,Liander
6 003 541,b66be8f9-9036-4038-b253-b6cc2d5cdada,4041XH,3,Liander
6 003 541,b66be8f9-9036-4038-b253-b6cc2d5cdada,4041XH,4,Liander
6 003 541,b66be8f9-9036-4038-b253-b6cc2d5cdada,4041XH,5,Liander
6 003 541,b66be8f9-9036-4038-b253-b6cc2d5cdada,4041XH,6,Liander
6 003 541,b66be8f9-9036-4038-b253-b6cc2d5cdada,4041XH,7,Liander
6 003 541,b66be8f9-9036-4038-b253-b6cc2d5cdada,4041XH,8,Liander
6 003 541,b66be8f9-9036-4038-b253-b6cc2d5cdada,4041XH,9,Liander
6 003 541,b66be8f9-9036-4038-b253-b6cc2d5cdada,4041XH,10,Liander
6 003 541,b66be8f9-9036-4038-b253-b6cc2d5cdada,4041XH,11,Liander
6 003 541,b66be8f9-9036-4038-b253-b6cc2d5cdada,4041XH,12,Liander
6 003 541,b66be8f9-9036-4038-b253-b6cc2d5cdada,4041XH,13,Liander
6 003 541,b66be8f9-9036-4038-b253-b6cc2d5cdada,4041XH,14,Liander
6 003 541,b66be8f9-9036-4038-b253-b6cc2d5cdada,4041XH,15,Liander
6 003 541,b66be8f9-9036-4038-b253-b6cc2d5cdada,4041XH,16,Liander
6 003 541,b66be8f9-9036-4038-b253-b6cc2d5cdada,4041XH,17,Liander
6 003 541,b66be8f9-9036-4038-b253-b6cc2d5cdada,4041XH,18,Liander
6 003 541,b66be8f9-9036-4038-b253-b6cc2d5cdada,4041XM,1,Liander
6 003 541,b66be8f9-9036-4038-b253-b6cc2d5cdada,4041XM,3,Liander
6 003 541,b66be8f9-9036-4038-b253-b6cc2d5cdada,4041XM,5,Liander
6 003 541,b66be8f9-9036-4038-b253-b6cc2d5cdada,4041XM,7,Liander
6 003 541,b66be8f9-9036-4038-b253-b6cc2d5cdada,4041XM,9,Liander
6 003 541,b66be8f9-9036-4038-b253-b6cc2d5cdada,4041XM,11,Liander
6 003 541,b66be8f9-9036-4038-b253-b6cc2d5cdada,4041XM,13,Liander
6 003 541,b66be8f9-9036-4038-b253-b6cc2d5cdada,4041XM,15,Liander
6 003 541,b66be8f9-9036-4038-b253-b6cc2d5cdada,4041XM,17,Liander
6 003 541,b66be8f9-9036-4038-b253-b6cc2d5cdada,4041XM,19,Liander
6 003 541,b66be8f9-9036-4038-b253-b6cc2d5cdada,4041XM,21,Liander
6 003 541,b66be8f9-9036-4038-b253-b6cc2d5cdada,4041XM,23,Liander
6 003 541,b66be8f9-9036-4038-b253-b6cc2d5cdada,4041XM,25,Liander
6 003 541,b66be8f9-9036-4038-b253-b6cc2d5cdada,4041XM,27,Liander
6 003 541,b66be8f9-9036-4038-b253-b6cc2d5cdada,4041XM,29,Liander
6 003 541,b66be8f9-9036-4038-b253-b6cc2d5cdada,4041XN,31,Liander
6 003 541,b66be8f9-9036-4038-b253-b6cc2d5cdada,4041XN,33,Liander
6 003 541,b66be8f9-9036-4038-b253-b6cc2d5cdada,4041XN,35,Liander
6 003 541,b66be8f9-9036-4038-b253-b6cc2d5cdada,4041XN,37,Liander
6 003 541,b66be8f9-9036-4038-b253-b6cc2d5cdada,4041XN,39,Liander
6 003 541,b66be8f9-9036-4038-b253-b6cc2d5cdada,4041XN,41,Liander
6 003 541,b66be8f9-9036-4038-b253-b6cc2d5cdada,4041XN,43,Liander
6 003 541,b66be8f9-9036-4038-b253-b6cc2d5cdada,4041XN,45,Liander
6 003 541,b66be8f9-9036-4038-b253-b6cc2d5cdada,4041XN,47,Liander
6 003 541,b66be8f9-9036-4038-b253-b6cc2d5cdada,4041XN,49,Liander
6 003 541,b66be8f9-9036-4038-b253-b6cc2d5cdada,4041XN,51,Liander
6 003 541,b66be8f9-9036-4038-b253-b6cc2d5cdada,4041XN,53,Liander
6 003 541,b66be8f9-9036-4038-b253-b6cc2d5cdada,4041XP,2,Liander
6 003 541,b66be8f9-9036-4038-b253-b6cc2d5cdada,4041XP,4,Liander
6 003 541,b66be8f9-9036-4038-b253-b6cc2d5cdada,4041XP,6,Liander
6 003 541,b66be8f9-9036-4038-b253-b6cc2d5cdada,4041XP,8,Liander
6 003 541,b66be8f9-9036-4038-b253-b6cc2d5cdada,4041XP,10,Liander
6 003 541,b66be8f9-9036-4038-b253-b6cc2d5cdada,4041XP,12,Liander
6 003 541,b66be8f9-9036-4038-b253-b6cc2d5cdada,4041XP,14,Liander
6 003 541,b66be8f9-9036-4038-b253-b6cc2d5cdada,4041XP,16,Liander
6 003 541,b66be8f9-9036-4038-b253-b6cc2d5cdada,4041XP,18,Liander
6 003 541,b66be8f9-9036-4038-b253-b6cc2d5cdada,4041XP,20,Liander
6 003 541,b66be8f9-9036-4038-b253-b6cc2d5cdada,4041XP,22,Liander
6 003 541,b66be8f9-9036-4038-b253-b6cc2d5cdada,4041XP,24,Liander
6 003 541,b66be8f9-9036-4038-b253-b6cc2d5cdada,4041XP,26,Liander
6 003 541,b66be8f9-9036-4038-b253-b6cc2d5cdada,4041XP,28,Liander
6 003 541,b66be8f9-9036-4038-b253-b6cc2d5cdada,4041XP,30,Liander
6 003 541,b66be8f9-9036-4038-b253-b6cc2d5cdada,4041XR,1,Liander
6 003 541,b66be8f9-9036-4038-b253-b6cc2d5cdada,4041XR,2,Liander
6 003 541,b66be8f9-9036-4038-b253-b6cc2d5cdada,4041XR,3,Liander
6 003 541,b66be8f9-9036-4038-b253-b6cc2d5cdada,4041XR,4,Liander
6 003 541,b66be8f9-9036-4038-b253-b6cc2d5cdada,4041XR,5,Liander
6 003 541,b66be8f9-9036-4038-b253-b6cc2d5cdada,4041XR,6,Liander
6 003 541,b66be8f9-9036-4038-b253-b6cc2d5cdada,4041XR,7,Liander
6 003 541,b66be8f9-9036-4038-b253-b6cc2d5cdada,4041XR,8,Liander
6 003 541,b66be8f9-9036-4038-b253-b6cc2d5cdada,4041XR,9,Liander
6 003 541,b66be8f9-9036-4038-b253-b6cc2d5cdada,4041XR,10,Liander
6 003 541,b66be8f9-9036-4038-b253-b6cc2d5cdada,4041XR,11,Liander
6 003 541,b66be8f9-9036-4038-b253-b6cc2d5cdada,4041XR,12,Liander
6 003 541,b66be8f9-9036-4038-b253-b6cc2d5cdada,4041XR,14,Liander
6 003 541,b66be8f9-9036-4038-b253-b6cc2d5cdada,4041XR,15,Liander
6 003 541,b66be8f9-9036-4038-b253-b6cc2d5cdada,4041XR,16,Liander
6 003 541,b66be8f9-9036-4038-b253-b6cc2d5cdada,4041XR,17,Liander
6 003 541,b66be8f9-9036-4038-b253-b6cc2d5cdada,4041XR,18,Liander
6 003 541,b66be8f9-9036-4038-b253-b6cc2d5cdada,4041XR,19,Liander
6 003 541,b66be8f9-9036-4038-b253-b6cc2d5cdada,4041XR,20,Liander
6 003 541,b66be8f9-9036-4038-b253-b6cc2d5cdada,4041XR,21,Liander
6 003 541,b66be8f9-9036-4038-b253-b6cc2d5cdada,4041XR,22,Liander
6 003 541,b66be8f9-9036-4038-b253-b6cc2d5cdada,4041XR,23,Liander
6 003 541,b66be8f9-9036-4038-b253-b6cc2d5cdada,4041XR,25,Liander
6 003 541,b66be8f9-9036-4038-b253-b6cc2d5cdada,4041XS,2,Liander
6 003 541,b66be8f9-9036-4038-b253-b6cc2d5cdada,4041XS,4,Liander
6 003 541,b66be8f9-9036-4038-b253-b6cc2d5cdada,4041XS,6,Liander
6 003 541,b66be8f9-9036-4038-b253-b6cc2d5cdada,4041XS,8,Liander
6 003 541,b66be8f9-9036-4038-b253-b6cc2d5cdada,4041XS,10,Liander
6 003 541,b66be8f9-9036-4038-b253-b6cc2d5cdada,4041XT,1,Liander
6 003 541,b66be8f9-9036-4038-b253-b6cc2d5cdada,4041XT,2,Liander
6 003 541,b66be8f9-9036-4038-b253-b6cc2d5cdada,4041XT,3,Liander
6 003 541,b66be8f9-9036-4038-b253-b6cc2d5cdada,4041XT,4,Liander
6 003 541,b66be8f9-9036-4038-b253-b6cc2d5cdada,4041XT,5,Liander
6 003 541,b66be8f9-9036-4038-b253-b6cc2d5cdada,4041XT,6,Liander
6 003 541,b66be8f9-9036-4038-b253-b6cc2d5cdada,4041XT,7,Liander
6 003 541,b66be8f9-9036-4038-b253-b6cc2d5cdada,4041XT,8,Liander
6 003 541,b66be8f9-9036-4038-b253-b6cc2d5cdada,4041XT,9,Liander
6 003 541,b66be8f9-9036-4038-b253-b6cc2d5cdada,4041XT,10,Liander
6 003 541,b66be8f9-9036-4038-b253-b6cc2d5cdada,4041XT,11,Liander
6 003 541,b66be8f9-9036-4038-b253-b6cc2d5cdada,4041XT,13,Liander
6 003 541,b66be8f9-9036-4038-b253-b6cc2d5cdada,4041XT,14,Liander
6 003 541,b66be8f9-9036-4038-b253-b6cc2d5cdada,4041XT,15,Liander
6 003 541,b66be8f9-9036-4038-b253-b6cc2d5cdada,4041XT,16,Liander
6 003 541,b66be8f9-9036-4038-b253-b6cc2d5cdada,4041XT,17,Liander
6 003 541,b66be8f9-9036-4038-b253-b6cc2d5cdada,4041XT,18,Liander
6 003 541,b66be8f9-9036-4038-b253-b6cc2d5cdada,4041XT,19,Liander
6 003 541,b66be8f9-9036-4038-b253-b6cc2d5cdada,4041XT,20,Liander
6 003 541,b66be8f9-9036-4038-b253-b6cc2d5cdada,4041XT,22,Liander
6 003 541,b66be8f9-9036-4038-b253-b6cc2d5cdada,4041XT,24,Liander
6 003 541,b66be8f9-9036-4038-b253-b6cc2d5cdada,4041XV,1,Liander
6 003 541,b66be8f9-9036-4038-b253-b6cc2d5cdada,4041XV,2,Liander
6 003 541,b66be8f9-9036-4038-b253-b6cc2d5cdada,4041XV,2 A,Liander
6 003 541,b66be8f9-9036-4038-b253-b6cc2d5cdada,4041XV,3,Liander
6 003 541,b66be8f9-9036-4038-b253-b6cc2d5cdada,4041XV,3 A,Liander
6 003 541,b66be8f9-9036-4038-b253-b6cc2d5cdada,4041XV,4,Liander
6 003 541,b66be8f9-9036-4038-b253-b6cc2d5cdada,4041XV,5,Liander
6 003 541,b66be8f9-9036-4038-b253-b6cc2d5cdada,4041XV,6,Liander
6 003 541,b66be8f9-9036-4038-b253-b6cc2d5cdada,4041XV,7,Liander
6 003 541,b66be8f9-9036-4038-b253-b6cc2d5cdada,4041XV,8,Liander
6 003 541,b66be8f9-9036-4038-b253-b6cc2d5cdada,4041XV,9,Liander
6 003 541,b66be8f9-9036-4038-b253-b6cc2d5cdada,4041XV,10,Liander
6 003 541,b66be8f9-9036-4038-b253-b6cc2d5cdada,4041XV,11,Liander
6 003 541,b66be8f9-9036-4038-b253-b6cc2d5cdada,4041XV,12,Liander
6 003 541,b66be8f9-9036-4038-b253-b6cc2d5cdada,4041XV,13,Liander
6 003 541,b66be8f9-9036-4038-b253-b6cc2d5cdada,4041XV,14,Liander
6 003 541,b66be8f9-9036-4038-b253-b6cc2d5cdada,4041XV,15,Liander
6 003 541,b66be8f9-9036-4038-b253-b6cc2d5cdada,4041XV,16,Liander
6 003 541,b66be8f9-9036-4038-b253-b6cc2d5cdada,4041XV,17,Liander
6 003 541,b66be8f9-9036-4038-b253-b6cc2d5cdada,4041XV,18,Liander
6 003 541,b66be8f9-9036-4038-b253-b6cc2d5cdada,4041XV,19,Liander
6 003 541,b66be8f9-9036-4038-b253-b6cc2d5cdada,4041XV,20,Liander
6 003 541,b66be8f9-9036-4038-b253-b6cc2d5cdada,4041XV,21,Liander
6 003 541,b66be8f9-9036-4038-b253-b6cc2d5cdada,4041XV,22,Liander
6 003 541,b66be8f9-9036-4038-b253-b6cc2d5cdada,4041XV,24,Liander
6 003 541,b66be8f9-9036-4038-b253-b6cc2d5cdada,4041XV,26,Liander
6 003 541,b66be8f9-9036-4038-b253-b6cc2d5cdada,4041XW,2,Liander
6 003 541,b66be8f9-9036-4038-b253-b6cc2d5cdada,4041XW,5,Liander
6 003 541,b66be8f9-9036-4038-b253-b6cc2d5cdada,4041XW,6,Liander
6 003 541,b66be8f9-9036-4038-b253-b6cc2d5cdada,4041XW,7,Liander
6 003 541,b66be8f9-9036-4038-b253-b6cc2d5cdada,4041XW,8,Liander
6 003 541,b66be8f9-9036-4038-b253-b6cc2d5cdada,4041XW,9,Liander
6 003 541,b66be8f9-9036-4038-b253-b6cc2d5cdada,4041XW,10,Liander
6 003 541,b66be8f9-9036-4038-b253-b6cc2d5cdada,4041XW,12,Liander
6 003 541,b66be8f9-9036-4038-b253-b6cc2d5cdada,4041XW,14,Liander
6 003 541,b66be8f9-9036-4038-b253-b6cc2d5cdada,4041XW,16,Liander
6 003 560,f5ddc244-a296-4a79-8909-3288c542c8e4,4041BC,1,Liander
6 003 560,f5ddc244-a296-4a79-8909-3288c542c8e4,4041BC,3,Liander
6 003 560,f5ddc244-a296-4a79-8909-3288c542c8e4,4041BC,5,Liander
6 003 560,f5ddc244-a296-4a79-8909-3288c542c8e4,4041BC,7,Liander
6 003 560,f5ddc244-a296-4a79-8909-3288c542c8e4,4041BC,9,Liander
6 003 560,f5ddc244-a296-4a79-8909-3288c542c8e4,4041BC,11,Liander
6 003 560,f5ddc244-a296-4a79-8909-3288c542c8e4,4041BC,13,Liander
6 003 560,f5ddc244-a296-4a79-8909-3288c542c8e4,4041BC,13 a,Liander
6 003 560,f5ddc244-a296-4a79-8909-3288c542c8e4,4041BC,15,Liander
6 003 560,f5ddc244-a296-4a79-8909-3288c542c8e4,4041BC,17,Liander
6 003 560,f5ddc244-a296-4a79-8909-3288c542c8e4,4041BC,19,Liander
6 003 560,f5ddc244-a296-4a79-8909-3288c542c8e4,4041BC,21,Liander
6 003 560,f5ddc244-a296-4a79-8909-3288c542c8e4,4041BC,23,Liander
6 003 560,f5ddc244-a296-4a79-8909-3288c542c8e4,4041BC,25,Liander
6 003 560,f5ddc244-a296-4a79-8909-3288c542c8e4,4041BC,27,Liander
6 003 560,f5ddc244-a296-4a79-8909-3288c542c8e4,4041BC,29,Liander
6 003 560,f5ddc244-a296-4a79-8909-3288c542c8e4,4041BC,31,Liander
6 003 560,f5ddc244-a296-4a79-8909-3288c542c8e4,4041BC,33,Liander
6 003 560,f5ddc244-a296-4a79-8909-3288c542c8e4,4041BC,35,Liander
6 003 560,f5ddc244-a296-4a79-8909-3288c542c8e4,4041BC,37,Liander
6 003 560,f5ddc244-a296-4a79-8909-3288c542c8e4,4041BC,39,Liander
6 003 560,f5ddc244-a296-4a79-8909-3288c542c8e4,4041BD,41,Liander
6 003 560,f5ddc244-a296-4a79-8909-3288c542c8e4,4041BD,43,Liander
6 003 560,f5ddc244-a296-4a79-8909-3288c542c8e4,4041BD,45,Liander
6 003 560,f5ddc244-a296-4a79-8909-3288c542c8e4,4041BD,47,Liander
6 003 560,f5ddc244-a296-4a79-8909-3288c542c8e4,4041BD,49,Liander
6 003 560,f5ddc244-a296-4a79-8909-3288c542c8e4,4041BD,51,Liander
6 003 560,f5ddc244-a296-4a79-8909-3288c542c8e4,4041BD,53,Liander
6 003 560,f5ddc244-a296-4a79-8909-3288c542c8e4,4041BD,55,Liander
6 003 560,f5ddc244-a296-4a79-8909-3288c542c8e4,4041BD,57,Liander
6 003 560,f5ddc244-a296-4a79-8909-3288c542c8e4,4041BD,59,Liander
6 003 560,f5ddc244-a296-4a79-8909-3288c542c8e4,4041BD,61,Liander
6 003 560,f5ddc244-a296-4a79-8909-3288c542c8e4,4041BD,63,Liander
6 003 560,f5ddc244-a296-4a79-8909-3288c542c8e4,4041BD,65,Liander
6 003 560,f5ddc244-a296-4a79-8909-3288c542c8e4,4041BD,67,Liander
6 003 560,f5ddc244-a296-4a79-8909-3288c542c8e4,4041BD,69,Liander
6 003 560,f5ddc244-a296-4a79-8909-3288c542c8e4,4041BD,71,Liander
6 003 560,f5ddc244-a296-4a79-8909-3288c542c8e4,4041BD,73,Liander
6 003 560,f5ddc244-a296-4a79-8909-3288c542c8e4,4041BD,75,Liander
6 003 560,f5ddc244-a296-4a79-8909-3288c542c8e4,4041BD,77,Liander
6 003 560,f5ddc244-a296-4a79-8909-3288c542c8e4,4041BD,79,Liander
6 003 560,f5ddc244-a296-4a79-8909-3288c542c8e4,4041BE,2,Liander
6 003 560,f5ddc244-a296-4a79-8909-3288c542c8e4,4041BE,4,Liander
6 003 560,f5ddc244-a296-4a79-8909-3288c542c8e4,4041BE,6,Liander
6 003 560,f5ddc244-a296-4a79-8909-3288c542c8e4,4041BE,8,Liander
6 003 560,f5ddc244-a296-4a79-8909-3288c542c8e4,4041BE,20,Liander
6 003 560,f5ddc244-a296-4a79-8909-3288c542c8e4,4041BE,24,Liander
6 003 560,f5ddc244-a296-4a79-8909-3288c542c8e4,4041BE,26,Liander
6 003 560,f5ddc244-a296-4a79-8909-3288c542c8e4,4041BE,28,Liander
6 003 560,f5ddc244-a296-4a79-8909-3288c542c8e4,4041BE,30,Liander
6 003 560,f5ddc244-a296-4a79-8909-3288c542c8e4,4041BE,32,Liander
6 003 560,f5ddc244-a296-4a79-8909-3288c542c8e4,4041BE,34,Liander
6 003 560,f5ddc244-a296-4a79-8909-3288c542c8e4,4041BE,36,Liander
6 003 560,f5ddc244-a296-4a79-8909-3288c542c8e4,4041BE,38,Liander
6 003 560,f5ddc244-a296-4a79-8909-3288c542c8e4,4041BG,40,Liander
6 003 560,f5ddc244-a296-4a79-8909-3288c542c8e4,4041BG,42,Liander
6 003 560,f5ddc244-a296-4a79-8909-3288c542c8e4,4041BG,44,Liander
6 003 560,f5ddc244-a296-4a79-8909-3288c542c8e4,4041BG,46,Liander
6 003 560,f5ddc244-a296-4a79-8909-3288c542c8e4,4041BG,48,Liander
6 003 560,f5ddc244-a296-4a79-8909-3288c542c8e4,4041BG,50,Liander
6 003 560,f5ddc244-a296-4a79-8909-3288c542c8e4,4041BG,52,Liander
6 003 560,f5ddc244-a296-4a79-8909-3288c542c8e4,4041BG,54,Liander
6 003 560,f5ddc244-a296-4a79-8909-3288c542c8e4,4041BG,56,Liander
6 003 560,f5ddc244-a296-4a79-8909-3288c542c8e4,4041BG,58,Liander
6 003 560,f5ddc244-a296-4a79-8909-3288c542c8e4,4041BG,60,Liander
6 003 560,f5ddc244-a296-4a79-8909-3288c542c8e4,4041BG,62,Liander
6 003 560,f5ddc244-a296-4a79-8909-3288c542c8e4,4041BH,9,Liander
6 003 560,f5ddc244-a296-4a79-8909-3288c542c8e4,4041BH,11,Liander
6 003 560,f5ddc244-a296-4a79-8909-3288c542c8e4,4041BH,13,Liander
6 003 560,f5ddc244-a296-4a79-8909-3288c542c8e4,4041BH,19,Liander
6 003 560,f5ddc244-a296-4a79-8909-3288c542c8e4,4041BH,21,Liander
6 003 560,f5ddc244-a296-4a79-8909-3288c542c8e4,4041BH,23,Liander
6 003 560,f5ddc244-a296-4a79-8909-3288c542c8e4,4041BH,25,Liander
6 003 560,f5ddc244-a296-4a79-8909-3288c542c8e4,4041BH,27,Liander
6 003 560,f5ddc244-a296-4a79-8909-3288c542c8e4,4041BH,29,Liander
6 003 560,f5ddc244-a296-4a79-8909-3288c542c8e4,4041BH,31,Liander
6 003 560,f5ddc244-a296-4a79-8909-3288c542c8e4,4041BH,33,Liander
6 003 560,f5ddc244-a296-4a79-8909-3288c542c8e4,4041BH,35,Liander
6 003 560,f5ddc244-a296-4a79-8909-3288c542c8e4,4041BH,37,Liander
6 003 560,f5ddc244-a296-4a79-8909-3288c542c8e4,4041BH,39,Liander
6 003 560,f5ddc244-a296-4a79-8909-3288c542c8e4,4041BH,41,Liander
6 003 560,f5ddc244-a296-4a79-8909-3288c542c8e4,4041BH,43,Liander
6 003 560,f5ddc244-a296-4a79-8909-3288c542c8e4,4041BH,45,Liander
6 003 560,f5ddc244-a296-4a79-8909-3288c542c8e4,4041BH,47,Liander
6 003 560,f5ddc244-a296-4a79-8909-3288c542c8e4,4041BH,49,Liander
6 003 560,f5ddc244-a296-4a79-8909-3288c542c8e4,4041BH,51,Liander
6 003 560,f5ddc244-a296-4a79-8909-3288c542c8e4,4041BJ,2,Liander
6 003 560,f5ddc244-a296-4a79-8909-3288c542c8e4,4041BJ,4,Liander
6 003 560,f5ddc244-a296-4a79-8909-3288c542c8e4,4041BJ,6,Liander
6 003 560,f5ddc244-a296-4a79-8909-3288c542c8e4,4041BJ,8,Liander
6 003 560,f5ddc244-a296-4a79-8909-3288c542c8e4,4041BJ,10,Liander
6 003 560,f5ddc244-a296-4a79-8909-3288c542c8e4,4041BJ,12,Liander
6 003 560,f5ddc244-a296-4a79-8909-3288c542c8e4,4041BJ,14,Liander
6 003 560,f5ddc244-a296-4a79-8909-3288c542c8e4,4041BJ,16,Liander
6 003 560,f5ddc244-a296-4a79-8909-3288c542c8e4,4041BJ,18,Liander
6 003 560,f5ddc244-a296-4a79-8909-3288c542c8e4,4041BJ,20,Liander
6 003 560,f5ddc244-a296-4a79-8909-3288c542c8e4,4041BJ,20 a,Liander
6 003 560,f5ddc244-a296-4a79-8909-3288c542c8e4,4041BJ,22,Liander
6 003 560,f5ddc244-a296-4a79-8909-3288c542c8e4,4041BJ,22 a,Liander
6 003 560,f5ddc244-a296-4a79-8909-3288c542c8e4,4041BJ,24,Liander
6 003 560,f5ddc244-a296-4a79-8909-3288c542c8e4,4041BJ,26,Liander
6 003 560,f5ddc244-a296-4a79-8909-3288c542c8e4,4041BJ,28,Liander
6 003 560,f5ddc244-a296-4a79-8909-3288c542c8e4,4041BJ,30,Liander
6 003 560,f5ddc244-a296-4a79-8909-3288c542c8e4,4041BJ,32,Liander
6 003 560,f5ddc244-a296-4a79-8909-3288c542c8e4,4041BJ,34,Liander
6 003 560,f5ddc244-a296-4a79-8909-3288c542c8e4,4041BJ,36,Liander
6 003 560,f5ddc244-a296-4a79-8909-3288c542c8e4,4041BJ,38,Liander
6 003 560,f5ddc244-a296-4a79-8909-3288c542c8e4,4041BJ,40,Liander
6 003 560,f5ddc244-a296-4a79-8909-3288c542c8e4,4041BJ,42,Liander
6 003 560,f5ddc244-a296-4a79-8909-3288c542c8e4,4041BJ,44,Liander
6 003 560,f5ddc244-a296-4a79-8909-3288c542c8e4,4041BJ,46,Liander
6 003 560,f5ddc244-a296-4a79-8909-3288c542c8e4,4041BJ,48,Liander
6 003 560,f5ddc244-a296-4a79-8909-3288c542c8e4,4041BJ,50,Liander
6 003 560,f5ddc244-a296-4a79-8909-3288c542c8e4,4041BJ,52,Liander
6 003 560,f5ddc244-a296-4a79-8909-3288c542c8e4,4041BJ,54,Liander
6 003 560,f5ddc244-a296-4a79-8909-3288c542c8e4,4041BJ,56,Liander
6 003 560,f5ddc244-a296-4a79-8909-3288c542c8e4,4041BM,1,Liander
6 003 560,f5ddc244-a296-4a79-8909-3288c542c8e4,4041BM,3,Liander
6 003 560,f5ddc244-a296-4a79-8909-3288c542c8e4,4041BM,5,Liander
6 003 560,f5ddc244-a296-4a79-8909-3288c542c8e4,4041BM,7,Liander
6 003 560,f5ddc244-a296-4a79-8909-3288c542c8e4,4041BM,9,Liander
6 003 560,f5ddc244-a296-4a79-8909-3288c542c8e4,4041BM,11,Liander
6 003 560,f5ddc244-a296-4a79-8909-3288c542c8e4,4041BM,13,Liander
6 003 560,f5ddc244-a296-4a79-8909-3288c542c8e4,4041BM,15,Liander
6 003 560,f5ddc244-a296-4a79-8909-3288c542c8e4,4041BM,17,Liander
6 003 560,f5ddc244-a296-4a79-8909-3288c542c8e4,4041BN,10,Liander
6 003 560,f5ddc244-a296-4a79-8909-3288c542c8e4,4041BN,12,Liander
6 003 560,f5ddc244-a296-4a79-8909-3288c542c8e4,4041BN,14,Liander
6 003 560,f5ddc244-a296-4a79-8909-3288c542c8e4,4041BN,16,Liander
6 003 560,f5ddc244-a296-4a79-8909-3288c542c8e4,4041BN,18,Liander
6 003 560,f5ddc244-a296-4a79-8909-3288c542c8e4,4041BN,20,Liander
6 003 560,f5ddc244-a296-4a79-8909-3288c542c8e4,4041BN,22,Liander
6 003 560,f5ddc244-a296-4a79-8909-3288c542c8e4,4041BN,24,Liander
6 003 560,f5ddc244-a296-4a79-8909-3288c542c8e4,4041BN,26,Liander
6 003 560,f5ddc244-a296-4a79-8909-3288c542c8e4,4041BN,28,Liander
6 003 560,f5ddc244-a296-4a79-8909-3288c542c8e4,4041BN,30,Liander
6 003 560,f5ddc244-a296-4a79-8909-3288c542c8e4,4041BN,32,Liander
6 003 560,f5ddc244-a296-4a79-8909-3288c542c8e4,4041BN,34,Liander
6 003 560,f5ddc244-a296-4a79-8909-3288c542c8e4,4041BN,36,Liander
6 003 560,f5ddc244-a296-4a79-8909-3288c542c8e4,4041BN,38,Liander
6 003 560,f5ddc244-a296-4a79-8909-3288c542c8e4,4041BN,40,Liander
6 003 560,f5ddc244-a296-4a79-8909-3288c542c8e4,4041BN,42,Liander
6 003 560,f5ddc244-a296-4a79-8909-3288c542c8e4,4041HC,11,Liander
6 003 560,f5ddc244-a296-4a79-8909-3288c542c8e4,4041HC,13,Liander
6 003 560,f5ddc244-a296-4a79-8909-3288c542c8e4,4041HC,15,Liander
6 003 560,f5ddc244-a296-4a79-8909-3288c542c8e4,4041HC,17,Liander
6 003 560,f5ddc244-a296-4a79-8909-3288c542c8e4,4041HC,19,Liander
6 003 560,f5ddc244-a296-4a79-8909-3288c542c8e4,4041HC,21,Liander
6 003 560,f5ddc244-a296-4a79-8909-3288c542c8e4,4041HC,23,Liander
6 003 560,f5ddc244-a296-4a79-8909-3288c542c8e4,4041HC,25,Liander
6 003 560,f5ddc244-a296-4a79-8909-3288c542c8e4,4041HC,27,Liander
6 003 560,f5ddc244-a296-4a79-8909-3288c542c8e4,4041HC,29,Liander
6 003 560,f5ddc244-a296-4a79-8909-3288c542c8e4,4041HG,46,Liander
6 003 560,f5ddc244-a296-4a79-8909-3288c542c8e4,4041HG,48,Liander
6 003 560,f5ddc244-a296-4a79-8909-3288c542c8e4,4041HG,50,Liander
6 003 560,f5ddc244-a296-4a79-8909-3288c542c8e4,4041HG,52,Liander
6 003 560,f5ddc244-a296-4a79-8909-3288c542c8e4,4041HG,54,Liander
6 003 560,f5ddc244-a296-4a79-8909-3288c542c8e4,4041HG,56,Liander
6 003 560,f5ddc244-a296-4a79-8909-3288c542c8e4,4041HG,60,Liander
6 003 560,f5ddc244-a296-4a79-8909-3288c542c8e4,4041HG,62,Liander
6 003 560,f5ddc244-a296-4a79-8909-3288c542c8e4,4041HG,64,Liander
6 003 560,f5ddc244-a296-4a79-8909-3288c542c8e4,4041HG,66,Liander
6 003 560,f5ddc244-a296-4a79-8909-3288c542c8e4,4041HK,2,Liander
6 003 560,f5ddc244-a296-4a79-8909-3288c542c8e4,4041HK,3,Liander
6 003 560,f5ddc244-a296-4a79-8909-3288c542c8e4,4041HK,4,Liander
6 003 560,f5ddc244-a296-4a79-8909-3288c542c8e4,4041HK,5,Liander
6 003 560,f5ddc244-a296-4a79-8909-3288c542c8e4,4041HK,6,Liander
6 003 560,f5ddc244-a296-4a79-8909-3288c542c8e4,4041HK,7,Liander
6 003 560,f5ddc244-a296-4a79-8909-3288c542c8e4,4041HK,8,Liander
6 003 560,f5ddc244-a296-4a79-8909-3288c542c8e4,4041HK,9,Liander
6 003 560,f5ddc244-a296-4a79-8909-3288c542c8e4,4041HK,10,Liander
6 003 560,f5ddc244-a296-4a79-8909-3288c542c8e4,4041HK,11,Liander
6 003 560,f5ddc244-a296-4a79-8909-3288c542c8e4,4041HK,12,Liander
6 003 560,f5ddc244-a296-4a79-8909-3288c542c8e4,4041HK,13,Liander
6 003 560,f5ddc244-a296-4a79-8909-3288c542c8e4,4041HK,14,Liander
6 003 560,f5ddc244-a296-4a79-8909-3288c542c8e4,4041HK,15,Liander
6 003 560,f5ddc244-a296-4a79-8909-3288c542c8e4,4041HK,16,Liander
6 003 560,f5ddc244-a296-4a79-8909-3288c542c8e4,4041HK,17,Liander
6 003 560,f5ddc244-a296-4a79-8909-3288c542c8e4,4041HK,18,Liander
6 003 560,f5ddc244-a296-4a79-8909-3288c542c8e4,4041HK,19,Liander
6 003 560,f5ddc244-a296-4a79-8909-3288c542c8e4,4041HK,20,Liander
6 003 560,f5ddc244-a296-4a79-8909-3288c542c8e4,4041HK,21,Liander
6 003 560,f5ddc244-a296-4a79-8909-3288c542c8e4,4041HK,22,Liander
6 003 560,f5ddc244-a296-4a79-8909-3288c542c8e4,4041HK,23,Liander
6 003 560,f5ddc244-a296-4a79-8909-3288c542c8e4,4041HK,24,Liander
6 003 560,f5ddc244-a296-4a79-8909-3288c542c8e4,4041HK,25,Liander
6 003 560,f5ddc244-a296-4a79-8909-3288c542c8e4,4041HK,27,Liander
6 003 560,f5ddc244-a296-4a79-8909-3288c542c8e4,4041HK,29,Liander
6 003 560,f5ddc244-a296-4a79-8909-3288c542c8e4,4041HK,31,Liander
6 003 560,f5ddc244-a296-4a79-8909-3288c542c8e4,4041HL,1,Liander
6 003 560,f5ddc244-a296-4a79-8909-3288c542c8e4,4041HL,2,Liander
6 003 560,f5ddc244-a296-4a79-8909-3288c542c8e4,4041HL,3,Liander
6 003 560,f5ddc244-a296-4a79-8909-3288c542c8e4,4041HL,4,Liander
6 003 560,f5ddc244-a296-4a79-8909-3288c542c8e4,4041HL,5,Liander
6 003 560,f5ddc244-a296-4a79-8909-3288c542c8e4,4041HL,6,Liander
6 003 560,f5ddc244-a296-4a79-8909-3288c542c8e4,4041HL,7,Liander
6 003 560,f5ddc244-a296-4a79-8909-3288c542c8e4,4041HL,8,Liander
6 003 560,f5ddc244-a296-4a79-8909-3288c542c8e4,4041HL,9,Liander
6 003 560,f5ddc244-a296-4a79-8909-3288c542c8e4,4041HL,10,Liander
6 003 560,f5ddc244-a296-4a79-8909-3288c542c8e4,4041HL,11,Liander
6 003 560,f5ddc244-a296-4a79-8909-3288c542c8e4,4041HL,12,Liander
6 003 560,f5ddc244-a296-4a79-8909-3288c542c8e4,4041HL,13,Liander
6 003 560,f5ddc244-a296-4a79-8909-3288c542c8e4,4041HL,14,Liander
6 003 560,f5ddc244-a296-4a79-8909-3288c542c8e4,4041HL,15,Liander
6 003 560,f5ddc244-a296-4a79-8909-3288c542c8e4,4041HL,16,Liander
6 003 560,f5ddc244-a296-4a79-8909-3288c542c8e4,4041HL,17,Liander
6 003 560,f5ddc244-a296-4a79-8909-3288c542c8e4,4041HL,18,Liander
6 003 560,f5ddc244-a296-4a79-8909-3288c542c8e4,4041HL,19,Liander
6 003 560,f5ddc244-a296-4a79-8909-3288c542c8e4,4041HL,20,Liander
6 003 560,f5ddc244-a296-4a79-8909-3288c542c8e4,4041HL,21,Liander
6 003 560,f5ddc244-a296-4a79-8909-3288c542c8e4,4041HL,22,Liander
6 003 560,f5ddc244-a296-4a79-8909-3288c542c8e4,4041HL,23,Liander
6 003 560,f5ddc244-a296-4a79-8909-3288c542c8e4,4041HL,24,Liander
6 003 560,f5ddc244-a296-4a79-8909-3288c542c8e4,4041HL,25,Liander
6 003 560,f5ddc244-a296-4a79-8909-3288c542c8e4,4041XG,28,Liander
7 003 227,afdce30e-7b82-4d72-9a84-6838eb3208cb,1312HX,1,Liander
7 003 227,afdce30e-7b82-4d72-9a84-6838eb3208cb,1312HX,3,Liander
7 003 227,afdce30e-7b82-4d72-9a84-6838eb3208cb,1312HX,5,Liander
7 003 227,afdce30e-7b82-4d72-9a84-6838eb3208cb,1312HX,7,Liander
7 003 227,afdce30e-7b82-4d72-9a84-6838eb3208cb,1312HX,9,Liander
7 003 227,afdce30e-7b82-4d72-9a84-6838eb3208cb,1312HX,11,Liander
7 003 227,afdce30e-7b82-4d72-9a84-6838eb3208cb,1312HX,13,Liander
7 003 227,afdce30e-7b82-4d72-9a84-6838eb3208cb,1312HX,15,Liander
7 003 227,afdce30e-7b82-4d72-9a84-6838eb3208cb,1312HX,17,Liander
7 003 227,afdce30e-7b82-4d72-9a84-6838eb3208cb,1312HX,19,Liander
7 003 227,afdce30e-7b82-4d72-9a84-6838eb3208cb,1312HX,21,Liander
7 003 227,afdce30e-7b82-4d72-9a84-6838eb3208cb,1312HX,23,Liander
7 003 227,afdce30e-7b82-4d72-9a84-6838eb3208cb,1312HX,25,Liander
7 003 227,afdce30e-7b82-4d72-9a84-6838eb3208cb,1312HX,27,Liander
7 003 227,afdce30e-7b82-4d72-9a84-6838eb3208cb,1312JA,31,Liander
7 003 227,afdce30e-7b82-4d72-9a84-6838eb3208cb,1312JA,33,Liander
7 003 227,afdce30e-7b82-4d72-9a84-6838eb3208cb,1312JA,35,Liander
7 003 227,afdce30e-7b82-4d72-9a84-6838eb3208cb,1312JA,37,Liander
7 003 227,afdce30e-7b82-4d72-9a84-6838eb3208cb,1312JA,39,Liander
7 003 227,afdce30e-7b82-4d72-9a84-6838eb3208cb,1312JA,41,Liander
7 003 227,afdce30e-7b82-4d72-9a84-6838eb3208cb,1312JA,43,Liander
7 003 227,afdce30e-7b82-4d72-9a84-6838eb3208cb,1312JA,45,Liander
7 003 227,afdce30e-7b82-4d72-9a84-6838eb3208cb,1312JA,47,Liander
7 003 227,afdce30e-7b82-4d72-9a84-6838eb3208cb,1312JA,49,Liander
7 003 227,afdce30e-7b82-4d72-9a84-6838eb3208cb,1312JA,51,Liander
7 003 227,afdce30e-7b82-4d72-9a84-6838eb3208cb,1312JA,53,Liander
7 003 227,afdce30e-7b82-4d72-9a84-6838eb3208cb,1312JA,55,Liander
7 003 227,afdce30e-7b82-4d72-9a84-6838eb3208cb,1312JB,57,Liander
7 003 227,afdce30e-7b82-4d72-9a84-6838eb3208cb,1312JB,59,Liander
7 003 227,afdce30e-7b82-4d72-9a84-6838eb3208cb,1312JB,61,Liander
7 003 227,afdce30e-7b82-4d72-9a84-6838eb3208cb,1312JB,63,Liander
7 003 227,afdce30e-7b82-4d72-9a84-6838eb3208cb,1312JB,65,Liander
7 003 227,afdce30e-7b82-4d72-9a84-6838eb3208cb,1312JB,67,Liander
7 003 227,afdce30e-7b82-4d72-9a84-6838eb3208cb,1312JB,69,Liander
7 003 227,afdce30e-7b82-4d72-9a84-6838eb3208cb,1312JB,71,Liander
7 003 227,afdce30e-7b82-4d72-9a84-6838eb3208cb,1312JB,73,Liander
7 003 227,afdce30e-7b82-4d72-9a84-6838eb3208cb,1312JB,75,Liander
7 003 227,afdce30e-7b82-4d72-9a84-6838eb3208cb,1312JB,77,Liander
7 003 227,afdce30e-7b82-4d72-9a84-6838eb3208cb,1312JB,79,Liander
7 003 227,afdce30e-7b82-4d72-9a84-6838eb3208cb,1312JB,81,Liander
7 003 227,afdce30e-7b82-4d72-9a84-6838eb3208cb,1312JB,83,Liander
7 003 227,afdce30e-7b82-4d72-9a84-6838eb3208cb,1312JB,85,Liander
7 003 227,afdce30e-7b82-4d72-9a84-6838eb3208cb,1312JB,87,Liander
7 003 227,afdce30e-7b82-4d72-9a84-6838eb3208cb,1312JB,89,Liander
7 003 227,afdce30e-7b82-4d72-9a84-6838eb3208cb,1312JB,91,Liander
7 003 227,afdce30e-7b82-4d72-9a84-6838eb3208cb,1312JB,93,Liander
7 003 227,afdce30e-7b82-4d72-9a84-6838eb3208cb,1312JB,95,Liander
7 003 227,afdce30e-7b82-4d72-9a84-6838eb3208cb,1312JC,97,Liander
7 003 227,afdce30e-7b82-4d72-9a84-6838eb3208cb,1312JC,99,Liander
7 003 227,afdce30e-7b82-4d72-9a84-6838eb3208cb,1312JC,101,Liander
7 003 227,afdce30e-7b82-4d72-9a84-6838eb3208cb,1312JC,103,Liander
7 003 227,afdce30e-7b82-4d72-9a84-6838eb3208cb,1312JC,105,Liander
7 003 227,afdce30e-7b82-4d72-9a84-6838eb3208cb,1312JC,107,Liander
7 003 227,afdce30e-7b82-4d72-9a84-6838eb3208cb,1312JC,109,Liander
7 003 227,afdce30e-7b82-4d72-9a84-6838eb3208cb,1312JC,111,Liander
7 003 227,afdce30e-7b82-4d72-9a84-6838eb3208cb,1312JC,113,Liander
7 003 227,afdce30e-7b82-4d72-9a84-6838eb3208cb,1312JE,2,Liander
7 003 227,afdce30e-7b82-4d72-9a84-6838eb3208cb,1312JE,4,Liander
7 003 227,afdce30e-7b82-4d72-9a84-6838eb3208cb,1312JE,6,Liander
7 003 227,afdce30e-7b82-4d72-9a84-6838eb3208cb,1312JE,8,Liander
7 003 227,afdce30e-7b82-4d72-9a84-6838eb3208cb,1312JE,10,Liander
7 003 227,afdce30e-7b82-4d72-9a84-6838eb3208cb,1312JE,12,Liander
7 003 227,afdce30e-7b82-4d72-9a84-6838eb3208cb,1312JE,14,Liander
7 003 227,afdce30e-7b82-4d72-9a84-6838eb3208cb,1312JE,16,Liander
7 003 227,afdce30e-7b82-4d72-9a84-6838eb3208cb,1312JE,18,Liander
7 003 227,afdce30e-7b82-4d72-9a84-6838eb3208cb,1312JE,20,Liander
7 003 227,afdce30e-7b82-4d72-9a84-6838eb3208cb,1312JE,22,Liander
7 003 227,afdce30e-7b82-4d72-9a84-6838eb3208cb,1312JG,24,Liander
7 003 227,afdce30e-7b82-4d72-9a84-6838eb3208cb,1312JG,26,Liander
7 003 227,afdce30e-7b82-4d72-9a84-6838eb3208cb,1312JG,28,Liander
7 003 227,afdce30e-7b82-4d72-9a84-6838eb3208cb,1312JG,30,Liander
7 003 227,afdce30e-7b82-4d72-9a84-6838eb3208cb,1312JG,32,Liander
7 003 227,afdce30e-7b82-4d72-9a84-6838eb3208cb,1312JG,34,Liander
7 003 227,afdce30e-7b82-4d72-9a84-6838eb3208cb,1312JG,36,Liander
7 003 227,afdce30e-7b82-4d72-9a84-6838eb3208cb,1312JG,38,Liander
7 003 227,afdce30e-7b82-4d72-9a84-6838eb3208cb,1312JG,40,Liander
7 003 227,afdce30e-7b82-4d72-9a84-6838eb3208cb,1312JG,42,Liander
7 003 227,afdce30e-7b82-4d72-9a84-6838eb3208cb,1312JG,44,Liander
7 003 227,afdce30e-7b82-4d72-9a84-6838eb3208cb,1312JG,46,Liander
7 003 227,afdce30e-7b82-4d72-9a84-6838eb3208cb,1312JG,48,Liander
7 003 227,afdce30e-7b82-4d72-9a84-6838eb3208cb,1312JG,50,Liander
7 003 227,afdce30e-7b82-4d72-9a84-6838eb3208cb,1312JH,52,Liander
7 003 227,afdce30e-7b82-4d72-9a84-6838eb3208cb,1312JH,54,Liander
7 003 227,afdce30e-7b82-4d72-9a84-6838eb3208cb,1312JH,56,Liander
7 003 227,afdce30e-7b82-4d72-9a84-6838eb3208cb,1312JH,58,Liander
7 003 227,afdce30e-7b82-4d72-9a84-6838eb3208cb,1312JH,60,Liander
7 003 227,afdce30e-7b82-4d72-9a84-6838eb3208cb,1312JH,62,Liander
7 003 227,afdce30e-7b82-4d72-9a84-6838eb3208cb,1312JH,64,Liander
7 003 227,afdce30e-7b82-4d72-9a84-6838eb3208cb,1312JH,66,Liander
7 003 227,afdce30e-7b82-4d72-9a84-6838eb3208cb,1312JH,68,Liander
7 003 227,afdce30e-7b82-4d72-9a84-6838eb3208cb,1312JH,70,Liander
7 003 227,afdce30e-7b82-4d72-9a84-6838eb3208cb,1312JH,72,Liander
7 003 227,afdce30e-7b82-4d72-9a84-6838eb3208cb,1312JH,74,Liander
7 003 227,afdce30e-7b82-4d72-9a84-6838eb3208cb,1312JH,76,Liander
7 003 227,afdce30e-7b82-4d72-9a84-6838eb3208cb,1312JH,78,Liander
7 003 227,afdce30e-7b82-4d72-9a84-6838eb3208cb,1312JJ,80,Liander
7 003 227,afdce30e-7b82-4d72-9a84-6838eb3208cb,1312JJ,82,Liander
7 003 227,afdce30e-7b82-4d72-9a84-6838eb3208cb,1312JJ,84,Liander
7 003 227,afdce30e-7b82-4d72-9a84-6838eb3208cb,1312JJ,86,Liander
7 003 227,afdce30e-7b82-4d72-9a84-6838eb3208cb,1312JJ,88,Liander
7 003 227,afdce30e-7b82-4d72-9a84-6838eb3208cb,1312JJ,90,Liander
7 003 227,afdce30e-7b82-4d72-9a84-6838eb3208cb,1312JJ,92,Liander
7 003 227,afdce30e-7b82-4d72-9a84-6838eb3208cb,1312JJ,94,Liander
7 003 227,afdce30e-7b82-4d72-9a84-6838eb3208cb,1312JJ,96,Liander
7 003 227,afdce30e-7b82-4d72-9a84-6838eb3208cb,1312JJ,98,Liander
7 003 227,afdce30e-7b82-4d72-9a84-6838eb3208cb,1312JJ,100,Liander
7 003 227,afdce30e-7b82-4d72-9a84-6838eb3208cb,1312JJ,102,Liander
7 003 227,afdce30e-7b82-4d72-9a84-6838eb3208cb,1312JJ,104,Liander
7 003 227,afdce30e-7b82-4d72-9a84-6838eb3208cb,1312JJ,106,Liander
7 003 227,afdce30e-7b82-4d72-9a84-6838eb3208cb,1312JJ,108,Liander
7 003 227,afdce30e-7b82-4d72-9a84-6838eb3208cb,1312JJ,110,Liander
7 003 227,afdce30e-7b82-4d72-9a84-6838eb3208cb,1312JJ,110 A,Liander
7 003 227,afdce30e-7b82-4d72-9a84-6838eb3208cb,1312JK,112,Liander
7 003 227,afdce30e-7b82-4d72-9a84-6838eb3208cb,1312JK,114,Liander
7 003 227,afdce30e-7b82-4d72-9a84-6838eb3208cb,1312JK,116,Liander
7 003 227,afdce30e-7b82-4d72-9a84-6838eb3208cb,1312JK,118,Liander
7 003 227,afdce30e-7b82-4d72-9a84-6838eb3208cb,1312JK,120,Liander
7 003 227,afdce30e-7b82-4d72-9a84-6838eb3208cb,1312JK,122,Liander
7 003 227,afdce30e-7b82-4d72-9a84-6838eb3208cb,1312JK,124,Liander
7 003 227,afdce30e-7b82-4d72-9a84-6838eb3208cb,1312JK,126,Liander
7 003 227,afdce30e-7b82-4d72-9a84-6838eb3208cb,1312JK,128,Liander
7 003 227,afdce30e-7b82-4d72-9a84-6838eb3208cb,1312JK,130,Liander
7 003 227,afdce30e-7b82-4d72-9a84-6838eb3208cb,1312JK,132,Liander
7 003 227,afdce30e-7b82-4d72-9a84-6838eb3208cb,1312JK,134,Liander
7 003 227,afdce30e-7b82-4d72-9a84-6838eb3208cb,1312JK,136,Liander
7 003 227,afdce30e-7b82-4d72-9a84-6838eb3208cb,1312JK,138,Liander
7 003 227,afdce30e-7b82-4d72-9a84-6838eb3208cb,1312JL,1,Liander
7 003 227,afdce30e-7b82-4d72-9a84-6838eb3208cb,1312JL,3,Liander
7 003 227,afdce30e-7b82-4d72-9a84-6838eb3208cb,1312JL,5,Liander
7 003 227,afdce30e-7b82-4d72-9a84-6838eb3208cb,1312JL,7,Liander
7 003 227,afdce30e-7b82-4d72-9a84-6838eb3208cb,1312JL,9,Liander
7 003 227,afdce30e-7b82-4d72-9a84-6838eb3208cb,1312JL,11,Liander
7 003 227,afdce30e-7b82-4d72-9a84-6838eb3208cb,1312JL,11 A,Liander
7 003 227,afdce30e-7b82-4d72-9a84-6838eb3208cb,1312JL,13,Liander
7 003 227,afdce30e-7b82-4d72-9a84-6838eb3208cb,1312JL,15,Liander
7 003 227,afdce30e-7b82-4d72-9a84-6838eb3208cb,1312JL,17,Liander
7 003 227,afdce30e-7b82-4d72-9a84-6838eb3208cb,1312JL,19,Liander
7 003 227,afdce30e-7b82-4d72-9a84-6838eb3208cb,1312JL,21,Liander
7 003 227,afdce30e-7b82-4d72-9a84-6838eb3208cb,1312JL,23,Liander
7 003 227,afdce30e-7b82-4d72-9a84-6838eb3208cb,1312JL,25,Liander
7 003 227,afdce30e-7b82-4d72-9a84-6838eb3208cb,1312JL,27,Liander
7 003 227,afdce30e-7b82-4d72-9a84-6838eb3208cb,1312JN,29,Liander
7 003 227,afdce30e-7b82-4d72-9a84-6838eb3208cb,1312JN,31,Liander
7 003 227,afdce30e-7b82-4d72-9a84-6838eb3208cb,1312JN,33,Liander
7 003 227,afdce30e-7b82-4d72-9a84-6838eb3208cb,1312JN,35,Liander
7 003 227,afdce30e-7b82-4d72-9a84-6838eb3208cb,1312JN,37,Liander
7 003 227,afdce30e-7b82-4d72-9a84-6838eb3208cb,1312JN,39,Liander
7 003 227,afdce30e-7b82-4d72-9a84-6838eb3208cb,1312JN,41,Liander
7 003 227,afdce30e-7b82-4d72-9a84-6838eb3208cb,1312JN,43,Liander
7 003 227,afdce30e-7b82-4d72-9a84-6838eb3208cb,1312JN,45,Liander
7 003 227,afdce30e-7b82-4d72-9a84-6838eb3208cb,1312JN,47,Liander
7 003 227,afdce30e-7b82-4d72-9a84-6838eb3208cb,1312JN,49,Liander
7 003 227,afdce30e-7b82-4d72-9a84-6838eb3208cb,1312JN,51,Liander
7 003 227,afdce30e-7b82-4d72-9a84-6838eb3208cb,1312JN,53,Liander
7 003 227,afdce30e-7b82-4d72-9a84-6838eb3208cb,1312JN,55,Liander
7 003 227,afdce30e-7b82-4d72-9a84-6838eb3208cb,1312JN,57,Liander
7 003 227,afdce30e-7b82-4d72-9a84-6838eb3208cb,1312JN,59,Liander
7 003 227,afdce30e-7b82-4d72-9a84-6838eb3208cb,1312JN,61,Liander
7 003 227,afdce30e-7b82-4d72-9a84-6838eb3208cb,1312JP,2,Liander
7 003 227,afdce30e-7b82-4d72-9a84-6838eb3208cb,1312JP,4,Liander
7 003 227,afdce30e-7b82-4d72-9a84-6838eb3208cb,1312JP,6,Liander
7 003 227,afdce30e-7b82-4d72-9a84-6838eb3208cb,1312JP,8,Liander
7 003 227,afdce30e-7b82-4d72-9a84-6838eb3208cb,1312JP,10,Liander
7 003 227,afdce30e-7b82-4d72-9a84-6838eb3208cb,1312JP,12,Liander
7 003 227,afdce30e-7b82-4d72-9a84-6838eb3208cb,1312JP,14,Liander
7 003 227,afdce30e-7b82-4d72-9a84-6838eb3208cb,1312JP,16,Liander
7 003 227,afdce30e-7b82-4d72-9a84-6838eb3208cb,1312JP,18,Liander
7 003 227,afdce30e-7b82-4d72-9a84-6838eb3208cb,1312JP,20,Liander
7 003 227,afdce30e-7b82-4d72-9a84-6838eb3208cb,1312JP,22,Liander
7 003 227,afdce30e-7b82-4d72-9a84-6838eb3208cb,1312JP,24,Liander
7 003 227,afdce30e-7b82-4d72-9a84-6838eb3208cb,1312JP,26,Liander
7 003 227,afdce30e-7b82-4d72-9a84-6838eb3208cb,1312JR,2,Liander
7 003 227,afdce30e-7b82-4d72-9a84-6838eb3208cb,1312JR,4,Liander
7 003 227,afdce30e-7b82-4d72-9a84-6838eb3208cb,1312JR,6,Liander
7 003 227,afdce30e-7b82-4d72-9a84-6838eb3208cb,1312JR,8,Liander
7 003 227,afdce30e-7b82-4d72-9a84-6838eb3208cb,1312JR,10,Liander
7 003 227,afdce30e-7b82-4d72-9a84-6838eb3208cb,1312JR,12,Liander
7 003 227,afdce30e-7b82-4d72-9a84-6838eb3208cb,1312JS,1,Liander
7 003 227,afdce30e-7b82-4d72-9a84-6838eb3208cb,1312JS,3,Liander
7 003 227,afdce30e-7b82-4d72-9a84-6838eb3208cb,1312JS,5,Liander
7 003 227,afdce30e-7b82-4d72-9a84-6838eb3208cb,1312JS,7,Liander
7 003 227,afdce30e-7b82-4d72-9a84-6838eb3208cb,1312JS,9,Liander
7 003 227,afdce30e-7b82-4d72-9a84-6838eb3208cb,1312JS,11,Liander
7 003 227,afdce30e-7b82-4d72-9a84-6838eb3208cb,1312JS,13,Liander
7 003 227,afdce30e-7b82-4d72-9a84-6838eb3208cb,1312JS,15,Liander
7 003 227,afdce30e-7b82-4d72-9a84-6838eb3208cb,1312JS,17,Liander
7 003 227,afdce30e-7b82-4d72-9a84-6838eb3208cb,1312JS,19,Liander
7 003 227,afdce30e-7b82-4d72-9a84-6838eb3208cb,1312JS,21,Liander
7 003 227,afdce30e-7b82-4d72-9a84-6838eb3208cb,1312JS,23,Liander
7 003 227,afdce30e-7b82-4d72-9a84-6838eb3208cb,1312JS,25,Liander
7 003 227,afdce30e-7b82-4d72-9a84-6838eb3208cb,1312JS,27,Liander
7 003 227,afdce30e-7b82-4d72-9a84-6838eb3208cb,1312JS,29,Liander
7 003 227,afdce30e-7b82-4d72-9a84-6838eb3208cb,1312JT,2,Liander
7 003 227,afdce30e-7b82-4d72-9a84-6838eb3208cb,1312JT,4,Liander
7 003 227,afdce30e-7b82-4d72-9a84-6838eb3208cb,1312JT,6,Liander
7 003 227,afdce30e-7b82-4d72-9a84-6838eb3208cb,1312JT,8,Liander
7 003 227,afdce30e-7b82-4d72-9a84-6838eb3208cb,1312JT,10,Liander
7 003 227,afdce30e-7b82-4d72-9a84-6838eb3208cb,1312JT,12,Liander
7 003 227,afdce30e-7b82-4d72-9a84-6838eb3208cb,1312JT,14,Liander
7 003 227,afdce30e-7b82-4d72-9a84-6838eb3208cb,1312JT,16,Liander
7 003 227,afdce30e-7b82-4d72-9a84-6838eb3208cb,1312JT,18,Liander
7 003 227,afdce30e-7b82-4d72-9a84-6838eb3208cb,1312JT,20,Liander
7 003 227,afdce30e-7b82-4d72-9a84-6838eb3208cb,1312JT,22,Liander
7 003 227,afdce30e-7b82-4d72-9a84-6838eb3208cb,1312JT,24,Liander
7 003 227,afdce30e-7b82-4d72-9a84-6838eb3208cb,1312JT,26,Liander
7 003 227,afdce30e-7b82-4d72-9a84-6838eb3208cb,1312JT,28,Liander
7 003 227,afdce30e-7b82-4d72-9a84-6838eb3208cb,1312JT,30,Liander
7 003 227,afdce30e-7b82-4d72-9a84-6838eb3208cb,1312JT,32,Liander
7 003 227,afdce30e-7b82-4d72-9a84-6838eb3208cb,1312JT,34,Liander
7 003 227,afdce30e-7b82-4d72-9a84-6838eb3208cb,1312JT,36,Liander
7 003 227,afdce30e-7b82-4d72-9a84-6838eb3208cb,1312JT,38,Liander
7 003 227,afdce30e-7b82-4d72-9a84-6838eb3208cb,1312JT,40,Liander
7 003 227,afdce30e-7b82-4d72-9a84-6838eb3208cb,1312JT,42,Liander
7 003 227,afdce30e-7b82-4d72-9a84-6838eb3208cb,1312JT,44,Liander
7 003 227,afdce30e-7b82-4d72-9a84-6838eb3208cb,1312JT,46,Liander
7 003 227,afdce30e-7b82-4d72-9a84-6838eb3208cb,1312JX,2,Liander
7 003 227,afdce30e-7b82-4d72-9a84-6838eb3208cb,1312JX,4,Liander
7 003 227,afdce30e-7b82-4d72-9a84-6838eb3208cb,1312JX,6,Liander
7 003 227,afdce30e-7b82-4d72-9a84-6838eb3208cb,1312JX,8,Liander
7 003 227,afdce30e-7b82-4d72-9a84-6838eb3208cb,1312JX,10,Liander
7 003 227,afdce30e-7b82-4d72-9a84-6838eb3208cb,1312JX,12,Liander
7 003 227,afdce30e-7b82-4d72-9a84-6838eb3208cb,1312JX,14,Liander
7 003 227,afdce30e-7b82-4d72-9a84-6838eb3208cb,1312JX,16,Liander
7 003 227,afdce30e-7b82-4d72-9a84-6838eb3208cb,1312JX,18,Liander
7 003 227,afdce30e-7b82-4d72-9a84-6838eb3208cb,1312JX,20,Liander
7 003 227,afdce30e-7b82-4d72-9a84-6838eb3208cb,1312JX,22,Liander
7 003 227,afdce30e-7b82-4d72-9a84-6838eb3208cb,1312JX,24,Liander
7 003 227,afdce30e-7b82-4d72-9a84-6838eb3208cb,1312JX,26,Liander
7 003 227,afdce30e-7b82-4d72-9a84-6838eb3208cb,1312JX,28,Liander
7 003 227,afdce30e-7b82-4d72-9a84-6838eb3208cb,1312JX,30,Liander
7 003 227,afdce30e-7b82-4d72-9a84-6838eb3208cb,1312JX,32,Liander
7 003 227,afdce30e-7b82-4d72-9a84-6838eb3208cb,1312JX,34,Liander
7 003 227,afdce30e-7b82-4d72-9a84-6838eb3208cb,1312JX,36,Liander
7 003 227,afdce30e-7b82-4d72-9a84-6838eb3208cb,1312JZ,1,Liander
7 003 227,afdce30e-7b82-4d72-9a84-6838eb3208cb,1312JZ,7,Liander
7 003 227,afdce30e-7b82-4d72-9a84-6838eb3208cb,1312JZ,11,Liander
7 003 227,afdce30e-7b82-4d72-9a84-6838eb3208cb,1312JZ,15,Liander
7 003 227,afdce30e-7b82-4d72-9a84-6838eb3208cb,1312KA,1,Liander
7 003 227,afdce30e-7b82-4d72-9a84-6838eb3208cb,1312KA,3,Liander
7 003 227,afdce30e-7b82-4d72-9a84-6838eb3208cb,1312KA,5,Liander
7 003 227,afdce30e-7b82-4d72-9a84-6838eb3208cb,1312KA,7,Liander
7 003 227,afdce30e-7b82-4d72-9a84-6838eb3208cb,1312KA,9,Liander
7 003 227,afdce30e-7b82-4d72-9a84-6838eb3208cb,1312KA,11,Liander
7 003 227,afdce30e-7b82-4d72-9a84-6838eb3208cb,1312KA,13,Liander
7 003 227,afdce30e-7b82-4d72-9a84-6838eb3208cb,1312KA,17,Liander
7 003 227,afdce30e-7b82-4d72-9a84-6838eb3208cb,1312KA,19,Liander
7 003 227,afdce30e-7b82-4d72-9a84-6838eb3208cb,1312KA,21,Liander
7 003 227,afdce30e-7b82-4d72-9a84-6838eb3208cb,1312KA,23,Liander
7 003 227,afdce30e-7b82-4d72-9a84-6838eb3208cb,1312KA,25,Liander
7 003 227,afdce30e-7b82-4d72-9a84-6838eb3208cb,1312KA,27,Liander
7 003 227,afdce30e-7b82-4d72-9a84-6838eb3208cb,1312KA,29,Liander
7 003 227,afdce30e-7b82-4d72-9a84-6838eb3208cb,1312KA,31,Liander
7 003 227,afdce30e-7b82-4d72-9a84-6838eb3208cb,1312KA,33,Liander
7 003 227,afdce30e-7b82-4d72-9a84-6838eb3208cb,1312KA,37,Liander
7 003 227,afdce30e-7b82-4d72-9a84-6838eb3208cb,1312KA,39,Liander
7 003 227,afdce30e-7b82-4d72-9a84-6838eb3208cb,1312KA,41,Liander
7 003 227,afdce30e-7b82-4d72-9a84-6838eb3208cb,1312KB,45,Liander
7 003 227,afdce30e-7b82-4d72-9a84-6838eb3208cb,1312KB,47,Liander
7 003 227,afdce30e-7b82-4d72-9a84-6838eb3208cb,1312KB,49,Liander
7 003 227,afdce30e-7b82-4d72-9a84-6838eb3208cb,1312KB,51,Liander
7 003 227,afdce30e-7b82-4d72-9a84-6838eb3208cb,1312KB,55,Liander
7 003 227,afdce30e-7b82-4d72-9a84-6838eb3208cb,1312KB,57,Liander
7 003 227,afdce30e-7b82-4d72-9a84-6838eb3208cb,1312KB,61,Liander
7 003 227,afdce30e-7b82-4d72-9a84-6838eb3208cb,1312KB,63,Liander
7 003 227,afdce30e-7b82-4d72-9a84-6838eb3208cb,1312KB,65,Liander
7 003 227,afdce30e-7b82-4d72-9a84-6838eb3208cb,1312KE,1,Liander
7 003 227,afdce30e-7b82-4d72-9a84-6838eb3208cb,1312KE,3,Liander
7 003 227,afdce30e-7b82-4d72-9a84-6838eb3208cb,1312KE,5,Liander
7 003 227,afdce30e-7b82-4d72-9a84-6838eb3208cb,1312KE,7,Liander
7 003 227,afdce30e-7b82-4d72-9a84-6838eb3208cb,1312KE,9,Liander
7 003 227,afdce30e-7b82-4d72-9a84-6838eb3208cb,1312KE,11,Liander
7 003 227,afdce30e-7b82-4d72-9a84-6838eb3208cb,1312KE,13,Liander
7 003 227,afdce30e-7b82-4d72-9a84-6838eb3208cb,1312KE,15,Liander
7 003 227,afdce30e-7b82-4d72-9a84-6838eb3208cb,1312KE,17,Liander
7 003 227,afdce30e-7b82-4d72-9a84-6838eb3208cb,1312KE,19,Liander
7 003 227,afdce30e-7b82-4d72-9a84-6838eb3208cb,1312KE,21,Liander
7 003 227,afdce30e-7b82-4d72-9a84-6838eb3208cb,1312KE,23,Liander
7 003 227,afdce30e-7b82-4d72-9a84-6838eb3208cb,1312KE,25,Liander
7 003 227,afdce30e-7b82-4d72-9a84-6838eb3208cb,1312KE,27,Liander
7 003 227,afdce30e-7b82-4d72-9a84-6838eb3208cb,1312KE,29,Liander
7 003 227,afdce30e-7b82-4d72-9a84-6838eb3208cb,1312KE,31,Liander
7 003 227,afdce30e-7b82-4d72-9a84-6838eb3208cb,1312KE,33,Liander
7 003 227,afdce30e-7b82-4d72-9a84-6838eb3208cb,1312KE,35,Liander
7 003 227,afdce30e-7b82-4d72-9a84-6838eb3208cb,1312KE,37,Liander
7 003 227,afdce30e-7b82-4d72-9a84-6838eb3208cb,1312KE,39,Liander
7 003 227,afdce30e-7b82-4d72-9a84-6838eb3208cb,1312KE,41,Liander
7 003 227,afdce30e-7b82-4d72-9a84-6838eb3208cb,1312KE,43,Liander
7 003 227,afdce30e-7b82-4d72-9a84-6838eb3208cb,1312KE,45,Liander
7 003 227,afdce30e-7b82-4d72-9a84-6838eb3208cb,1312KE,47,Liander
7 003 227,afdce30e-7b82-4d72-9a84-6838eb3208cb,1312KE,49,Liander
7 003 227,afdce30e-7b82-4d72-9a84-6838eb3208cb,1312KE,51,Liander
7 003 288,9d7ecebf-f32d-4f5d-8a13-68c48526f4ca,1312WC,115,Liander
7 003 288,9d7ecebf-f32d-4f5d-8a13-68c48526f4ca,1312WC,117,Liander
7 003 288,9d7ecebf-f32d-4f5d-8a13-68c48526f4ca,1312WC,119,Liander
7 003 288,9d7ecebf-f32d-4f5d-8a13-68c48526f4ca,1312WC,121,Liander
7 003 288,9d7ecebf-f32d-4f5d-8a13-68c48526f4ca,1312WC,123,Liander
7 003 288,9d7ecebf-f32d-4f5d-8a13-68c48526f4ca,1312WC,125,Liander
7 003 288,9d7ecebf-f32d-4f5d-8a13-68c48526f4ca,1312WC,127,Liander
7 003 288,9d7ecebf-f32d-4f5d-8a13-68c48526f4ca,1312WC,129,Liander
7 003 288,9d7ecebf-f32d-4f5d-8a13-68c48526f4ca,1312WC,131,Liander
7 003 288,9d7ecebf-f32d-4f5d-8a13-68c48526f4ca,1312WC,133,Liander
7 003 288,9d7ecebf-f32d-4f5d-8a13-68c48526f4ca,1312WC,135,Liander
7 003 288,9d7ecebf-f32d-4f5d-8a13-68c48526f4ca,1312WC,137,Liander
7 003 288,9d7ecebf-f32d-4f5d-8a13-68c48526f4ca,1312WC,139,Liander
7 003 288,9d7ecebf-f32d-4f5d-8a13-68c48526f4ca,1312WC,141,Liander
7 003 288,9d7ecebf-f32d-4f5d-8a13-68c48526f4ca,1312WC,143,Liander
7 003 288,9d7ecebf-f32d-4f5d-8a13-68c48526f4ca,1312WC,145,Liander
7 003 288,9d7ecebf-f32d-4f5d-8a13-68c48526f4ca,1312WC,147,Liander
7 003 288,9d7ecebf-f32d-4f5d-8a13-68c48526f4ca,1312WC,149,Liander
7 003 288,9d7ecebf-f32d-4f5d-8a13-68c48526f4ca,1312WC,151,Liander
7 003 288,9d7ecebf-f32d-4f5d-8a13-68c48526f4ca,1312WC,153,Liander
7 003 288,9d7ecebf-f32d-4f5d-8a13-68c48526f4ca,1312WC,155,Liander
7 003 288,9d7ecebf-f32d-4f5d-8a13-68c48526f4ca,1312WC,157,Liander
7 003 288,9d7ecebf-f32d-4f5d-8a13-68c48526f4ca,1312WJ,1,Liander
7 003 288,9d7ecebf-f32d-4f5d-8a13-68c48526f4ca,1312WJ,3,Liander
7 003 288,9d7ecebf-f32d-4f5d-8a13-68c48526f4ca,1312WJ,5,Liander
7 003 288,9d7ecebf-f32d-4f5d-8a13-68c48526f4ca,1312WJ,7,Liander
7 003 288,9d7ecebf-f32d-4f5d-8a13-68c48526f4ca,1312WJ,9,Liander
7 003 288,9d7ecebf-f32d-4f5d-8a13-68c48526f4ca,1312WJ,11,Liander
7 003 288,9d7ecebf-f32d-4f5d-8a13-68c48526f4ca,1312WJ,13,Liander
7 003 288,9d7ecebf-f32d-4f5d-8a13-68c48526f4ca,1312WJ,15,Liander
7 003 288,9d7ecebf-f32d-4f5d-8a13-68c48526f4ca,1312WJ,17,Liander
7 003 288,9d7ecebf-f32d-4f5d-8a13-68c48526f4ca,1312WJ,19,Liander
7 003 288,9d7ecebf-f32d-4f5d-8a13-68c48526f4ca,1312WJ,21,Liander
7 003 288,9d7ecebf-f32d-4f5d-8a13-68c48526f4ca,1312WJ,23,Liander
7 003 288,9d7ecebf-f32d-4f5d-8a13-68c48526f4ca,1312WJ,25,Liander
7 003 288,9d7ecebf-f32d-4f5d-8a13-68c48526f4ca,1312WJ,27,Liander
7 003 288,9d7ecebf-f32d-4f5d-8a13-68c48526f4ca,1312WJ,29,Liander
7 003 288,9d7ecebf-f32d-4f5d-8a13-68c48526f4ca,1312WJ,31,Liander
7 003 288,9d7ecebf-f32d-4f5d-8a13-68c48526f4ca,1312WJ,33,Liander
7 003 288,9d7ecebf-f32d-4f5d-8a13-68c48526f4ca,1312WJ,35,Liander
7 003 288,9d7ecebf-f32d-4f5d-8a13-68c48526f4ca,1312WJ,37,Liander
7 003 288,9d7ecebf-f32d-4f5d-8a13-68c48526f4ca,1312WJ,39,Liander
7 003 288,9d7ecebf-f32d-4f5d-8a13-68c48526f4ca,1312WJ,41,Liander
7 003 288,9d7ecebf-f32d-4f5d-8a13-68c48526f4ca,1312WJ,45,Liander
7 003 288,9d7ecebf-f32d-4f5d-8a13-68c48526f4ca,1312WJ,47,Liander
7 003 288,9d7ecebf-f32d-4f5d-8a13-68c48526f4ca,1312WJ,49,Liander
7 003 288,9d7ecebf-f32d-4f5d-8a13-68c48526f4ca,1312WJ,51,Liander
7 003 288,9d7ecebf-f32d-4f5d-8a13-68c48526f4ca,1312WJ,53,Liander
7 003 288,9d7ecebf-f32d-4f5d-8a13-68c48526f4ca,1312WK,55,Liander
7 003 288,9d7ecebf-f32d-4f5d-8a13-68c48526f4ca,1312WK,57,Liander
7 003 288,9d7ecebf-f32d-4f5d-8a13-68c48526f4ca,1312WK,59,Liander
7 003 288,9d7ecebf-f32d-4f5d-8a13-68c48526f4ca,1312WK,61,Liander
7 003 288,9d7ecebf-f32d-4f5d-8a13-68c48526f4ca,1312WK,63,Liander
7 003 288,9d7ecebf-f32d-4f5d-8a13-68c48526f4ca,1312WK,65,Liander
7 003 288,9d7ecebf-f32d-4f5d-8a13-68c48526f4ca,1312WK,67,Liander
7 003 288,9d7ecebf-f32d-4f5d-8a13-68c48526f4ca,1312WK,69,Liander
7 003 288,9d7ecebf-f32d-4f5d-8a13-68c48526f4ca,1312WK,71,Liander
7 003 288,9d7ecebf-f32d-4f5d-8a13-68c48526f4ca,1312WK,73,Liander
7 003 288,9d7ecebf-f32d-4f5d-8a13-68c48526f4ca,1312WK,75,Liander
7 003 288,9d7ecebf-f32d-4f5d-8a13-68c48526f4ca,1312WK,77,Liander
7 003 288,9d7ecebf-f32d-4f5d-8a13-68c48526f4ca,1312WK,79,Liander
7 003 288,9d7ecebf-f32d-4f5d-8a13-68c48526f4ca,1312WK,81,Liander
7 003 288,9d7ecebf-f32d-4f5d-8a13-68c48526f4ca,1312WK,83,Liander
7 003 288,9d7ecebf-f32d-4f5d-8a13-68c48526f4ca,1312WK,85,Liander
7 003 288,9d7ecebf-f32d-4f5d-8a13-68c48526f4ca,1312WK,87,Liander
7 003 288,9d7ecebf-f32d-4f5d-8a13-68c48526f4ca,1312WK,89,Liander
7 003 288,9d7ecebf-f32d-4f5d-8a13-68c48526f4ca,1312WK,91,Liander
7 003 288,9d7ecebf-f32d-4f5d-8a13-68c48526f4ca,1312WK,93,Liander
7 003 288,9d7ecebf-f32d-4f5d-8a13-68c48526f4ca,1312WK,95,Liander
7 003 288,9d7ecebf-f32d-4f5d-8a13-68c48526f4ca,1312WK,97,Liander
7 003 288,9d7ecebf-f32d-4f5d-8a13-68c48526f4ca,1312WL,2,Liander
7 003 288,9d7ecebf-f32d-4f5d-8a13-68c48526f4ca,1312WL,4,Liander
7 003 288,9d7ecebf-f32d-4f5d-8a13-68c48526f4ca,1312WL,6,Liander
7 003 288,9d7ecebf-f32d-4f5d-8a13-68c48526f4ca,1312WL,8,Liander
7 003 288,9d7ecebf-f32d-4f5d-8a13-68c48526f4ca,1312WL,10,Liander
7 003 288,9d7ecebf-f32d-4f5d-8a13-68c48526f4ca,1312WL,12,Liander
7 003 288,9d7ecebf-f32d-4f5d-8a13-68c48526f4ca,1312WL,14,Liander
7 003 288,9d7ecebf-f32d-4f5d-8a13-68c48526f4ca,1312WL,16,Liander
7 003 288,9d7ecebf-f32d-4f5d-8a13-68c48526f4ca,1312WL,18,Liander
7 003 288,9d7ecebf-f32d-4f5d-8a13-68c48526f4ca,1312WL,20,Liander
7 003 288,9d7ecebf-f32d-4f5d-8a13-68c48526f4ca,1312WL,22,Liander
7 003 288,9d7ecebf-f32d-4f5d-8a13-68c48526f4ca,1312WL,24,Liander
7 003 288,9d7ecebf-f32d-4f5d-8a13-68c48526f4ca,1312WL,26,Liander
7 003 288,9d7ecebf-f32d-4f5d-8a13-68c48526f4ca,1312WL,28,Liander
7 003 288,9d7ecebf-f32d-4f5d-8a13-68c48526f4ca,1312WL,30,Liander
7 003 288,9d7ecebf-f32d-4f5d-8a13-68c48526f4ca,1312WN,32,Liander
7 003 288,9d7ecebf-f32d-4f5d-8a13-68c48526f4ca,1312WN,34,Liander
7 003 288,9d7ecebf-f32d-4f5d-8a13-68c48526f4ca,1312WN,36,Liander
7 003 288,9d7ecebf-f32d-4f5d-8a13-68c48526f4ca,1312WN,38,Liander
7 003 288,9d7ecebf-f32d-4f5d-8a13-68c48526f4ca,1312WN,40,Liander
7 003 288,9d7ecebf-f32d-4f5d-8a13-68c48526f4ca,1312WN,42,Liander
7 003 288,9d7ecebf-f32d-4f5d-8a13-68c48526f4ca,1312WN,44,Liander
7 003 288,9d7ecebf-f32d-4f5d-8a13-68c48526f4ca,1312WN,46,Liander
7 003 288,9d7ecebf-f32d-4f5d-8a13-68c48526f4ca,1312WN,48,Liander
7 003 288,9d7ecebf-f32d-4f5d-8a13-68c48526f4ca,1312WN,50,Liander
7 003 288,9d7ecebf-f32d-4f5d-8a13-68c48526f4ca,1312WN,52,Liander
7 003 288,9d7ecebf-f32d-4f5d-8a13-68c48526f4ca,1312WN,54,Liander
7 003 288,9d7ecebf-f32d-4f5d-8a13-68c48526f4ca,1312WN,56,Liander
7 003 288,9d7ecebf-f32d-4f5d-8a13-68c48526f4ca,1312WN,58,Liander
7 003 288,9d7ecebf-f32d-4f5d-8a13-68c48526f4ca,1312WN,60,Liander
7 003 288,9d7ecebf-f32d-4f5d-8a13-68c48526f4ca,1312WN,62,Liander
7 003 288,9d7ecebf-f32d-4f5d-8a13-68c48526f4ca,1312WN,64,Liander
7 003 288,9d7ecebf-f32d-4f5d-8a13-68c48526f4ca,1312WN,66,Liander
7 003 288,9d7ecebf-f32d-4f5d-8a13-68c48526f4ca,1312WN,68,Liander
7 003 288,9d7ecebf-f32d-4f5d-8a13-68c48526f4ca,1312WP,86,Liander
7 003 288,9d7ecebf-f32d-4f5d-8a13-68c48526f4ca,1312WP,88,Liander
7 003 288,9d7ecebf-f32d-4f5d-8a13-68c48526f4ca,1312WP,90,Liander
7 003 288,9d7ecebf-f32d-4f5d-8a13-68c48526f4ca,1312WP,92,Liander
7 003 288,9d7ecebf-f32d-4f5d-8a13-68c48526f4ca,1312WP,94,Liander
7 003 288,9d7ecebf-f32d-4f5d-8a13-68c48526f4ca,1312WP,96,Liander
7 003 288,9d7ecebf-f32d-4f5d-8a13-68c48526f4ca,1312WP,98,Liander
7 003 288,9d7ecebf-f32d-4f5d-8a13-68c48526f4ca,1312WP,100,Liander
7 003 288,9d7ecebf-f32d-4f5d-8a13-68c48526f4ca,1312WP,102,Liander
7 003 288,9d7ecebf-f32d-4f5d-8a13-68c48526f4ca,1312WP,104,Liander
7 003 288,9d7ecebf-f32d-4f5d-8a13-68c48526f4ca,1312WP,106,Liander
7 003 288,9d7ecebf-f32d-4f5d-8a13-68c48526f4ca,1312WP,108,Liander
7 003 288,9d7ecebf-f32d-4f5d-8a13-68c48526f4ca,1312WP,110,Liander
7 003 288,9d7ecebf-f32d-4f5d-8a13-68c48526f4ca,1312WR,112,Liander
7 003 288,9d7ecebf-f32d-4f5d-8a13-68c48526f4ca,1312WR,114,Liander
7 003 288,9d7ecebf-f32d-4f5d-8a13-68c48526f4ca,1312WR,116,Liander
7 003 288,9d7ecebf-f32d-4f5d-8a13-68c48526f4ca,1312WR,118,Liander
7 003 288,9d7ecebf-f32d-4f5d-8a13-68c48526f4ca,1312WR,120,Liander
7 003 288,9d7ecebf-f32d-4f5d-8a13-68c48526f4ca,1312WR,122,Liander
7 003 288,9d7ecebf-f32d-4f5d-8a13-68c48526f4ca,1312WR,124,Liander
7 003 288,9d7ecebf-f32d-4f5d-8a13-68c48526f4ca,1312WR,126,Liander
7 003 288,9d7ecebf-f32d-4f5d-8a13-68c48526f4ca,1312WR,128,Liander
7 003 288,9d7ecebf-f32d-4f5d-8a13-68c48526f4ca,1312WR,130,Liander
7 003 288,9d7ecebf-f32d-4f5d-8a13-68c48526f4ca,1312WR,132,Liander
7 003 288,9d7ecebf-f32d-4f5d-8a13-68c48526f4ca,1312WR,134,Liander
7 003 288,9d7ecebf-f32d-4f5d-8a13-68c48526f4ca,1312WR,136,Liander
7 003 288,9d7ecebf-f32d-4f5d-8a13-68c48526f4ca,1312WR,138,Liander
7 003 288,9d7ecebf-f32d-4f5d-8a13-68c48526f4ca,1312WR,140,Liander
7 003 288,9d7ecebf-f32d-4f5d-8a13-68c48526f4ca,1312WR,142,Liander
7 003 288,9d7ecebf-f32d-4f5d-8a13-68c48526f4ca,1312WR,144,Liander
7 003 288,9d7ecebf-f32d-4f5d-8a13-68c48526f4ca,1312WS,1,Liander
7 003 288,9d7ecebf-f32d-4f5d-8a13-68c48526f4ca,1312WS,3,Liander
7 003 288,9d7ecebf-f32d-4f5d-8a13-68c48526f4ca,1312WS,5,Liander
7 003 288,9d7ecebf-f32d-4f5d-8a13-68c48526f4ca,1312WS,7,Liander
7 003 288,9d7ecebf-f32d-4f5d-8a13-68c48526f4ca,1312WS,9,Liander
7 003 288,9d7ecebf-f32d-4f5d-8a13-68c48526f4ca,1312WS,11,Liander
7 003 288,9d7ecebf-f32d-4f5d-8a13-68c48526f4ca,1312WS,13,Liander
7 003 288,9d7ecebf-f32d-4f5d-8a13-68c48526f4ca,1312WS,15,Liander
7 003 288,9d7ecebf-f32d-4f5d-8a13-68c48526f4ca,1312WS,17,Liander
7 003 288,9d7ecebf-f32d-4f5d-8a13-68c48526f4ca,1312WS,19,Liander
7 003 288,9d7ecebf-f32d-4f5d-8a13-68c48526f4ca,1312WS,21,Liander
7 003 288,9d7ecebf-f32d-4f5d-8a13-68c48526f4ca,1312WS,23,Liander
7 003 288,9d7ecebf-f32d-4f5d-8a13-68c48526f4ca,1312WS,25,Liander
7 003 288,9d7ecebf-f32d-4f5d-8a13-68c48526f4ca,1312WS,27,Liander
7 003 288,9d7ecebf-f32d-4f5d-8a13-68c48526f4ca,1312WS,29,Liander
7 003 288,9d7ecebf-f32d-4f5d-8a13-68c48526f4ca,1312WS,31,Liander
7 003 288,9d7ecebf-f32d-4f5d-8a13-68c48526f4ca,1312WS,33,Liander
7 003 288,9d7ecebf-f32d-4f5d-8a13-68c48526f4ca,1312WS,35,Liander
7 003 288,9d7ecebf-f32d-4f5d-8a13-68c48526f4ca,1312WS,37,Liander
7 003 288,9d7ecebf-f32d-4f5d-8a13-68c48526f4ca,1312WT,39,Liander
7 003 288,9d7ecebf-f32d-4f5d-8a13-68c48526f4ca,1312WT,41,Liander
7 003 288,9d7ecebf-f32d-4f5d-8a13-68c48526f4ca,1312WT,43,Liander
7 003 288,9d7ecebf-f32d-4f5d-8a13-68c48526f4ca,1312WT,45,Liander
7 003 288,9d7ecebf-f32d-4f5d-8a13-68c48526f4ca,1312WT,47,Liander
7 003 288,9d7ecebf-f32d-4f5d-8a13-68c48526f4ca,1312WT,49,Liander
7 003 288,9d7ecebf-f32d-4f5d-8a13-68c48526f4ca,1312WT,51,Liander
7 003 288,9d7ecebf-f32d-4f5d-8a13-68c48526f4ca,1312WT,53,Liander
7 003 288,9d7ecebf-f32d-4f5d-8a13-68c48526f4ca,1312WT,55,Liander
7 003 288,9d7ecebf-f32d-4f5d-8a13-68c48526f4ca,1312WT,57,Liander
7 003 288,9d7ecebf-f32d-4f5d-8a13-68c48526f4ca,1312WT,59,Liander
7 003 288,9d7ecebf-f32d-4f5d-8a13-68c48526f4ca,1312WT,61,Liander
7 003 288,9d7ecebf-f32d-4f5d-8a13-68c48526f4ca,1312WT,63,Liander
7 003 288,9d7ecebf-f32d-4f5d-8a13-68c48526f4ca,1312WT,65,Liander
7 003 288,9d7ecebf-f32d-4f5d-8a13-68c48526f4ca,1312WT,67,Liander
7 003 288,9d7ecebf-f32d-4f5d-8a13-68c48526f4ca,1312WT,69,Liander
7 003 288,9d7ecebf-f32d-4f5d-8a13-68c48526f4ca,1312WT,71,Liander
7 003 288,9d7ecebf-f32d-4f5d-8a13-68c48526f4ca,1312WT,73,Liander
7 003 288,9d7ecebf-f32d-4f5d-8a13-68c48526f4ca,1312WV,2,Liander
7 003 288,9d7ecebf-f32d-4f5d-8a13-68c48526f4ca,1312WV,4,Liander
7 003 288,9d7ecebf-f32d-4f5d-8a13-68c48526f4ca,1312WV,6,Liander
7 003 288,9d7ecebf-f32d-4f5d-8a13-68c48526f4ca,1312WV,8,Liander
7 003 288,9d7ecebf-f32d-4f5d-8a13-68c48526f4ca,1312WV,10,Liander
7 003 288,9d7ecebf-f32d-4f5d-8a13-68c48526f4ca,1312WV,12,Liander
7 003 288,9d7ecebf-f32d-4f5d-8a13-68c48526f4ca,1312WV,14,Liander
7 003 288,9d7ecebf-f32d-4f5d-8a13-68c48526f4ca,1312WV,16,Liander
7 003 288,9d7ecebf-f32d-4f5d-8a13-68c48526f4ca,1312WV,18,Liander
7 003 288,9d7ecebf-f32d-4f5d-8a13-68c48526f4ca,1312WV,20,Liander
7 003 288,9d7ecebf-f32d-4f5d-8a13-68c48526f4ca,1312WV,22,Liander
7 003 288,9d7ecebf-f32d-4f5d-8a13-68c48526f4ca,1312WV,24,Liander
7 003 288,9d7ecebf-f32d-4f5d-8a13-68c48526f4ca,1312WV,26,Liander
7 003 288,9d7ecebf-f32d-4f5d-8a13-68c48526f4ca,1312WV,28,Liander
7 003 288,9d7ecebf-f32d-4f5d-8a13-68c48526f4ca,1312WV,30,Liander
7 003 288,9d7ecebf-f32d-4f5d-8a13-68c48526f4ca,1312WV,32,Liander
7 003 288,9d7ecebf-f32d-4f5d-8a13-68c48526f4ca,1312WV,34,Liander
7 003 288,9d7ecebf-f32d-4f5d-8a13-68c48526f4ca,1312WX,36,Liander
7 003 288,9d7ecebf-f32d-4f5d-8a13-68c48526f4ca,1312WX,38,Liander
7 003 288,9d7ecebf-f32d-4f5d-8a13-68c48526f4ca,1312WX,40,Liander
7 003 288,9d7ecebf-f32d-4f5d-8a13-68c48526f4ca,1312WX,42,Liander
7 003 288,9d7ecebf-f32d-4f5d-8a13-68c48526f4ca,1312WX,44,Liander
7 003 288,9d7ecebf-f32d-4f5d-8a13-68c48526f4ca,1312WX,46,Liander
7 003 288,9d7ecebf-f32d-4f5d-8a13-68c48526f4ca,1312WX,48,Liander
7 003 288,9d7ecebf-f32d-4f5d-8a13-68c48526f4ca,1312WX,50,Liander
7 003 288,9d7ecebf-f32d-4f5d-8a13-68c48526f4ca,1312WX,52,Liander
7 003 288,9d7ecebf-f32d-4f5d-8a13-68c48526f4ca,1312WX,54,Liander
7 003 288,9d7ecebf-f32d-4f5d-8a13-68c48526f4ca,1312WX,56,Liander
7 003 288,9d7ecebf-f32d-4f5d-8a13-68c48526f4ca,1312WX,58,Liander
7 003 288,9d7ecebf-f32d-4f5d-8a13-68c48526f4ca,1312WX,60,Liander
7 003 288,9d7ecebf-f32d-4f5d-8a13-68c48526f4ca,1312WX,62,Liander
7 003 288,9d7ecebf-f32d-4f5d-8a13-68c48526f4ca,1312WX,64,Liander
7 003 288,9d7ecebf-f32d-4f5d-8a13-68c48526f4ca,1312WZ,1,Liander
7 003 288,9d7ecebf-f32d-4f5d-8a13-68c48526f4ca,1312WZ,3,Liander
7 003 288,9d7ecebf-f32d-4f5d-8a13-68c48526f4ca,1312WZ,5,Liander
7 003 288,9d7ecebf-f32d-4f5d-8a13-68c48526f4ca,1312WZ,7,Liander
7 003 288,9d7ecebf-f32d-4f5d-8a13-68c48526f4ca,1312WZ,9,Liander
7 003 288,9d7ecebf-f32d-4f5d-8a13-68c48526f4ca,1312WZ,11,Liander
7 003 288,9d7ecebf-f32d-4f5d-8a13-68c48526f4ca,1312WZ,13,Liander
7 003 288,9d7ecebf-f32d-4f5d-8a13-68c48526f4ca,1312WZ,15,Liander
7 003 288,9d7ecebf-f32d-4f5d-8a13-68c48526f4ca,1312WZ,17,Liander
7 003 288,9d7ecebf-f32d-4f5d-8a13-68c48526f4ca,1312WZ,19,Liander
7 003 288,9d7ecebf-f32d-4f5d-8a13-68c48526f4ca,1312WZ,21,Liander
7 003 288,9d7ecebf-f32d-4f5d-8a13-68c48526f4ca,1312WZ,23,Liander
7 003 288,9d7ecebf-f32d-4f5d-8a13-68c48526f4ca,1312WZ,25,Liander
7 003 288,9d7ecebf-f32d-4f5d-8a13-68c48526f4ca,1312WZ,27,Liander
7 003 288,9d7ecebf-f32d-4f5d-8a13-68c48526f4ca,1312WZ,29,Liander
7 003 288,9d7ecebf-f32d-4f5d-8a13-68c48526f4ca,1312WZ,31,Liander
7 003 288,9d7ecebf-f32d-4f5d-8a13-68c48526f4ca,1312WZ,33,Liander
7 003 288,9d7ecebf-f32d-4f5d-8a13-68c48526f4ca,1312XB,35,Liander
7 003 288,9d7ecebf-f32d-4f5d-8a13-68c48526f4ca,1312XB,37,Liander
7 003 288,9d7ecebf-f32d-4f5d-8a13-68c48526f4ca,1312XB,39,Liander
7 003 288,9d7ecebf-f32d-4f5d-8a13-68c48526f4ca,1312XB,41,Liander
7 003 288,9d7ecebf-f32d-4f5d-8a13-68c48526f4ca,1312XB,43,Liander
7 003 288,9d7ecebf-f32d-4f5d-8a13-68c48526f4ca,1312XB,45,Liander
7 003 288,9d7ecebf-f32d-4f5d-8a13-68c48526f4ca,1312XB,47,Liander
7 003 288,9d7ecebf-f32d-4f5d-8a13-68c48526f4ca,1312XB,49,Liander
7 003 288,9d7ecebf-f32d-4f5d-8a13-68c48526f4ca,1312XB,51,Liander
7 003 288,9d7ecebf-f32d-4f5d-8a13-68c48526f4ca,1312XB,53,Liander
7 003 288,9d7ecebf-f32d-4f5d-8a13-68c48526f4ca,1312XB,55,Liander
7 003 288,9d7ecebf-f32d-4f5d-8a13-68c48526f4ca,1312XB,57,Liander
7 003 288,9d7ecebf-f32d-4f5d-8a13-68c48526f4ca,1312XB,59,Liander
7 003 288,9d7ecebf-f32d-4f5d-8a13-68c48526f4ca,1312XB,61,Liander
7 003 288,9d7ecebf-f32d-4f5d-8a13-68c48526f4ca,1312XB,63,Liander
7 003 288,9d7ecebf-f32d-4f5d-8a13-68c48526f4ca,1312XB,65,Liander
7 003 288,9d7ecebf-f32d-4f5d-8a13-68c48526f4ca,1312XC,2,Liander
7 003 288,9d7ecebf-f32d-4f5d-8a13-68c48526f4ca,1312XC,4,Liander
7 003 288,9d7ecebf-f32d-4f5d-8a13-68c48526f4ca,1312XC,6,Liander
7 003 288,9d7ecebf-f32d-4f5d-8a13-68c48526f4ca,1312XC,8,Liander
7 003 288,9d7ecebf-f32d-4f5d-8a13-68c48526f4ca,1312XC,10,Liander
7 003 288,9d7ecebf-f32d-4f5d-8a13-68c48526f4ca,1312XC,12,Liander
7 003 288,9d7ecebf-f32d-4f5d-8a13-68c48526f4ca,1312XC,14,Liander
7 003 288,9d7ecebf-f32d-4f5d-8a13-68c48526f4ca,1312XC,16,Liander
7 003 288,9d7ecebf-f32d-4f5d-8a13-68c48526f4ca,1312XC,18,Liander
7 003 288,9d7ecebf-f32d-4f5d-8a13-68c48526f4ca,1312XC,20,Liander
7 003 288,9d7ecebf-f32d-4f5d-8a13-68c48526f4ca,1312XD,22,Liander
7 003 288,9d7ecebf-f32d-4f5d-8a13-68c48526f4ca,1312XD,24,Liander
7 003 288,9d7ecebf-f32d-4f5d-8a13-68c48526f4ca,1312XD,26,Liander
7 003 288,9d7ecebf-f32d-4f5d-8a13-68c48526f4ca,1312XD,28,Liander
7 003 288,9d7ecebf-f32d-4f5d-8a13-68c48526f4ca,1312XD,30,Liander
7 003 288,9d7ecebf-f32d-4f5d-8a13-68c48526f4ca,1312XD,32,Liander
7 003 288,9d7ecebf-f32d-4f5d-8a13-68c48526f4ca,1312XD,34,Liander
7 003 288,9d7ecebf-f32d-4f5d-8a13-68c48526f4ca,1312XD,36,Liander
7 003 288,9d7ecebf-f32d-4f5d-8a13-68c48526f4ca,1312XD,38,Liander
7 003 288,9d7ecebf-f32d-4f5d-8a13-68c48526f4ca,1312XE,1,Liander
7 003 288,9d7ecebf-f32d-4f5d-8a13-68c48526f4ca,1312XE,3,Liander
7 003 288,9d7ecebf-f32d-4f5d-8a13-68c48526f4ca,1312XE,5,Liander
7 003 288,9d7ecebf-f32d-4f5d-8a13-68c48526f4ca,1312XE,7,Liander
7 003 288,9d7ecebf-f32d-4f5d-8a13-68c48526f4ca,1312XE,9,Liander
7 003 288,9d7ecebf-f32d-4f5d-8a13-68c48526f4ca,1312XE,11,Liander
7 003 288,9d7ecebf-f32d-4f5d-8a13-68c48526f4ca,1312XE,13,Liander
7 003 288,9d7ecebf-f32d-4f5d-8a13-68c48526f4ca,1312XE,15,Liander
7 003 288,9d7ecebf-f32d-4f5d-8a13-68c48526f4ca,1312XE,17,Liander
7 003 288,9d7ecebf-f32d-4f5d-8a13-68c48526f4ca,1312XE,23,Liander
7 003 288,9d7ecebf-f32d-4f5d-8a13-68c48526f4ca,1312XE,25,Liander
7 003 288,9d7ecebf-f32d-4f5d-8a13-68c48526f4ca,1312XE,27,Liander
7 003 288,9d7ecebf-f32d-4f5d-8a13-68c48526f4ca,1312XE,29,Liander
7 003 288,9d7ecebf-f32d-4f5d-8a13-68c48526f4ca,1312XE,31,Liander
7 003 288,9d7ecebf-f32d-4f5d-8a13-68c48526f4ca,1312XE,33,Liander
7 003 288,9d7ecebf-f32d-4f5d-8a13-68c48526f4ca,1312XE,35,Liander
7 003 288,9d7ecebf-f32d-4f5d-8a13-68c48526f4ca,1312XG,2,Liander
7 003 288,9d7ecebf-f32d-4f5d-8a13-68c48526f4ca,1312XG,4,Liander
7 003 288,9d7ecebf-f32d-4f5d-8a13-68c48526f4ca,1312XG,6,Liander
7 003 288,9d7ecebf-f32d-4f5d-8a13-68c48526f4ca,1312XG,8,Liander
7 003 288,9d7ecebf-f32d-4f5d-8a13-68c48526f4ca,1312XG,10,Liander
7 003 288,9d7ecebf-f32d-4f5d-8a13-68c48526f4ca,1312XG,12,Liander
7 003 288,9d7ecebf-f32d-4f5d-8a13-68c48526f4ca,1312XG,14,Liander
7 003 288,9d7ecebf-f32d-4f5d-8a13-68c48526f4ca,1312XG,16,Liander
7 003 288,9d7ecebf-f32d-4f5d-8a13-68c48526f4ca,1312XG,18,Liander
7 003 288,9d7ecebf-f32d-4f5d-8a13-68c48526f4ca,1312XG,20,Liander
7 003 288,9d7ecebf-f32d-4f5d-8a13-68c48526f4ca,1312XG,22,Liander
7 003 288,9d7ecebf-f32d-4f5d-8a13-68c48526f4ca,1312XG,24,Liander
7 003 288,9d7ecebf-f32d-4f5d-8a13-68c48526f4ca,1312XG,26,Liander
7 003 288,9d7ecebf-f32d-4f5d-8a13-68c48526f4ca,1312XG,28,Liander
7 003 288,9d7ecebf-f32d-4f5d-8a13-68c48526f4ca,1312XG,30,Liander
7 003 288,9d7ecebf-f32d-4f5d-8a13-68c48526f4ca,1312XG,32,Liander
7 003 288,9d7ecebf-f32d-4f5d-8a13-68c48526f4ca,1312XG,34,Liander
7 003 288,9d7ecebf-f32d-4f5d-8a13-68c48526f4ca,1312XG,36,Liander
7 003 288,9d7ecebf-f32d-4f5d-8a13-68c48526f4ca,1312XG,38,Liander
7 003 288,9d7ecebf-f32d-4f5d-8a13-68c48526f4ca,1312XG,40,Liander
7 003 288,9d7ecebf-f32d-4f5d-8a13-68c48526f4ca,1312XG,42,Liander
7 003 288,9d7ecebf-f32d-4f5d-8a13-68c48526f4ca,1312XG,44,Liander
7 003 288,9d7ecebf-f32d-4f5d-8a13-68c48526f4ca,1312XG,46,Liander
7 003 288,9d7ecebf-f32d-4f5d-8a13-68c48526f4ca,1312XG,48,Liander
7 003 288,9d7ecebf-f32d-4f5d-8a13-68c48526f4ca,1312XG,50,Liander
7 003 288,9d7ecebf-f32d-4f5d-8a13-68c48526f4ca,1312XG,52,Liander
7 003 288,9d7ecebf-f32d-4f5d-8a13-68c48526f4ca,1312XG,54,Liander
7 003 288,9d7ecebf-f32d-4f5d-8a13-68c48526f4ca,1312XG,56,Liander
7 003 288,9d7ecebf-f32d-4f5d-8a13-68c48526f4ca,1312XH,4 A,Liander
7 003 288,9d7ecebf-f32d-4f5d-8a13-68c48526f4ca,1312XJ,2,Liander
7 003 288,9d7ecebf-f32d-4f5d-8a13-68c48526f4ca,1312XJ,4,Liander
7 003 288,9d7ecebf-f32d-4f5d-8a13-68c48526f4ca,1312XJ,6,Liander
7 003 288,9d7ecebf-f32d-4f5d-8a13-68c48526f4ca,1312XJ,8,Liander
7 003 288,9d7ecebf-f32d-4f5d-8a13-68c48526f4ca,1312XJ,10,Liander
7 003 288,9d7ecebf-f32d-4f5d-8a13-68c48526f4ca,1312XJ,12,Liander
7 003 288,9d7ecebf-f32d-4f5d-8a13-68c48526f4ca,1312XJ,14,Liander
7 003 288,9d7ecebf-f32d-4f5d-8a13-68c48526f4ca,1312XJ,16,Liander
7 003 288,9d7ecebf-f32d-4f5d-8a13-68c48526f4ca,1312XJ,18,Liander
7 003 288,9d7ecebf-f32d-4f5d-8a13-68c48526f4ca,1312XJ,20,Liander
7 003 288,9d7ecebf-f32d-4f5d-8a13-68c48526f4ca,1312XJ,22,Liander
7 003 288,9d7ecebf-f32d-4f5d-8a13-68c48526f4ca,1312XJ,24,Liander
7 003 288,9d7ecebf-f32d-4f5d-8a13-68c48526f4ca,1312XJ,26,Liander
7 003 288,9d7ecebf-f32d-4f5d-8a13-68c48526f4ca,1312XJ,28,Liander
7 003 288,9d7ecebf-f32d-4f5d-8a13-68c48526f4ca,1312XJ,30,Liander
7 003 288,9d7ecebf-f32d-4f5d-8a13-68c48526f4ca,1312XJ,32,Liander
7 003 288,9d7ecebf-f32d-4f5d-8a13-68c48526f4ca,1312XJ,34,Liander
7 003 288,9d7ecebf-f32d-4f5d-8a13-68c48526f4ca,1312XJ,36,Liander
7 003 288,9d7ecebf-f32d-4f5d-8a13-68c48526f4ca,1312XJ,38,Liander
7 003 288,9d7ecebf-f32d-4f5d-8a13-68c48526f4ca,1312XJ,40,Liander
7 003 288,9d7ecebf-f32d-4f5d-8a13-68c48526f4ca,1312XJ,42,Liander
7 003 288,9d7ecebf-f32d-4f5d-8a13-68c48526f4ca,1312XJ,44,Liander
7 003 288,9d7ecebf-f32d-4f5d-8a13-68c48526f4ca,1312XJ,46,Liander
7 003 288,9d7ecebf-f32d-4f5d-8a13-68c48526f4ca,1312XJ,48,Liander
7 003 288,9d7ecebf-f32d-4f5d-8a13-68c48526f4ca,1312XJ,50,Liander
7 003 288,9d7ecebf-f32d-4f5d-8a13-68c48526f4ca,1312XJ,52,Liander
7 003 288,9d7ecebf-f32d-4f5d-8a13-68c48526f4ca,1312XJ,54,Liander
7 003 288,9d7ecebf-f32d-4f5d-8a13-68c48526f4ca,1312XJ,56,Liander
7 003 288,9d7ecebf-f32d-4f5d-8a13-68c48526f4ca,1312XJ,58,Liander
7 003 288,9d7ecebf-f32d-4f5d-8a13-68c48526f4ca,1312XJ,60,Liander
7 003 288,9d7ecebf-f32d-4f5d-8a13-68c48526f4ca,1312XJ,62,Liander
7 003 288,9d7ecebf-f32d-4f5d-8a13-68c48526f4ca,1312XJ,64,Liander
7 003 288,9d7ecebf-f32d-4f5d-8a13-68c48526f4ca,1312XJ,66,Liander
7 003 288,9d7ecebf-f32d-4f5d-8a13-68c48526f4ca,1312XJ,68,Liander
7 003 288,9d7ecebf-f32d-4f5d-8a13-68c48526f4ca,1312XK,1,Liander
7 003 309,437495e1-dfef-4dd4-ab2e-78155e1297a9,1333XT,99,Liander
7 003 309,437495e1-dfef-4dd4-ab2e-78155e1297a9,1333ZA,49,Liander
7 003 309,437495e1-dfef-4dd4-ab2e-78155e1297a9,1333ZA,51,Liander
7 003 309,437495e1-dfef-4dd4-ab2e-78155e1297a9,1333ZA,53,Liander
7 003 309,437495e1-dfef-4dd4-ab2e-78155e1297a9,1333ZA,55,Liander
7 003 309,437495e1-dfef-4dd4-ab2e-78155e1297a9,1333ZA,57,Liander
7 003 309,437495e1-dfef-4dd4-ab2e-78155e1297a9,1333ZA,59,Liander
7 003 309,437495e1-dfef-4dd4-ab2e-78155e1297a9,1333ZB,168,Liander
7 003 309,437495e1-dfef-4dd4-ab2e-78155e1297a9,1333ZB,170,Liander
7 003 309,437495e1-dfef-4dd4-ab2e-78155e1297a9,1333ZB,172,Liander
7 003 309,437495e1-dfef-4dd4-ab2e-78155e1297a9,1333ZB,174,Liander
7 003 309,437495e1-dfef-4dd4-ab2e-78155e1297a9,1333ZC,1,Liander
7 003 309,437495e1-dfef-4dd4-ab2e-78155e1297a9,1333ZC,3,Liander
7 003 309,437495e1-dfef-4dd4-ab2e-78155e1297a9,1333ZC,5,Liander
7 003 309,437495e1-dfef-4dd4-ab2e-78155e1297a9,1333ZC,7,Liander
7 003 309,437495e1-dfef-4dd4-ab2e-78155e1297a9,1333ZC,9,Liander
7 003 309,437495e1-dfef-4dd4-ab2e-78155e1297a9,1333ZC,11,Liander
7 003 309,437495e1-dfef-4dd4-ab2e-78155e1297a9,1333ZC,13,Liander
7 003 309,437495e1-dfef-4dd4-ab2e-78155e1297a9,1333ZC,15,Liander
7 003 309,437495e1-dfef-4dd4-ab2e-78155e1297a9,1333ZC,17,Liander
7 003 309,437495e1-dfef-4dd4-ab2e-78155e1297a9,1333ZC,19,Liander
7 003 309,437495e1-dfef-4dd4-ab2e-78155e1297a9,1333ZC,21,Liander
7 003 309,437495e1-dfef-4dd4-ab2e-78155e1297a9,1333ZC,23,Liander
7 003 309,437495e1-dfef-4dd4-ab2e-78155e1297a9,1333ZC,25,Liander
7 003 309,437495e1-dfef-4dd4-ab2e-78155e1297a9,1333ZC,27,Liander
7 003 309,437495e1-dfef-4dd4-ab2e-78155e1297a9,1333ZC,29,Liander
7 003 309,437495e1-dfef-4dd4-ab2e-78155e1297a9,1333ZC,31,Liander
7 003 309,437495e1-dfef-4dd4-ab2e-78155e1297a9,1333ZC,33,Liander
7 003 309,437495e1-dfef-4dd4-ab2e-78155e1297a9,1333ZC,35,Liander
7 003 309,437495e1-dfef-4dd4-ab2e-78155e1297a9,1333ZD,1,Liander
7 003 309,437495e1-dfef-4dd4-ab2e-78155e1297a9,1333ZD,2,Liander
7 003 309,437495e1-dfef-4dd4-ab2e-78155e1297a9,1333ZD,3,Liander
7 003 309,437495e1-dfef-4dd4-ab2e-78155e1297a9,1333ZD,4,Liander
7 003 309,437495e1-dfef-4dd4-ab2e-78155e1297a9,1333ZD,5,Liander
7 003 309,437495e1-dfef-4dd4-ab2e-78155e1297a9,1333ZD,6,Liander
7 003 309,437495e1-dfef-4dd4-ab2e-78155e1297a9,1333ZD,7,Liander
7 003 309,437495e1-dfef-4dd4-ab2e-78155e1297a9,1333ZD,8,Liander
7 003 309,437495e1-dfef-4dd4-ab2e-78155e1297a9,1333ZD,9,Liander
7 003 309,437495e1-dfef-4dd4-ab2e-78155e1297a9,1333ZD,10,Liander
7 003 309,437495e1-dfef-4dd4-ab2e-78155e1297a9,1333ZD,12,Liander
7 003 309,437495e1-dfef-4dd4-ab2e-78155e1297a9,1333ZD,14,Liander
7 003 309,437495e1-dfef-4dd4-ab2e-78155e1297a9,1333ZD,16,Liander
7 003 309,437495e1-dfef-4dd4-ab2e-78155e1297a9,1333ZE,1,Liander
7 003 309,437495e1-dfef-4dd4-ab2e-78155e1297a9,1333ZE,2,Liander
7 003 309,437495e1-dfef-4dd4-ab2e-78155e1297a9,1333ZE,3,Liander
7 003 309,437495e1-dfef-4dd4-ab2e-78155e1297a9,1333ZE,4,Liander
7 003 309,437495e1-dfef-4dd4-ab2e-78155e1297a9,1333ZE,5,Liander
7 003 309,437495e1-dfef-4dd4-ab2e-78155e1297a9,1333ZE,6,Liander
7 003 309,437495e1-dfef-4dd4-ab2e-78155e1297a9,1333ZE,7,Liander
7 003 309,437495e1-dfef-4dd4-ab2e-78155e1297a9,1333ZE,8,Liander
7 003 309,437495e1-dfef-4dd4-ab2e-78155e1297a9,1333ZE,9,Liander
7 003 309,437495e1-dfef-4dd4-ab2e-78155e1297a9,1333ZE,10,Liander
7 003 309,437495e1-dfef-4dd4-ab2e-78155e1297a9,1333ZE,11,Liander
7 003 309,437495e1-dfef-4dd4-ab2e-78155e1297a9,1333ZE,13,Liander
7 003 309,437495e1-dfef-4dd4-ab2e-78155e1297a9,1333ZE,15,Liander
7 003 309,437495e1-dfef-4dd4-ab2e-78155e1297a9,1333ZH,2,Liander
7 003 309,437495e1-dfef-4dd4-ab2e-78155e1297a9,1333ZH,4,Liander
7 003 309,437495e1-dfef-4dd4-ab2e-78155e1297a9,1333ZH,6,Liander
7 003 309,437495e1-dfef-4dd4-ab2e-78155e1297a9,1333ZH,8,Liander
7 003 309,437495e1-dfef-4dd4-ab2e-78155e1297a9,1333ZH,10,Liander
7 003 309,437495e1-dfef-4dd4-ab2e-78155e1297a9,1333ZH,12,Liander
7 003 309,437495e1-dfef-4dd4-ab2e-78155e1297a9,1333ZH,14,Liander
7 003 309,437495e1-dfef-4dd4-ab2e-78155e1297a9,1333ZH,16,Liander
7 003 309,437495e1-dfef-4dd4-ab2e-78155e1297a9,1333ZH,18,Liander
7 003 309,437495e1-dfef-4dd4-ab2e-78155e1297a9,1333ZH,20,Liander
7 003 309,437495e1-dfef-4dd4-ab2e-78155e1297a9,1333ZH,22,Liander
7 003 309,437495e1-dfef-4dd4-ab2e-78155e1297a9,1333ZH,24,Liander
7 003 309,437495e1-dfef-4dd4-ab2e-78155e1297a9,1333ZH,26,Liander
7 003 309,437495e1-dfef-4dd4-ab2e-78155e1297a9,1333ZH,28,Liander
7 003 309,437495e1-dfef-4dd4-ab2e-78155e1297a9,1333ZH,30,Liander
7 003 309,437495e1-dfef-4dd4-ab2e-78155e1297a9,1333ZH,32,Liander
7 003 309,437495e1-dfef-4dd4-ab2e-78155e1297a9,1333ZH,34,Liander
7 003 309,437495e1-dfef-4dd4-ab2e-78155e1297a9,1333ZH,36,Liander
7 003 309,437495e1-dfef-4dd4-ab2e-78155e1297a9,1333ZH,38,Liander
7 003 309,437495e1-dfef-4dd4-ab2e-78155e1297a9,1333ZH,40,Liander
7 003 309,437495e1-dfef-4dd4-ab2e-78155e1297a9,1333ZH,42,Liander
7 003 309,437495e1-dfef-4dd4-ab2e-78155e1297a9,1333ZH,44,Liander
7 003 309,437495e1-dfef-4dd4-ab2e-78155e1297a9,1333ZJ,1,Liander
7 003 309,437495e1-dfef-4dd4-ab2e-78155e1297a9,1333ZJ,3,Liander
7 003 309,437495e1-dfef-4dd4-ab2e-78155e1297a9,1333ZJ,5,Liander
7 003 309,437495e1-dfef-4dd4-ab2e-78155e1297a9,1333ZJ,7,Liander
7 003 309,437495e1-dfef-4dd4-ab2e-78155e1297a9,1333ZJ,9,Liander
7 003 309,437495e1-dfef-4dd4-ab2e-78155e1297a9,1333ZJ,11,Liander
7 003 309,437495e1-dfef-4dd4-ab2e-78155e1297a9,1333ZJ,13,Liander
7 003 309,437495e1-dfef-4dd4-ab2e-78155e1297a9,1333ZJ,15,Liander
7 003 309,437495e1-dfef-4dd4-ab2e-78155e1297a9,1333ZJ,17,Liander
7 003 309,437495e1-dfef-4dd4-ab2e-78155e1297a9,1333ZJ,19,Liander
7 003 309,437495e1-dfef-4dd4-ab2e-78155e1297a9,1333ZJ,21,Liander
7 003 309,437495e1-dfef-4dd4-ab2e-78155e1297a9,1333ZJ,23,Liander
7 003 309,437495e1-dfef-4dd4-ab2e-78155e1297a9,1333ZJ,25,Liander
7 003 309,437495e1-dfef-4dd4-ab2e-78155e1297a9,1333ZJ,27,Liander
7 003 309,437495e1-dfef-4dd4-ab2e-78155e1297a9,1333ZJ,29,Liander
7 003 309,437495e1-dfef-4dd4-ab2e-78155e1297a9,1333ZK,31,Liander
7 003 309,437495e1-dfef-4dd4-ab2e-78155e1297a9,1333ZK,33,Liander
7 003 309,437495e1-dfef-4dd4-ab2e-78155e1297a9,1333ZK,35,Liander
7 003 309,437495e1-dfef-4dd4-ab2e-78155e1297a9,1333ZK,37,Liander
7 003 309,437495e1-dfef-4dd4-ab2e-78155e1297a9,1333ZK,39,Liander
7 003 309,437495e1-dfef-4dd4-ab2e-78155e1297a9,1333ZK,41,Liander
7 003 309,437495e1-dfef-4dd4-ab2e-78155e1297a9,1333ZK,43,Liander
7 003 309,437495e1-dfef-4dd4-ab2e-78155e1297a9,1333ZK,45,Liander
7 003 309,437495e1-dfef-4dd4-ab2e-78155e1297a9,1333ZK,47,Liander
7 003 309,437495e1-dfef-4dd4-ab2e-78155e1297a9,1333ZK,49,Liander
7 003 309,437495e1-dfef-4dd4-ab2e-78155e1297a9,1333ZK,51,Liander
7 003 309,437495e1-dfef-4dd4-ab2e-78155e1297a9,1333ZK,53,Liander
7 003 309,437495e1-dfef-4dd4-ab2e-78155e1297a9,1333ZK,55,Liander
7 003 309,437495e1-dfef-4dd4-ab2e-78155e1297a9,1333ZK,57,Liander
7 003 309,437495e1-dfef-4dd4-ab2e-78155e1297a9,1333ZM,158,Liander
7 003 309,437495e1-dfef-4dd4-ab2e-78155e1297a9,1333ZM,160,Liander
7 003 309,437495e1-dfef-4dd4-ab2e-78155e1297a9,1333ZM,162,Liander
7 003 309,437495e1-dfef-4dd4-ab2e-78155e1297a9,1333ZM,164,Liander
7 003 309,437495e1-dfef-4dd4-ab2e-78155e1297a9,1333ZM,166,Liander
7 003 309,437495e1-dfef-4dd4-ab2e-78155e1297a9,1333ZM,168,Liander
7 003 309,437495e1-dfef-4dd4-ab2e-78155e1297a9,1333ZM,170,Liander
7 003 309,437495e1-dfef-4dd4-ab2e-78155e1297a9,1333ZM,172,Liander
7 003 309,437495e1-dfef-4dd4-ab2e-78155e1297a9,1333ZM,174,Liander
7 003 309,437495e1-dfef-4dd4-ab2e-78155e1297a9,1333ZM,176,Liander
7 003 309,437495e1-dfef-4dd4-ab2e-78155e1297a9,1333ZM,178,Liander
7 003 309,437495e1-dfef-4dd4-ab2e-78155e1297a9,1333ZN,1,Liander
7 003 309,437495e1-dfef-4dd4-ab2e-78155e1297a9,1333ZN,2,Liander
7 003 309,437495e1-dfef-4dd4-ab2e-78155e1297a9,1333ZN,3,Liander
7 003 309,437495e1-dfef-4dd4-ab2e-78155e1297a9,1333ZN,4,Liander
7 003 309,437495e1-dfef-4dd4-ab2e-78155e1297a9,1333ZN,5,Liander
7 003 309,437495e1-dfef-4dd4-ab2e-78155e1297a9,1333ZN,6,Liander
7 003 309,437495e1-dfef-4dd4-ab2e-78155e1297a9,1333ZN,7,Liander
7 003 309,437495e1-dfef-4dd4-ab2e-78155e1297a9,1333ZN,8,Liander
7 003 309,437495e1-dfef-4dd4-ab2e-78155e1297a9,1333ZN,9,Liander
7 003 309,437495e1-dfef-4dd4-ab2e-78155e1297a9,1333ZN,10,Liander
7 003 309,437495e1-dfef-4dd4-ab2e-78155e1297a9,1333ZN,11,Liander
7 003 309,437495e1-dfef-4dd4-ab2e-78155e1297a9,1333ZN,12,Liander
7 003 309,437495e1-dfef-4dd4-ab2e-78155e1297a9,1333ZN,13,Liander
7 003 309,437495e1-dfef-4dd4-ab2e-78155e1297a9,1333ZN,14,Liander
7 003 309,437495e1-dfef-4dd4-ab2e-78155e1297a9,1333ZN,15,Liander
7 003 309,437495e1-dfef-4dd4-ab2e-78155e1297a9,1333ZN,16,Liander
7 003 309,437495e1-dfef-4dd4-ab2e-78155e1297a9,1333ZN,17,Liander
7 003 309,437495e1-dfef-4dd4-ab2e-78155e1297a9,1333ZN,18,Liander
7 003 309,437495e1-dfef-4dd4-ab2e-78155e1297a9,1333ZN,19,Liander
7 003 309,437495e1-dfef-4dd4-ab2e-78155e1297a9,1333ZN,20,Liander
7 003 309,437495e1-dfef-4dd4-ab2e-78155e1297a9,1333ZN,22,Liander
7 003 309,437495e1-dfef-4dd4-ab2e-78155e1297a9,1333ZN,24,Liander
7 003 309,437495e1-dfef-4dd4-ab2e-78155e1297a9,1333ZN,26,Liander
7 003 309,437495e1-dfef-4dd4-ab2e-78155e1297a9,1333ZP,1,Liander
7 003 309,437495e1-dfef-4dd4-ab2e-78155e1297a9,1333ZP,2,Liander
7 003 309,437495e1-dfef-4dd4-ab2e-78155e1297a9,1333ZP,3,Liander
7 003 309,437495e1-dfef-4dd4-ab2e-78155e1297a9,1333ZP,4,Liander
7 003 309,437495e1-dfef-4dd4-ab2e-78155e1297a9,1333ZP,5,Liander
7 003 309,437495e1-dfef-4dd4-ab2e-78155e1297a9,1333ZP,6,Liander
7 003 309,437495e1-dfef-4dd4-ab2e-78155e1297a9,1333ZP,7,Liander
7 003 309,437495e1-dfef-4dd4-ab2e-78155e1297a9,1333ZP,8,Liander
7 003 309,437495e1-dfef-4dd4-ab2e-78155e1297a9,1333ZP,9,Liander
7 003 309,437495e1-dfef-4dd4-ab2e-78155e1297a9,1333ZP,10,Liander
7 003 309,437495e1-dfef-4dd4-ab2e-78155e1297a9,1333ZP,11,Liander
7 003 309,437495e1-dfef-4dd4-ab2e-78155e1297a9,1333ZP,12,Liander
7 003 309,437495e1-dfef-4dd4-ab2e-78155e1297a9,1333ZP,13,Liander
7 003 309,437495e1-dfef-4dd4-ab2e-78155e1297a9,1333ZP,14,Liander
7 003 309,437495e1-dfef-4dd4-ab2e-78155e1297a9,1333ZP,15,Liander
7 003 309,437495e1-dfef-4dd4-ab2e-78155e1297a9,1333ZP,16,Liander
7 003 309,437495e1-dfef-4dd4-ab2e-78155e1297a9,1333ZP,17,Liander
7 003 309,437495e1-dfef-4dd4-ab2e-78155e1297a9,1333ZP,18,Liander
7 003 309,437495e1-dfef-4dd4-ab2e-78155e1297a9,1333ZR,1,Liander
7 003 309,437495e1-dfef-4dd4-ab2e-78155e1297a9,1333ZR,2,Liander
7 003 309,437495e1-dfef-4dd4-ab2e-78155e1297a9,1333ZR,3,Liander
7 003 309,437495e1-dfef-4dd4-ab2e-78155e1297a9,1333ZR,4,Liander
7 003 309,437495e1-dfef-4dd4-ab2e-78155e1297a9,1333ZR,5,Liander
7 003 309,437495e1-dfef-4dd4-ab2e-78155e1297a9,1333ZR,6,Liander
7 003 309,437495e1-dfef-4dd4-ab2e-78155e1297a9,1333ZR,7,Liander
7 003 309,437495e1-dfef-4dd4-ab2e-78155e1297a9,1333ZR,8,Liander
7 003 309,437495e1-dfef-4dd4-ab2e-78155e1297a9,1333ZR,9,Liander
7 003 309,437495e1-dfef-4dd4-ab2e-78155e1297a9,1333ZR,10,Liander
7 003 309,437495e1-dfef-4dd4-ab2e-78155e1297a9,1333ZR,11,Liander
7 003 309,437495e1-dfef-4dd4-ab2e-78155e1297a9,1333ZR,12,Liander
7 003 309,437495e1-dfef-4dd4-ab2e-78155e1297a9,1333ZR,13,Liander
7 003 309,437495e1-dfef-4dd4-ab2e-78155e1297a9,1333ZR,14,Liander
7 003 309,437495e1-dfef-4dd4-ab2e-78155e1297a9,1333ZR,15,Liander
7 003 309,437495e1-dfef-4dd4-ab2e-78155e1297a9,1333ZR,16,Liander
7 003 309,437495e1-dfef-4dd4-ab2e-78155e1297a9,1333ZR,17,Liander
7 003 309,437495e1-dfef-4dd4-ab2e-78155e1297a9,1333ZR,18,Liander
7 003 309,437495e1-dfef-4dd4-ab2e-78155e1297a9,1333ZR,19,Liander
7 003 309,437495e1-dfef-4dd4-ab2e-78155e1297a9,1333ZS,1,Liander
7 003 309,437495e1-dfef-4dd4-ab2e-78155e1297a9,1333ZS,2,Liander
7 003 309,437495e1-dfef-4dd4-ab2e-78155e1297a9,1333ZS,3,Liander
7 003 309,437495e1-dfef-4dd4-ab2e-78155e1297a9,1333ZS,4,Liander
7 003 309,437495e1-dfef-4dd4-ab2e-78155e1297a9,1333ZS,5,Liander
7 003 309,437495e1-dfef-4dd4-ab2e-78155e1297a9,1333ZS,6,Liander
7 003 309,437495e1-dfef-4dd4-ab2e-78155e1297a9,1333ZS,7,Liander
7 003 309,437495e1-dfef-4dd4-ab2e-78155e1297a9,1333ZS,8,Liander
7 003 309,437495e1-dfef-4dd4-ab2e-78155e1297a9,1333ZS,9,Liander
7 003 309,437495e1-dfef-4dd4-ab2e-78155e1297a9,1333ZS,10,Liander
7 003 309,437495e1-dfef-4dd4-ab2e-78155e1297a9,1333ZS,11,Liander
7 003 309,437495e1-dfef-4dd4-ab2e-78155e1297a9,1333ZS,12,Liander
7 003 309,437495e1-dfef-4dd4-ab2e-78155e1297a9,1333ZS,13,Liander
7 003 309,437495e1-dfef-4dd4-ab2e-78155e1297a9,1333ZS,14,Liander
7 003 309,437495e1-dfef-4dd4-ab2e-78155e1297a9,1333ZS,15,Liander
7 003 309,437495e1-dfef-4dd4-ab2e-78155e1297a9,1333ZS,16,Liander
7 003 309,437495e1-dfef-4dd4-ab2e-78155e1297a9,1333ZT,1,Liander
7 003 309,437495e1-dfef-4dd4-ab2e-78155e1297a9,1333ZT,3,Liander
7 003 309,437495e1-dfef-4dd4-ab2e-78155e1297a9,1333ZT,5,Liander
7 003 309,437495e1-dfef-4dd4-ab2e-78155e1297a9,1333ZT,7,Liander
7 003 309,437495e1-dfef-4dd4-ab2e-78155e1297a9,1333ZT,9,Liander
7 003 309,437495e1-dfef-4dd4-ab2e-78155e1297a9,1333ZT,11,Liander
7 003 309,437495e1-dfef-4dd4-ab2e-78155e1297a9,1333ZT,13,Liander
7 003 309,437495e1-dfef-4dd4-ab2e-78155e1297a9,1333ZT,15,Liander
7 003 309,437495e1-dfef-4dd4-ab2e-78155e1297a9,1333ZT,17,Liander
7 003 309,437495e1-dfef-4dd4-ab2e-78155e1297a9,1333ZT,19,Liander
7 003 309,437495e1-dfef-4dd4-ab2e-78155e1297a9,1333ZT,21,Liander
7 003 309,437495e1-dfef-4dd4-ab2e-78155e1297a9,1333ZT,23,Liander
7 003 309,437495e1-dfef-4dd4-ab2e-78155e1297a9,1333ZT,25,Liander
7 003 309,437495e1-dfef-4dd4-ab2e-78155e1297a9,1333ZT,27,Liander
7 003 309,437495e1-dfef-4dd4-ab2e-78155e1297a9,1333ZT,29,Liander
7 003 309,437495e1-dfef-4dd4-ab2e-78155e1297a9,1333ZT,31,Liander
7 003 309,437495e1-dfef-4dd4-ab2e-78155e1297a9,1333ZT,33,Liander
7 003 309,437495e1-dfef-4dd4-ab2e-78155e1297a9,1333ZT,35,Liander
7 003 309,437495e1-dfef-4dd4-ab2e-78155e1297a9,1333ZT,37,Liander
7 003 309,437495e1-dfef-4dd4-ab2e-78155e1297a9,1333ZT,39,Liander
7 003 309,437495e1-dfef-4dd4-ab2e-78155e1297a9,1333ZT,41,Liander
7 003 309,437495e1-dfef-4dd4-ab2e-78155e1297a9,1333ZT,43,Liander
7 003 309,437495e1-dfef-4dd4-ab2e-78155e1297a9,1333ZW,2,Liander
7 003 309,437495e1-dfef-4dd4-ab2e-78155e1297a9,1333ZW,4,Liander
7 003 309,437495e1-dfef-4dd4-ab2e-78155e1297a9,1333ZW,6,Liander
7 003 309,437495e1-dfef-4dd4-ab2e-78155e1297a9,1333ZW,8,Liander
7 003 309,437495e1-dfef-4dd4-ab2e-78155e1297a9,1333ZW,10,Liander
7 003 309,437495e1-dfef-4dd4-ab2e-78155e1297a9,1333ZW,12,Liander
7 003 309,437495e1-dfef-4dd4-ab2e-78155e1297a9,1333ZW,14,Liander
7 003 309,437495e1-dfef-4dd4-ab2e-78155e1297a9,1333ZW,16,Liander
7 003 309,437495e1-dfef-4dd4-ab2e-78155e1297a9,1333ZW,18,Liander
7 003 309,437495e1-dfef-4dd4-ab2e-78155e1297a9,1333ZW,20,Liander
7 003 309,437495e1-dfef-4dd4-ab2e-78155e1297a9,1333ZW,22,Liander
7 003 309,437495e1-dfef-4dd4-ab2e-78155e1297a9,1333ZW,24,Liander
7 003 309,437495e1-dfef-4dd4-ab2e-78155e1297a9,1333ZW,26,Liander
7 003 309,437495e1-dfef-4dd4-ab2e-78155e1297a9,1333ZW,28,Liander
7 003 309,437495e1-dfef-4dd4-ab2e-78155e1297a9,1333ZW,30,Liander
7 003 309,437495e1-dfef-4dd4-ab2e-78155e1297a9,1333ZW,32,Liander
7 003 309,437495e1-dfef-4dd4-ab2e-78155e1297a9,1333ZW,34,Liander
7 003 309,437495e1-dfef-4dd4-ab2e-78155e1297a9,1333ZW,36,Liander
7 003 309,437495e1-dfef-4dd4-ab2e-78155e1297a9,1333ZW,38,Liander
7 003 309,437495e1-dfef-4dd4-ab2e-78155e1297a9,1333ZW,40,Liander
7 003 309,437495e1-dfef-4dd4-ab2e-78155e1297a9,1333ZW,42,Liander
7 003 309,437495e1-dfef-4dd4-ab2e-78155e1297a9,1333ZW,44,Liander
7 003 309,437495e1-dfef-4dd4-ab2e-78155e1297a9,1333ZX,46,Liander
7 003 309,437495e1-dfef-4dd4-ab2e-78155e1297a9,1333ZX,48,Liander
7 003 309,437495e1-dfef-4dd4-ab2e-78155e1297a9,1333ZX,50,Liander
7 003 309,437495e1-dfef-4dd4-ab2e-78155e1297a9,1333ZX,52,Liander
7 003 309,437495e1-dfef-4dd4-ab2e-78155e1297a9,1333ZX,54,Liander
7 003 309,437495e1-dfef-4dd4-ab2e-78155e1297a9,1333ZX,56,Liander
7 003 309,437495e1-dfef-4dd4-ab2e-78155e1297a9,1333ZX,58,Liander
7 003 309,437495e1-dfef-4dd4-ab2e-78155e1297a9,1333ZX,60,Liander
7 003 309,437495e1-dfef-4dd4-ab2e-78155e1297a9,1333ZX,62,Liander
7 003 309,437495e1-dfef-4dd4-ab2e-78155e1297a9,1333ZX,64,Liander
7 003 309,437495e1-dfef-4dd4-ab2e-78155e1297a9,1333ZX,66,Liander
7 003 309,437495e1-dfef-4dd4-ab2e-78155e1297a9,1333ZX,68,Liander
7 003 309,437495e1-dfef-4dd4-ab2e-78155e1297a9,1333ZX,70,Liander
7 003 309,437495e1-dfef-4dd4-ab2e-78155e1297a9,1333ZX,72,Liander
7 003 309,437495e1-dfef-4dd4-ab2e-78155e1297a9,1333ZX,74,Liander
7 003 309,437495e1-dfef-4dd4-ab2e-78155e1297a9,1333ZX,76,Liander
7 003 309,437495e1-dfef-4dd4-ab2e-78155e1297a9,1333ZX,78,Liander
7 003 309,437495e1-dfef-4dd4-ab2e-78155e1297a9,1333ZX,80,Liander
7 003 309,437495e1-dfef-4dd4-ab2e-78155e1297a9,1333ZX,82,Liander
7 003 309,437495e1-dfef-4dd4-ab2e-78155e1297a9,1333ZX,84,Liander
