3 007 631,5d29527e-fe3f-4a83-a483-5f9123a1bb50,65.00,2026-02-23 00:00:00.000 +0100,W,k,Kwartierwaarden voor belastingtransformator
3 007 631,5d29527e-fe3f-4a83-a483-5f9123a1bb50,63.00,2026-02-23 00:15:00.000 +0100,W,k,Kwartierwaarden voor belastingtransformator
3 007 631,5d29527e-fe3f-4a83-a483-5f9123a1bb50,62.00,2026-02-23 00:30:00.000 +0100,W,k,Kwartierwaarden voor belastingtransformator
3 007 631,5d29527e-fe3f-4a83-a483-5f9123a1bb50,61.00,2026-02-23 00:45:00.000 +0100,W,k,Kwartierwaarden voor belastingtransformator
3 007 631,5d29527e-fe3f-4a83-a483-5f9123a1bb50,60.00,2026-02-23 01:00:00.000 +0100,W,k,Kwartierwaarden voor belastingtransformator
3 007 631,5d29527e-fe3f-4a83-a483-5f9123a1bb50,59.00,2026-02-23 01:15:00.000 +0100,W,k,Kwartierwaarden voor belastingtransformator
3 007 631,5d29527e-fe3f-4a83-a483-5f9123a1bb50,59.00,2026-02-23 01:30:00.000 +0100,W,k,Kwartierwaarden voor belastingtransformator
3 007 631,5d29527e-fe3f-4a83-a483-5f9123a1bb50,58.00,2026-02-23 01:45:00.000 +0100,W,k,Kwartierwaarden voor belastingtransformator
3 007 631,5d29527e-fe3f-4a83-a483-5f9123a1bb50,58.00,2026-02-23 02:00:00.000 +0100,W,k,Kwartierwaarden voor belastingtransformator
3 007 631,5d29527e-fe3f-4a83-a483-5f9123a1bb50,58.00,2026-02-23 02:15:00.000 +0100,W,k,Kwartierwaarden voor belastingtransformator
3 007 631,5d29527e-fe3f-4a83-a483-5f9123a1bb50,58.00,2026-02-23 02:30:00.000 +0100,W,k,Kwartierwaarden voor belastingtransformator
3 007 631,5d29527e-fe3f-4a83-a483-5f9123a1bb50,58.00,2026-02-23 02:45:00.000 +0100,W,k,Kwartierwaarden voor belastingtransformator
3 007 631,5d29527e-fe3f-4a83-a483-5f9123a1bb50,58.00,2026-02-23 03:00:00.000 +0100,W,k,Kwartierwaarden voor belastingtransformator
3 007 631,5d29527e-fe3f-4a83-a483-5f9123a1bb50,58.00,2026-02-23 03:15:00.000 +0100,W,k,Kwartierwaarden voor belastingtransformator
3 007 631,5d29527e-fe3f-4a83-a483-5f9123a1bb50,58.00,2026-02-23 03:30:00.000 +0100,W,k,Kwartierwaarden voor belastingtransformator
3 007 631,5d29527e-fe3f-4a83-a483-5f9123a1bb50,59.00,2026-02-23 03:45:00.000 +0100,W,k,Kwartierwaarden voor belastingtransformator
3 007 631,5d29527e-fe3f-4a83-a483-5f9123a1bb50,60.00,2026-02-23 04:00:00.000 +0100,W,k,Kwartierwaarden voor belastingtransformator
3 007 631,5d29527e-fe3f-4a83-a483-5f9123a1bb50,62.00,2026-02-23 04:15:00.000 +0100,W,k,Kwartierwaarden voor belastingtransformator
3 007 631,5d29527e-fe3f-4a83-a483-5f9123a1bb50,64.00,2026-02-23 04:30:00.000 +0100,W,k,Kwartierwaarden voor belastingtransformator
3 007 631,5d29527e-fe3f-4a83-a483-5f9123a1bb50,68.00,2026-02-23 04:45:00.000 +0100,W,k,Kwartierwaarden voor belastingtransformator
3 007 631,5d29527e-fe3f-4a83-a483-5f9123a1bb50,73.00,2026-02-23 05:00:00.000 +0100,W,k,Kwartierwaarden voor belastingtransformator
3 007 631,5d29527e-fe3f-4a83-a483-5f9123a1bb50,79.00,2026-02-23 05:15:00.000 +0100,W,k,Kwartierwaarden voor belastingtransformator
3 007 631,5d29527e-fe3f-4a83-a483-5f9123a1bb50,86.00,2026-02-23 05:30:00.000 +0100,W,k,Kwartierwaarden voor belastingtransformator
3 007 631,5d29527e-fe3f-4a83-a483-5f9123a1bb50,93.00,2026-02-23 05:45:00.000 +0100,W,k,Kwartierwaarden voor belastingtransformator
3 007 631,5d29527e-fe3f-4a83-a483-5f9123a1bb50,102.00,2026-02-23 06:00:00.000 +0100,W,k,Kwartierwaarden voor belastingtransformator
3 007 631,5d29527e-fe3f-4a83-a483-5f9123a1bb50,107.00,2026-02-23 06:15:00.000 +0100,W,k,Kwartierwaarden voor belastingtransformator
3 007 631,5d29527e-fe3f-4a83-a483-5f9123a1bb50,107.00,2026-02-23 06:30:00.000 +0100,W,k,Kwartierwaarden voor belastingtransformator
3 007 631,5d29527e-fe3f-4a83-a483-5f9123a1bb50,108.00,2026-02-23 06:45:00.000 +0100,W,k,Kwartierwaarden voor belastingtransformator
3 007 631,5d29527e-fe3f-4a83-a483-5f9123a1bb50,107.00,2026-02-23 07:00:00.000 +0100,W,k,Kwartierwaarden voor belastingtransformator
3 007 631,5d29527e-fe3f-4a83-a483-5f9123a1bb50,90.00,2026-02-23 07:15:00.000 +0100,W,k,Kwartierwaarden voor belastingtransformator
3 007 631,5d29527e-fe3f-4a83-a483-5f9123a1bb50,73.00,2026-02-23 07:30:00.000 +0100,W,k,Kwartierwaarden voor belastingtransformator
3 007 631,5d29527e-fe3f-4a83-a483-5f9123a1bb50,55.00,2026-02-23 07:45:00.000 +0100,W,k,Kwartierwaarden voor belastingtransformator
3 007 631,5d29527e-fe3f-4a83-a483-5f9123a1bb50,37.00,2026-02-23 08:00:00.000 +0100,W,k,Kwartierwaarden voor belastingtransformator
3 007 631,5d29527e-fe3f-4a83-a483-5f9123a1bb50,20.00,2026-02-23 08:15:00.000 +0100,W,k,Kwartierwaarden voor belastingtransformator
3 007 631,5d29527e-fe3f-4a83-a483-5f9123a1bb50,2.00,2026-02-23 08:30:00.000 +0100,W,k,Kwartierwaarden voor belastingtransformator
3 007 631,5d29527e-fe3f-4a83-a483-5f9123a1bb50,-16.00,2026-02-23 08:45:00.000 +0100,W,k,Kwartierwaarden voor belastingtransformator
3 007 631,5d29527e-fe3f-4a83-a483-5f9123a1bb50,-35.00,2026-02-23 09:00:00.000 +0100,W,k,Kwartierwaarden voor belastingtransformator
3 007 631,5d29527e-fe3f-4a83-a483-5f9123a1bb50,-31.00,2026-02-23 09:15:00.000 +0100,W,k,Kwartierwaarden voor belastingtransformator
3 007 631,5d29527e-fe3f-4a83-a483-5f9123a1bb50,-27.00,2026-02-23 09:30:00.000 +0100,W,k,Kwartierwaarden voor belastingtransformator
3 007 631,5d29527e-fe3f-4a83-a483-5f9123a1bb50,-22.00,2026-02-23 09:45:00.000 +0100,W,k,Kwartierwaarden voor belastingtransformator
3 007 631,5d29527e-fe3f-4a83-a483-5f9123a1bb50,-16.00,2026-02-23 10:00:00.000 +0100,W,k,Kwartierwaarden voor belastingtransformator
3 007 631,5d29527e-fe3f-4a83-a483-5f9123a1bb50,-11.00,2026-02-23 10:15:00.000 +0100,W,k,Kwartierwaarden voor belastingtransformator
3 007 631,5d29527e-fe3f-4a83-a483-5f9123a1bb50,-5.00,2026-02-23 10:30:00.000 +0100,W,k,Kwartierwaarden voor belastingtransformator
3 007 631,5d29527e-fe3f-4a83-a483-5f9123a1bb50,2.00,2026-02-23 10:45:00.000 +0100,W,k,Kwartierwaarden voor belastingtransformator
3 007 631,5d29527e-fe3f-4a83-a483-5f9123a1bb50,10.00,2026-02-23 11:00:00.000 +0100,W,k,Kwartierwaarden voor belastingtransformator
3 007 631,5d29527e-fe3f-4a83-a483-5f9123a1bb50,-11.00,2026-02-23 11:15:00.000 +0100,W,k,Kwartierwaarden voor belastingtransformator
3 007 631,5d29527e-fe3f-4a83-a483-5f9123a1bb50,-32.00,2026-02-23 11:30:00.000 +0100,W,k,Kwartierwaarden voor belastingtransformator
3 007 631,5d29527e-fe3f-4a83-a483-5f9123a1bb50,-54.00,2026-02-23 11:45:00.000 +0100,W,k,Kwartierwaarden voor belastingtransformator
3 007 631,5d29527e-fe3f-4a83-a483-5f9123a1bb50,-75.00,2026-02-23 12:00:00.000 +0100,W,k,Kwartierwaarden voor belastingtransformator
3 007 631,5d29527e-fe3f-4a83-a483-5f9123a1bb50,-70.00,2026-02-23 12:15:00.000 +0100,W,k,Kwartierwaarden voor belastingtransformator
3 007 631,5d29527e-fe3f-4a83-a483-5f9123a1bb50,-64.00,2026-02-23 12:30:00.000 +0100,W,k,Kwartierwaarden voor belastingtransformator
3 007 631,5d29527e-fe3f-4a83-a483-5f9123a1bb50,-58.00,2026-02-23 12:45:00.000 +0100,W,k,Kwartierwaarden voor belastingtransformator
3 007 631,5d29527e-fe3f-4a83-a483-5f9123a1bb50,-53.00,2026-02-23 13:00:00.000 +0100,W,k,Kwartierwaarden voor belastingtransformator
3 007 631,5d29527e-fe3f-4a83-a483-5f9123a1bb50,-40.00,2026-02-23 13:15:00.000 +0100,W,k,Kwartierwaarden voor belastingtransformator
3 007 631,5d29527e-fe3f-4a83-a483-5f9123a1bb50,-27.00,2026-02-23 13:30:00.000 +0100,W,k,Kwartierwaarden voor belastingtransformator
3 007 631,5d29527e-fe3f-4a83-a483-5f9123a1bb50,-13.00,2026-02-23 13:45:00.000 +0100,W,k,Kwartierwaarden voor belastingtransformator
3 007 631,5d29527e-fe3f-4a83-a483-5f9123a1bb50,0.00,2026-02-23 14:00:00.000 +0100,W,k,Kwartierwaarden voor belastingtransformator
3 007 631,5d29527e-fe3f-4a83-a483-5f9123a1bb50,9.00,2026-02-23 14:15:00.000 +0100,W,k,Kwartierwaarden voor belastingtransformator
3 007 631,5d29527e-fe3f-4a83-a483-5f9123a1bb50,18.00,2026-02-23 14:30:00.000 +0100,W,k,Kwartierwaarden voor belastingtransformator
3 007 631,5d29527e-fe3f-4a83-a483-5f9123a1bb50,28.00,2026-02-23 14:45:00.000 +0100,W,k,Kwartierwaarden voor belastingtransformator
3 007 631,5d29527e-fe3f-4a83-a483-5f9123a1bb50,41.00,2026-02-23 15:00:00.000 +0100,W,k,Kwartierwaarden voor belastingtransformator
3 007 631,5d29527e-fe3f-4a83-a483-5f9123a1bb50,39.00,2026-02-23 15:15:00.000 +0100,W,k,Kwartierwaarden voor belastingtransformator
3 007 631,5d29527e-fe3f-4a83-a483-5f9123a1bb50,40.00,2026-02-23 15:30:00.000 +0100,W,k,Kwartierwaarden voor belastingtransformator
3 007 631,5d29527e-fe3f-4a83-a483-5f9123a1bb50,44.00,2026-02-23 15:45:00.000 +0100,W,k,Kwartierwaarden voor belastingtransformator
3 007 631,5d29527e-fe3f-4a83-a483-5f9123a1bb50,53.00,2026-02-23 16:00:00.000 +0100,W,k,Kwartierwaarden voor belastingtransformator
3 007 631,5d29527e-fe3f-4a83-a483-5f9123a1bb50,89.00,2026-02-23 16:15:00.000 +0100,W,k,Kwartierwaarden voor belastingtransformator
3 007 631,5d29527e-fe3f-4a83-a483-5f9123a1bb50,123.00,2026-02-23 16:30:00.000 +0100,W,k,Kwartierwaarden voor belastingtransformator
3 007 631,5d29527e-fe3f-4a83-a483-5f9123a1bb50,153.00,2026-02-23 16:45:00.000 +0100,W,k,Kwartierwaarden voor belastingtransformator
3 007 631,5d29527e-fe3f-4a83-a483-5f9123a1bb50,176.00,2026-02-23 17:00:00.000 +0100,W,k,Kwartierwaarden voor belastingtransformator
3 007 631,5d29527e-fe3f-4a83-a483-5f9123a1bb50,180.00,2026-02-23 17:15:00.000 +0100,W,k,Kwartierwaarden voor belastingtransformator
3 007 631,5d29527e-fe3f-4a83-a483-5f9123a1bb50,184.00,2026-02-23 17:30:00.000 +0100,W,k,Kwartierwaarden voor belastingtransformator
3 007 631,5d29527e-fe3f-4a83-a483-5f9123a1bb50,183.00,2026-02-23 17:45:00.000 +0100,W,k,Kwartierwaarden voor belastingtransformator
3 007 631,5d29527e-fe3f-4a83-a483-5f9123a1bb50,181.00,2026-02-23 18:00:00.000 +0100,W,k,Kwartierwaarden voor belastingtransformator
3 007 631,5d29527e-fe3f-4a83-a483-5f9123a1bb50,176.00,2026-02-23 18:15:00.000 +0100,W,k,Kwartierwaarden voor belastingtransformator
3 007 631,5d29527e-fe3f-4a83-a483-5f9123a1bb50,170.00,2026-02-23 18:30:00.000 +0100,W,k,Kwartierwaarden voor belastingtransformator
3 007 631,5d29527e-fe3f-4a83-a483-5f9123a1bb50,167.00,2026-02-23 18:45:00.000 +0100,W,k,Kwartierwaarden voor belastingtransformator
3 007 631,5d29527e-fe3f-4a83-a483-5f9123a1bb50,161.00,2026-02-23 19:00:00.000 +0100,W,k,Kwartierwaarden voor belastingtransformator
3 007 631,5d29527e-fe3f-4a83-a483-5f9123a1bb50,156.00,2026-02-23 19:15:00.000 +0100,W,k,Kwartierwaarden voor belastingtransformator
3 007 631,5d29527e-fe3f-4a83-a483-5f9123a1bb50,150.00,2026-02-23 19:30:00.000 +0100,W,k,Kwartierwaarden voor belastingtransformator
3 007 631,5d29527e-fe3f-4a83-a483-5f9123a1bb50,145.00,2026-02-23 19:45:00.000 +0100,W,k,Kwartierwaarden voor belastingtransformator
3 007 631,5d29527e-fe3f-4a83-a483-5f9123a1bb50,139.00,2026-02-23 20:00:00.000 +0100,W,k,Kwartierwaarden voor belastingtransformator
3 007 631,5d29527e-fe3f-4a83-a483-5f9123a1bb50,136.00,2026-02-23 20:15:00.000 +0100,W,k,Kwartierwaarden voor belastingtransformator
3 007 631,5d29527e-fe3f-4a83-a483-5f9123a1bb50,131.00,2026-02-23 20:30:00.000 +0100,W,k,Kwartierwaarden voor belastingtransformator
3 007 631,5d29527e-fe3f-4a83-a483-5f9123a1bb50,126.00,2026-02-23 20:45:00.000 +0100,W,k,Kwartierwaarden voor belastingtransformator
3 007 631,5d29527e-fe3f-4a83-a483-5f9123a1bb50,121.00,2026-02-23 21:00:00.000 +0100,W,k,Kwartierwaarden voor belastingtransformator
3 007 631,5d29527e-fe3f-4a83-a483-5f9123a1bb50,115.00,2026-02-23 21:15:00.000 +0100,W,k,Kwartierwaarden voor belastingtransformator
3 007 631,5d29527e-fe3f-4a83-a483-5f9123a1bb50,109.00,2026-02-23 21:30:00.000 +0100,W,k,Kwartierwaarden voor belastingtransformator
3 007 631,5d29527e-fe3f-4a83-a483-5f9123a1bb50,103.00,2026-02-23 21:45:00.000 +0100,W,k,Kwartierwaarden voor belastingtransformator
3 007 631,5d29527e-fe3f-4a83-a483-5f9123a1bb50,97.00,2026-02-23 22:00:00.000 +0100,W,k,Kwartierwaarden voor belastingtransformator
3 007 631,5d29527e-fe3f-4a83-a483-5f9123a1bb50,91.00,2026-02-23 22:15:00.000 +0100,W,k,Kwartierwaarden voor belastingtransformator
3 007 631,5d29527e-fe3f-4a83-a483-5f9123a1bb50,86.00,2026-02-23 22:30:00.000 +0100,W,k,Kwartierwaarden voor belastingtransformator
3 007 631,5d29527e-fe3f-4a83-a483-5f9123a1bb50,82.00,2026-02-23 22:45:00.000 +0100,W,k,Kwartierwaarden voor belastingtransformator
3 007 631,5d29527e-fe3f-4a83-a483-5f9123a1bb50,78.00,2026-02-23 23:00:00.000 +0100,W,k,Kwartierwaarden voor belastingtransformator
3 007 631,5d29527e-fe3f-4a83-a483-5f9123a1bb50,75.00,2026-02-23 23:15:00.000 +0100,W,k,Kwartierwaarden voor belastingtransformator
3 007 631,5d29527e-fe3f-4a83-a483-5f9123a1bb50,72.00,2026-02-23 23:30:00.000 +0100,W,k,Kwartierwaarden voor belastingtransformator
3 007 631,5d29527e-fe3f-4a83-a483-5f9123a1bb50,70.00,2026-02-23 23:45:00.000 +0100,W,k,Kwartierwaarden voor belastingtransformator
3 007 631,5d29527e-fe3f-4a83-a483-5f9123a1bb50,68.00,2026-02-24 00:00:00.000 +0100,W,k,Kwartierwaarden voor belastingtransformator
3 007 631,5d29527e-fe3f-4a83-a483-5f9123a1bb50,66.00,2026-02-24 00:15:00.000 +0100,W,k,Kwartierwaarden voor belastingtransformator
3 007 631,5d29527e-fe3f-4a83-a483-5f9123a1bb50,65.00,2026-02-24 00:30:00.000 +0100,W,k,Kwartierwaarden voor belastingtransformator
3 007 631,5d29527e-fe3f-4a83-a483-5f9123a1bb50,63.00,2026-02-24 00:45:00.000 +0100,W,k,Kwartierwaarden voor belastingtransformator
3 007 631,5d29527e-fe3f-4a83-a483-5f9123a1bb50,63.00,2026-02-24 01:00:00.000 +0100,W,k,Kwartierwaarden voor belastingtransformator
3 007 631,5d29527e-fe3f-4a83-a483-5f9123a1bb50,62.00,2026-02-24 01:15:00.000 +0100,W,k,Kwartierwaarden voor belastingtransformator
3 007 631,5d29527e-fe3f-4a83-a483-5f9123a1bb50,61.00,2026-02-24 01:30:00.000 +0100,W,k,Kwartierwaarden voor belastingtransformator
3 007 631,5d29527e-fe3f-4a83-a483-5f9123a1bb50,61.00,2026-02-24 01:45:00.000 +0100,W,k,Kwartierwaarden voor belastingtransformator
3 007 631,5d29527e-fe3f-4a83-a483-5f9123a1bb50,60.00,2026-02-24 02:00:00.000 +0100,W,k,Kwartierwaarden voor belastingtransformator
3 007 631,5d29527e-fe3f-4a83-a483-5f9123a1bb50,60.00,2026-02-24 02:15:00.000 +0100,W,k,Kwartierwaarden voor belastingtransformator
3 007 631,5d29527e-fe3f-4a83-a483-5f9123a1bb50,60.00,2026-02-24 02:30:00.000 +0100,W,k,Kwartierwaarden voor belastingtransformator
3 007 631,5d29527e-fe3f-4a83-a483-5f9123a1bb50,59.00,2026-02-24 02:45:00.000 +0100,W,k,Kwartierwaarden voor belastingtransformator
3 007 631,5d29527e-fe3f-4a83-a483-5f9123a1bb50,60.00,2026-02-24 03:00:00.000 +0100,W,k,Kwartierwaarden voor belastingtransformator
3 007 631,5d29527e-fe3f-4a83-a483-5f9123a1bb50,60.00,2026-02-24 03:15:00.000 +0100,W,k,Kwartierwaarden voor belastingtransformator
3 007 631,5d29527e-fe3f-4a83-a483-5f9123a1bb50,60.00,2026-02-24 03:30:00.000 +0100,W,k,Kwartierwaarden voor belastingtransformator
3 007 631,5d29527e-fe3f-4a83-a483-5f9123a1bb50,61.00,2026-02-24 03:45:00.000 +0100,W,k,Kwartierwaarden voor belastingtransformator
3 007 631,5d29527e-fe3f-4a83-a483-5f9123a1bb50,62.00,2026-02-24 04:00:00.000 +0100,W,k,Kwartierwaarden voor belastingtransformator
3 007 631,5d29527e-fe3f-4a83-a483-5f9123a1bb50,64.00,2026-02-24 04:15:00.000 +0100,W,k,Kwartierwaarden voor belastingtransformator
3 007 631,5d29527e-fe3f-4a83-a483-5f9123a1bb50,67.00,2026-02-24 04:30:00.000 +0100,W,k,Kwartierwaarden voor belastingtransformator
3 007 631,5d29527e-fe3f-4a83-a483-5f9123a1bb50,70.00,2026-02-24 04:45:00.000 +0100,W,k,Kwartierwaarden voor belastingtransformator
3 007 631,5d29527e-fe3f-4a83-a483-5f9123a1bb50,76.00,2026-02-24 05:00:00.000 +0100,W,k,Kwartierwaarden voor belastingtransformator
3 007 631,5d29527e-fe3f-4a83-a483-5f9123a1bb50,81.00,2026-02-24 05:15:00.000 +0100,W,k,Kwartierwaarden voor belastingtransformator
3 007 631,5d29527e-fe3f-4a83-a483-5f9123a1bb50,88.00,2026-02-24 05:30:00.000 +0100,W,k,Kwartierwaarden voor belastingtransformator
3 007 631,5d29527e-fe3f-4a83-a483-5f9123a1bb50,96.00,2026-02-24 05:45:00.000 +0100,W,k,Kwartierwaarden voor belastingtransformator
3 007 631,5d29527e-fe3f-4a83-a483-5f9123a1bb50,106.00,2026-02-24 06:00:00.000 +0100,W,k,Kwartierwaarden voor belastingtransformator
3 007 631,5d29527e-fe3f-4a83-a483-5f9123a1bb50,110.00,2026-02-24 06:15:00.000 +0100,W,k,Kwartierwaarden voor belastingtransformator
3 007 631,5d29527e-fe3f-4a83-a483-5f9123a1bb50,113.00,2026-02-24 06:30:00.000 +0100,W,k,Kwartierwaarden voor belastingtransformator
3 007 631,5d29527e-fe3f-4a83-a483-5f9123a1bb50,112.00,2026-02-24 06:45:00.000 +0100,W,k,Kwartierwaarden voor belastingtransformator
3 007 631,5d29527e-fe3f-4a83-a483-5f9123a1bb50,108.00,2026-02-24 07:00:00.000 +0100,W,k,Kwartierwaarden voor belastingtransformator
3 007 631,5d29527e-fe3f-4a83-a483-5f9123a1bb50,103.00,2026-02-24 07:15:00.000 +0100,W,k,Kwartierwaarden voor belastingtransformator
3 007 631,5d29527e-fe3f-4a83-a483-5f9123a1bb50,99.00,2026-02-24 07:30:00.000 +0100,W,k,Kwartierwaarden voor belastingtransformator
3 007 631,5d29527e-fe3f-4a83-a483-5f9123a1bb50,96.00,2026-02-24 07:45:00.000 +0100,W,k,Kwartierwaarden voor belastingtransformator
3 007 631,5d29527e-fe3f-4a83-a483-5f9123a1bb50,92.00,2026-02-24 08:00:00.000 +0100,W,k,Kwartierwaarden voor belastingtransformator
3 007 631,5d29527e-fe3f-4a83-a483-5f9123a1bb50,90.00,2026-02-24 08:15:00.000 +0100,W,k,Kwartierwaarden voor belastingtransformator
3 007 631,5d29527e-fe3f-4a83-a483-5f9123a1bb50,88.00,2026-02-24 08:30:00.000 +0100,W,k,Kwartierwaarden voor belastingtransformator
3 007 631,5d29527e-fe3f-4a83-a483-5f9123a1bb50,87.00,2026-02-24 08:45:00.000 +0100,W,k,Kwartierwaarden voor belastingtransformator
3 007 631,5d29527e-fe3f-4a83-a483-5f9123a1bb50,85.00,2026-02-24 09:00:00.000 +0100,W,k,Kwartierwaarden voor belastingtransformator
3 007 631,5d29527e-fe3f-4a83-a483-5f9123a1bb50,83.00,2026-02-24 09:15:00.000 +0100,W,k,Kwartierwaarden voor belastingtransformator
3 007 631,5d29527e-fe3f-4a83-a483-5f9123a1bb50,81.00,2026-02-24 09:30:00.000 +0100,W,k,Kwartierwaarden voor belastingtransformator
3 007 631,5d29527e-fe3f-4a83-a483-5f9123a1bb50,80.00,2026-02-24 09:45:00.000 +0100,W,k,Kwartierwaarden voor belastingtransformator
3 007 631,5d29527e-fe3f-4a83-a483-5f9123a1bb50,80.00,2026-02-24 10:00:00.000 +0100,W,k,Kwartierwaarden voor belastingtransformator
3 007 631,5d29527e-fe3f-4a83-a483-5f9123a1bb50,79.00,2026-02-24 10:15:00.000 +0100,W,k,Kwartierwaarden voor belastingtransformator
3 007 631,5d29527e-fe3f-4a83-a483-5f9123a1bb50,79.00,2026-02-24 10:30:00.000 +0100,W,k,Kwartierwaarden voor belastingtransformator
3 007 631,5d29527e-fe3f-4a83-a483-5f9123a1bb50,80.00,2026-02-24 10:45:00.000 +0100,W,k,Kwartierwaarden voor belastingtransformator
3 007 631,5d29527e-fe3f-4a83-a483-5f9123a1bb50,80.00,2026-02-24 11:00:00.000 +0100,W,k,Kwartierwaarden voor belastingtransformator
3 007 631,5d29527e-fe3f-4a83-a483-5f9123a1bb50,77.00,2026-02-24 11:15:00.000 +0100,W,k,Kwartierwaarden voor belastingtransformator
3 007 631,5d29527e-fe3f-4a83-a483-5f9123a1bb50,74.00,2026-02-24 11:30:00.000 +0100,W,k,Kwartierwaarden voor belastingtransformator
3 007 631,5d29527e-fe3f-4a83-a483-5f9123a1bb50,72.00,2026-02-24 11:45:00.000 +0100,W,k,Kwartierwaarden voor belastingtransformator
3 007 631,5d29527e-fe3f-4a83-a483-5f9123a1bb50,69.00,2026-02-24 12:00:00.000 +0100,W,k,Kwartierwaarden voor belastingtransformator
3 007 631,5d29527e-fe3f-4a83-a483-5f9123a1bb50,66.00,2026-02-24 12:15:00.000 +0100,W,k,Kwartierwaarden voor belastingtransformator
3 007 631,5d29527e-fe3f-4a83-a483-5f9123a1bb50,63.00,2026-02-24 12:30:00.000 +0100,W,k,Kwartierwaarden voor belastingtransformator
3 007 631,5d29527e-fe3f-4a83-a483-5f9123a1bb50,60.00,2026-02-24 12:45:00.000 +0100,W,k,Kwartierwaarden voor belastingtransformator
3 007 631,5d29527e-fe3f-4a83-a483-5f9123a1bb50,58.00,2026-02-24 13:00:00.000 +0100,W,k,Kwartierwaarden voor belastingtransformator
3 007 631,5d29527e-fe3f-4a83-a483-5f9123a1bb50,58.00,2026-02-24 13:15:00.000 +0100,W,k,Kwartierwaarden voor belastingtransformator
3 007 631,5d29527e-fe3f-4a83-a483-5f9123a1bb50,60.00,2026-02-24 13:30:00.000 +0100,W,k,Kwartierwaarden voor belastingtransformator
3 007 631,5d29527e-fe3f-4a83-a483-5f9123a1bb50,60.00,2026-02-24 13:45:00.000 +0100,W,k,Kwartierwaarden voor belastingtransformator
3 007 631,5d29527e-fe3f-4a83-a483-5f9123a1bb50,60.00,2026-02-24 14:00:00.000 +0100,W,k,Kwartierwaarden voor belastingtransformator
3 007 631,5d29527e-fe3f-4a83-a483-5f9123a1bb50,59.00,2026-02-24 14:15:00.000 +0100,W,k,Kwartierwaarden voor belastingtransformator
3 007 631,5d29527e-fe3f-4a83-a483-5f9123a1bb50,59.00,2026-02-24 14:30:00.000 +0100,W,k,Kwartierwaarden voor belastingtransformator
3 007 631,5d29527e-fe3f-4a83-a483-5f9123a1bb50,61.00,2026-02-24 14:45:00.000 +0100,W,k,Kwartierwaarden voor belastingtransformator
3 007 631,5d29527e-fe3f-4a83-a483-5f9123a1bb50,64.00,2026-02-24 15:00:00.000 +0100,W,k,Kwartierwaarden voor belastingtransformator
3 007 631,5d29527e-fe3f-4a83-a483-5f9123a1bb50,71.00,2026-02-24 15:15:00.000 +0100,W,k,Kwartierwaarden voor belastingtransformator
3 007 631,5d29527e-fe3f-4a83-a483-5f9123a1bb50,81.00,2026-02-24 15:30:00.000 +0100,W,k,Kwartierwaarden voor belastingtransformator
3 007 631,5d29527e-fe3f-4a83-a483-5f9123a1bb50,95.00,2026-02-24 15:45:00.000 +0100,W,k,Kwartierwaarden voor belastingtransformator
3 007 631,5d29527e-fe3f-4a83-a483-5f9123a1bb50,114.00,2026-02-24 16:00:00.000 +0100,W,k,Kwartierwaarden voor belastingtransformator
3 007 631,5d29527e-fe3f-4a83-a483-5f9123a1bb50,136.00,2026-02-24 16:15:00.000 +0100,W,k,Kwartierwaarden voor belastingtransformator
3 007 631,5d29527e-fe3f-4a83-a483-5f9123a1bb50,154.00,2026-02-24 16:30:00.000 +0100,W,k,Kwartierwaarden voor belastingtransformator
3 007 631,5d29527e-fe3f-4a83-a483-5f9123a1bb50,166.00,2026-02-24 16:45:00.000 +0100,W,k,Kwartierwaarden voor belastingtransformator
3 007 631,5d29527e-fe3f-4a83-a483-5f9123a1bb50,173.00,2026-02-24 17:00:00.000 +0100,W,k,Kwartierwaarden voor belastingtransformator
3 007 631,5d29527e-fe3f-4a83-a483-5f9123a1bb50,176.00,2026-02-24 17:15:00.000 +0100,W,k,Kwartierwaarden voor belastingtransformator
3 007 631,5d29527e-fe3f-4a83-a483-5f9123a1bb50,178.00,2026-02-24 17:30:00.000 +0100,W,k,Kwartierwaarden voor belastingtransformator
3 007 631,5d29527e-fe3f-4a83-a483-5f9123a1bb50,178.00,2026-02-24 17:45:00.000 +0100,W,k,Kwartierwaarden voor belastingtransformator
3 007 631,5d29527e-fe3f-4a83-a483-5f9123a1bb50,175.00,2026-02-24 18:00:00.000 +0100,W,k,Kwartierwaarden voor belastingtransformator
3 007 631,5d29527e-fe3f-4a83-a483-5f9123a1bb50,170.00,2026-02-24 18:15:00.000 +0100,W,k,Kwartierwaarden voor belastingtransformator
3 007 631,5d29527e-fe3f-4a83-a483-5f9123a1bb50,165.00,2026-02-24 18:30:00.000 +0100,W,k,Kwartierwaarden voor belastingtransformator
3 007 631,5d29527e-fe3f-4a83-a483-5f9123a1bb50,162.00,2026-02-24 18:45:00.000 +0100,W,k,Kwartierwaarden voor belastingtransformator
3 007 631,5d29527e-fe3f-4a83-a483-5f9123a1bb50,156.00,2026-02-24 19:00:00.000 +0100,W,k,Kwartierwaarden voor belastingtransformator
3 007 631,5d29527e-fe3f-4a83-a483-5f9123a1bb50,152.00,2026-02-24 19:15:00.000 +0100,W,k,Kwartierwaarden voor belastingtransformator
3 007 631,5d29527e-fe3f-4a83-a483-5f9123a1bb50,146.00,2026-02-24 19:30:00.000 +0100,W,k,Kwartierwaarden voor belastingtransformator
3 007 631,5d29527e-fe3f-4a83-a483-5f9123a1bb50,142.00,2026-02-24 19:45:00.000 +0100,W,k,Kwartierwaarden voor belastingtransformator
3 007 631,5d29527e-fe3f-4a83-a483-5f9123a1bb50,137.00,2026-02-24 20:00:00.000 +0100,W,k,Kwartierwaarden voor belastingtransformator
3 007 631,5d29527e-fe3f-4a83-a483-5f9123a1bb50,132.00,2026-02-24 20:15:00.000 +0100,W,k,Kwartierwaarden voor belastingtransformator
3 007 631,5d29527e-fe3f-4a83-a483-5f9123a1bb50,128.00,2026-02-24 20:30:00.000 +0100,W,k,Kwartierwaarden voor belastingtransformator
3 007 631,5d29527e-fe3f-4a83-a483-5f9123a1bb50,124.00,2026-02-24 20:45:00.000 +0100,W,k,Kwartierwaarden voor belastingtransformator
3 007 631,5d29527e-fe3f-4a83-a483-5f9123a1bb50,119.00,2026-02-24 21:00:00.000 +0100,W,k,Kwartierwaarden voor belastingtransformator
3 007 631,5d29527e-fe3f-4a83-a483-5f9123a1bb50,114.00,2026-02-24 21:15:00.000 +0100,W,k,Kwartierwaarden voor belastingtransformator
3 007 631,5d29527e-fe3f-4a83-a483-5f9123a1bb50,108.00,2026-02-24 21:30:00.000 +0100,W,k,Kwartierwaarden voor belastingtransformator
3 007 631,5d29527e-fe3f-4a83-a483-5f9123a1bb50,103.00,2026-02-24 21:45:00.000 +0100,W,k,Kwartierwaarden voor belastingtransformator
3 007 631,5d29527e-fe3f-4a83-a483-5f9123a1bb50,97.00,2026-02-24 22:00:00.000 +0100,W,k,Kwartierwaarden voor belastingtransformator
3 007 631,5d29527e-fe3f-4a83-a483-5f9123a1bb50,91.00,2026-02-24 22:15:00.000 +0100,W,k,Kwartierwaarden voor belastingtransformator
3 007 631,5d29527e-fe3f-4a83-a483-5f9123a1bb50,86.00,2026-02-24 22:30:00.000 +0100,W,k,Kwartierwaarden voor belastingtransformator
3 007 631,5d29527e-fe3f-4a83-a483-5f9123a1bb50,82.00,2026-02-24 22:45:00.000 +0100,W,k,Kwartierwaarden voor belastingtransformator
3 007 631,5d29527e-fe3f-4a83-a483-5f9123a1bb50,78.00,2026-02-24 23:00:00.000 +0100,W,k,Kwartierwaarden voor belastingtransformator
3 007 631,5d29527e-fe3f-4a83-a483-5f9123a1bb50,74.00,2026-02-24 23:15:00.000 +0100,W,k,Kwartierwaarden voor belastingtransformator
3 007 631,5d29527e-fe3f-4a83-a483-5f9123a1bb50,72.00,2026-02-24 23:30:00.000 +0100,W,k,Kwartierwaarden voor belastingtransformator
3 007 631,5d29527e-fe3f-4a83-a483-5f9123a1bb50,69.00,2026-02-24 23:45:00.000 +0100,W,k,Kwartierwaarden voor belastingtransformator
3 007 631,5d29527e-fe3f-4a83-a483-5f9123a1bb50,67.00,2026-02-25 00:00:00.000 +0100,W,k,Kwartierwaarden voor belastingtransformator
3 007 631,5d29527e-fe3f-4a83-a483-5f9123a1bb50,66.00,2026-02-25 00:15:00.000 +0100,W,k,Kwartierwaarden voor belastingtransformator
3 007 631,5d29527e-fe3f-4a83-a483-5f9123a1bb50,64.00,2026-02-25 00:30:00.000 +0100,W,k,Kwartierwaarden voor belastingtransformator
3 007 631,5d29527e-fe3f-4a83-a483-5f9123a1bb50,63.00,2026-02-25 00:45:00.000 +0100,W,k,Kwartierwaarden voor belastingtransformator
3 007 631,5d29527e-fe3f-4a83-a483-5f9123a1bb50,62.00,2026-02-25 01:00:00.000 +0100,W,k,Kwartierwaarden voor belastingtransformator
3 007 631,5d29527e-fe3f-4a83-a483-5f9123a1bb50,61.00,2026-02-25 01:15:00.000 +0100,W,k,Kwartierwaarden voor belastingtransformator
3 007 631,5d29527e-fe3f-4a83-a483-5f9123a1bb50,60.00,2026-02-25 01:30:00.000 +0100,W,k,Kwartierwaarden voor belastingtransformator
3 007 631,5d29527e-fe3f-4a83-a483-5f9123a1bb50,60.00,2026-02-25 01:45:00.000 +0100,W,k,Kwartierwaarden voor belastingtransformator
3 007 631,5d29527e-fe3f-4a83-a483-5f9123a1bb50,59.00,2026-02-25 02:00:00.000 +0100,W,k,Kwartierwaarden voor belastingtransformator
3 007 631,5d29527e-fe3f-4a83-a483-5f9123a1bb50,59.00,2026-02-25 02:15:00.000 +0100,W,k,Kwartierwaarden voor belastingtransformator
3 007 631,5d29527e-fe3f-4a83-a483-5f9123a1bb50,58.00,2026-02-25 02:30:00.000 +0100,W,k,Kwartierwaarden voor belastingtransformator
3 007 631,5d29527e-fe3f-4a83-a483-5f9123a1bb50,58.00,2026-02-25 02:45:00.000 +0100,W,k,Kwartierwaarden voor belastingtransformator
3 007 631,5d29527e-fe3f-4a83-a483-5f9123a1bb50,58.00,2026-02-25 03:00:00.000 +0100,W,k,Kwartierwaarden voor belastingtransformator
3 007 631,5d29527e-fe3f-4a83-a483-5f9123a1bb50,58.00,2026-02-25 03:15:00.000 +0100,W,k,Kwartierwaarden voor belastingtransformator
3 007 631,5d29527e-fe3f-4a83-a483-5f9123a1bb50,58.00,2026-02-25 03:30:00.000 +0100,W,k,Kwartierwaarden voor belastingtransformator
3 007 631,5d29527e-fe3f-4a83-a483-5f9123a1bb50,59.00,2026-02-25 03:45:00.000 +0100,W,k,Kwartierwaarden voor belastingtransformator
3 007 631,5d29527e-fe3f-4a83-a483-5f9123a1bb50,61.00,2026-02-25 04:00:00.000 +0100,W,k,Kwartierwaarden voor belastingtransformator
3 007 631,5d29527e-fe3f-4a83-a483-5f9123a1bb50,62.00,2026-02-25 04:15:00.000 +0100,W,k,Kwartierwaarden voor belastingtransformator
3 007 631,5d29527e-fe3f-4a83-a483-5f9123a1bb50,65.00,2026-02-25 04:30:00.000 +0100,W,k,Kwartierwaarden voor belastingtransformator
3 007 631,5d29527e-fe3f-4a83-a483-5f9123a1bb50,68.00,2026-02-25 04:45:00.000 +0100,W,k,Kwartierwaarden voor belastingtransformator
3 007 631,5d29527e-fe3f-4a83-a483-5f9123a1bb50,73.00,2026-02-25 05:00:00.000 +0100,W,k,Kwartierwaarden voor belastingtransformator
3 007 631,5d29527e-fe3f-4a83-a483-5f9123a1bb50,79.00,2026-02-25 05:15:00.000 +0100,W,k,Kwartierwaarden voor belastingtransformator
3 007 631,5d29527e-fe3f-4a83-a483-5f9123a1bb50,85.00,2026-02-25 05:30:00.000 +0100,W,k,Kwartierwaarden voor belastingtransformator
3 007 631,5d29527e-fe3f-4a83-a483-5f9123a1bb50,93.00,2026-02-25 05:45:00.000 +0100,W,k,Kwartierwaarden voor belastingtransformator
3 007 631,5d29527e-fe3f-4a83-a483-5f9123a1bb50,102.00,2026-02-25 06:00:00.000 +0100,W,k,Kwartierwaarden voor belastingtransformator
3 007 631,5d29527e-fe3f-4a83-a483-5f9123a1bb50,107.00,2026-02-25 06:15:00.000 +0100,W,k,Kwartierwaarden voor belastingtransformator
3 007 631,5d29527e-fe3f-4a83-a483-5f9123a1bb50,110.00,2026-02-25 06:30:00.000 +0100,W,k,Kwartierwaarden voor belastingtransformator
3 007 631,5d29527e-fe3f-4a83-a483-5f9123a1bb50,112.00,2026-02-25 06:45:00.000 +0100,W,k,Kwartierwaarden voor belastingtransformator
3 007 631,5d29527e-fe3f-4a83-a483-5f9123a1bb50,110.00,2026-02-25 07:00:00.000 +0100,W,k,Kwartierwaarden voor belastingtransformator
3 007 631,5d29527e-fe3f-4a83-a483-5f9123a1bb50,97.00,2026-02-25 07:15:00.000 +0100,W,k,Kwartierwaarden voor belastingtransformator
3 007 631,5d29527e-fe3f-4a83-a483-5f9123a1bb50,83.00,2026-02-25 07:30:00.000 +0100,W,k,Kwartierwaarden voor belastingtransformator
3 007 631,5d29527e-fe3f-4a83-a483-5f9123a1bb50,70.00,2026-02-25 07:45:00.000 +0100,W,k,Kwartierwaarden voor belastingtransformator
3 007 631,5d29527e-fe3f-4a83-a483-5f9123a1bb50,54.00,2026-02-25 08:00:00.000 +0100,W,k,Kwartierwaarden voor belastingtransformator
3 007 631,5d29527e-fe3f-4a83-a483-5f9123a1bb50,32.00,2026-02-25 08:15:00.000 +0100,W,k,Kwartierwaarden voor belastingtransformator
3 007 631,5d29527e-fe3f-4a83-a483-5f9123a1bb50,9.00,2026-02-25 08:30:00.000 +0100,W,k,Kwartierwaarden voor belastingtransformator
3 007 631,5d29527e-fe3f-4a83-a483-5f9123a1bb50,-14.00,2026-02-25 08:45:00.000 +0100,W,k,Kwartierwaarden voor belastingtransformator
3 007 631,5d29527e-fe3f-4a83-a483-5f9123a1bb50,-36.00,2026-02-25 09:00:00.000 +0100,W,k,Kwartierwaarden voor belastingtransformator
3 007 631,5d29527e-fe3f-4a83-a483-5f9123a1bb50,-58.00,2026-02-25 09:15:00.000 +0100,W,k,Kwartierwaarden voor belastingtransformator
3 007 631,5d29527e-fe3f-4a83-a483-5f9123a1bb50,-79.00,2026-02-25 09:30:00.000 +0100,W,k,Kwartierwaarden voor belastingtransformator
3 007 631,5d29527e-fe3f-4a83-a483-5f9123a1bb50,-99.00,2026-02-25 09:45:00.000 +0100,W,k,Kwartierwaarden voor belastingtransformator
3 007 631,5d29527e-fe3f-4a83-a483-5f9123a1bb50,-119.00,2026-02-25 10:00:00.000 +0100,W,k,Kwartierwaarden voor belastingtransformator
3 007 631,5d29527e-fe3f-4a83-a483-5f9123a1bb50,-132.00,2026-02-25 10:15:00.000 +0100,W,k,Kwartierwaarden voor belastingtransformator
3 007 631,5d29527e-fe3f-4a83-a483-5f9123a1bb50,-144.00,2026-02-25 10:30:00.000 +0100,W,k,Kwartierwaarden voor belastingtransformator
3 007 631,5d29527e-fe3f-4a83-a483-5f9123a1bb50,-153.00,2026-02-25 10:45:00.000 +0100,W,k,Kwartierwaarden voor belastingtransformator
3 007 631,5d29527e-fe3f-4a83-a483-5f9123a1bb50,-164.00,2026-02-25 11:00:00.000 +0100,W,k,Kwartierwaarden voor belastingtransformator
3 007 631,5d29527e-fe3f-4a83-a483-5f9123a1bb50,-170.00,2026-02-25 11:15:00.000 +0100,W,k,Kwartierwaarden voor belastingtransformator
3 007 631,5d29527e-fe3f-4a83-a483-5f9123a1bb50,-176.00,2026-02-25 11:30:00.000 +0100,W,k,Kwartierwaarden voor belastingtransformator
3 007 631,5d29527e-fe3f-4a83-a483-5f9123a1bb50,-181.00,2026-02-25 11:45:00.000 +0100,W,k,Kwartierwaarden voor belastingtransformator
3 007 631,5d29527e-fe3f-4a83-a483-5f9123a1bb50,-188.00,2026-02-25 12:00:00.000 +0100,W,k,Kwartierwaarden voor belastingtransformator
3 007 631,5d29527e-fe3f-4a83-a483-5f9123a1bb50,-188.00,2026-02-25 12:15:00.000 +0100,W,k,Kwartierwaarden voor belastingtransformator
3 007 631,5d29527e-fe3f-4a83-a483-5f9123a1bb50,-188.00,2026-02-25 12:30:00.000 +0100,W,k,Kwartierwaarden voor belastingtransformator
3 007 631,5d29527e-fe3f-4a83-a483-5f9123a1bb50,-188.00,2026-02-25 12:45:00.000 +0100,W,k,Kwartierwaarden voor belastingtransformator
3 007 631,5d29527e-fe3f-4a83-a483-5f9123a1bb50,-188.00,2026-02-25 13:00:00.000 +0100,W,k,Kwartierwaarden voor belastingtransformator
3 007 631,5d29527e-fe3f-4a83-a483-5f9123a1bb50,-180.00,2026-02-25 13:15:00.000 +0100,W,k,Kwartierwaarden voor belastingtransformator
3 007 631,5d29527e-fe3f-4a83-a483-5f9123a1bb50,-172.00,2026-02-25 13:30:00.000 +0100,W,k,Kwartierwaarden voor belastingtransformator
3 007 631,5d29527e-fe3f-4a83-a483-5f9123a1bb50,-164.00,2026-02-25 13:45:00.000 +0100,W,k,Kwartierwaarden voor belastingtransformator
3 007 631,5d29527e-fe3f-4a83-a483-5f9123a1bb50,-157.00,2026-02-25 14:00:00.000 +0100,W,k,Kwartierwaarden voor belastingtransformator
3 007 631,5d29527e-fe3f-4a83-a483-5f9123a1bb50,-142.00,2026-02-25 14:15:00.000 +0100,W,k,Kwartierwaarden voor belastingtransformator
3 007 631,5d29527e-fe3f-4a83-a483-5f9123a1bb50,-126.00,2026-02-25 14:30:00.000 +0100,W,k,Kwartierwaarden voor belastingtransformator
3 007 631,5d29527e-fe3f-4a83-a483-5f9123a1bb50,-110.00,2026-02-25 14:45:00.000 +0100,W,k,Kwartierwaarden voor belastingtransformator
3 007 631,5d29527e-fe3f-4a83-a483-5f9123a1bb50,-92.00,2026-02-25 15:00:00.000 +0100,W,k,Kwartierwaarden voor belastingtransformator
3 007 631,5d29527e-fe3f-4a83-a483-5f9123a1bb50,-70.00,2026-02-25 15:15:00.000 +0100,W,k,Kwartierwaarden voor belastingtransformator
3 007 631,5d29527e-fe3f-4a83-a483-5f9123a1bb50,-44.00,2026-02-25 15:30:00.000 +0100,W,k,Kwartierwaarden voor belastingtransformator
3 007 631,5d29527e-fe3f-4a83-a483-5f9123a1bb50,-17.00,2026-02-25 15:45:00.000 +0100,W,k,Kwartierwaarden voor belastingtransformator
3 007 631,5d29527e-fe3f-4a83-a483-5f9123a1bb50,16.00,2026-02-25 16:00:00.000 +0100,W,k,Kwartierwaarden voor belastingtransformator
3 007 631,5d29527e-fe3f-4a83-a483-5f9123a1bb50,59.00,2026-02-25 16:15:00.000 +0100,W,k,Kwartierwaarden voor belastingtransformator
3 007 631,5d29527e-fe3f-4a83-a483-5f9123a1bb50,99.00,2026-02-25 16:30:00.000 +0100,W,k,Kwartierwaarden voor belastingtransformator
3 007 631,5d29527e-fe3f-4a83-a483-5f9123a1bb50,133.00,2026-02-25 16:45:00.000 +0100,W,k,Kwartierwaarden voor belastingtransformator
3 007 631,5d29527e-fe3f-4a83-a483-5f9123a1bb50,161.00,2026-02-25 17:00:00.000 +0100,W,k,Kwartierwaarden voor belastingtransformator
3 007 631,5d29527e-fe3f-4a83-a483-5f9123a1bb50,166.00,2026-02-25 17:15:00.000 +0100,W,k,Kwartierwaarden voor belastingtransformator
3 007 631,5d29527e-fe3f-4a83-a483-5f9123a1bb50,170.00,2026-02-25 17:30:00.000 +0100,W,k,Kwartierwaarden voor belastingtransformator
3 007 631,5d29527e-fe3f-4a83-a483-5f9123a1bb50,173.00,2026-02-25 17:45:00.000 +0100,W,k,Kwartierwaarden voor belastingtransformator
3 007 631,5d29527e-fe3f-4a83-a483-5f9123a1bb50,172.00,2026-02-25 18:00:00.000 +0100,W,k,Kwartierwaarden voor belastingtransformator
3 007 631,5d29527e-fe3f-4a83-a483-5f9123a1bb50,168.00,2026-02-25 18:15:00.000 +0100,W,k,Kwartierwaarden voor belastingtransformator
3 007 631,5d29527e-fe3f-4a83-a483-5f9123a1bb50,163.00,2026-02-25 18:30:00.000 +0100,W,k,Kwartierwaarden voor belastingtransformator
3 007 631,5d29527e-fe3f-4a83-a483-5f9123a1bb50,160.00,2026-02-25 18:45:00.000 +0100,W,k,Kwartierwaarden voor belastingtransformator
3 007 631,5d29527e-fe3f-4a83-a483-5f9123a1bb50,154.00,2026-02-25 19:00:00.000 +0100,W,k,Kwartierwaarden voor belastingtransformator
3 007 631,5d29527e-fe3f-4a83-a483-5f9123a1bb50,150.00,2026-02-25 19:15:00.000 +0100,W,k,Kwartierwaarden voor belastingtransformator
3 007 631,5d29527e-fe3f-4a83-a483-5f9123a1bb50,144.00,2026-02-25 19:30:00.000 +0100,W,k,Kwartierwaarden voor belastingtransformator
3 007 631,5d29527e-fe3f-4a83-a483-5f9123a1bb50,140.00,2026-02-25 19:45:00.000 +0100,W,k,Kwartierwaarden voor belastingtransformator
3 007 631,5d29527e-fe3f-4a83-a483-5f9123a1bb50,135.00,2026-02-25 20:00:00.000 +0100,W,k,Kwartierwaarden voor belastingtransformator
3 007 631,5d29527e-fe3f-4a83-a483-5f9123a1bb50,131.00,2026-02-25 20:15:00.000 +0100,W,k,Kwartierwaarden voor belastingtransformator
3 007 631,5d29527e-fe3f-4a83-a483-5f9123a1bb50,127.00,2026-02-25 20:30:00.000 +0100,W,k,Kwartierwaarden voor belastingtransformator
3 007 631,5d29527e-fe3f-4a83-a483-5f9123a1bb50,123.00,2026-02-25 20:45:00.000 +0100,W,k,Kwartierwaarden voor belastingtransformator
3 007 631,5d29527e-fe3f-4a83-a483-5f9123a1bb50,117.00,2026-02-25 21:00:00.000 +0100,W,k,Kwartierwaarden voor belastingtransformator
3 007 631,5d29527e-fe3f-4a83-a483-5f9123a1bb50,112.00,2026-02-25 21:15:00.000 +0100,W,k,Kwartierwaarden voor belastingtransformator
3 007 631,5d29527e-fe3f-4a83-a483-5f9123a1bb50,107.00,2026-02-25 21:30:00.000 +0100,W,k,Kwartierwaarden voor belastingtransformator
3 007 631,5d29527e-fe3f-4a83-a483-5f9123a1bb50,101.00,2026-02-25 21:45:00.000 +0100,W,k,Kwartierwaarden voor belastingtransformator
3 007 631,5d29527e-fe3f-4a83-a483-5f9123a1bb50,95.00,2026-02-25 22:00:00.000 +0100,W,k,Kwartierwaarden voor belastingtransformator
3 007 631,5d29527e-fe3f-4a83-a483-5f9123a1bb50,90.00,2026-02-25 22:15:00.000 +0100,W,k,Kwartierwaarden voor belastingtransformator
3 007 631,5d29527e-fe3f-4a83-a483-5f9123a1bb50,85.00,2026-02-25 22:30:00.000 +0100,W,k,Kwartierwaarden voor belastingtransformator
3 007 631,5d29527e-fe3f-4a83-a483-5f9123a1bb50,81.00,2026-02-25 22:45:00.000 +0100,W,k,Kwartierwaarden voor belastingtransformator
3 007 631,5d29527e-fe3f-4a83-a483-5f9123a1bb50,77.00,2026-02-25 23:00:00.000 +0100,W,k,Kwartierwaarden voor belastingtransformator
3 007 631,5d29527e-fe3f-4a83-a483-5f9123a1bb50,73.00,2026-02-25 23:15:00.000 +0100,W,k,Kwartierwaarden voor belastingtransformator
3 007 631,5d29527e-fe3f-4a83-a483-5f9123a1bb50,71.00,2026-02-25 23:30:00.000 +0100,W,k,Kwartierwaarden voor belastingtransformator
3 007 631,5d29527e-fe3f-4a83-a483-5f9123a1bb50,68.00,2026-02-25 23:45:00.000 +0100,W,k,Kwartierwaarden voor belastingtransformator
3 008 678,22cad64d-b7f0-44a3-a0dd-38bb60e69cad,35.00,2026-02-23 00:00:00.000 +0100,W,k,Kwartierwaarden voor belastingtransformator
3 008 678,22cad64d-b7f0-44a3-a0dd-38bb60e69cad,34.00,2026-02-23 00:15:00.000 +0100,W,k,Kwartierwaarden voor belastingtransformator
3 008 678,22cad64d-b7f0-44a3-a0dd-38bb60e69cad,34.00,2026-02-23 00:30:00.000 +0100,W,k,Kwartierwaarden voor belastingtransformator
3 008 678,22cad64d-b7f0-44a3-a0dd-38bb60e69cad,33.00,2026-02-23 00:45:00.000 +0100,W,k,Kwartierwaarden voor belastingtransformator
3 008 678,22cad64d-b7f0-44a3-a0dd-38bb60e69cad,33.00,2026-02-23 01:00:00.000 +0100,W,k,Kwartierwaarden voor belastingtransformator
3 008 678,22cad64d-b7f0-44a3-a0dd-38bb60e69cad,33.00,2026-02-23 01:15:00.000 +0100,W,k,Kwartierwaarden voor belastingtransformator
3 008 678,22cad64d-b7f0-44a3-a0dd-38bb60e69cad,32.00,2026-02-23 01:30:00.000 +0100,W,k,Kwartierwaarden voor belastingtransformator
3 008 678,22cad64d-b7f0-44a3-a0dd-38bb60e69cad,32.00,2026-02-23 01:45:00.000 +0100,W,k,Kwartierwaarden voor belastingtransformator
3 008 678,22cad64d-b7f0-44a3-a0dd-38bb60e69cad,32.00,2026-02-23 02:00:00.000 +0100,W,k,Kwartierwaarden voor belastingtransformator
3 008 678,22cad64d-b7f0-44a3-a0dd-38bb60e69cad,32.00,2026-02-23 02:15:00.000 +0100,W,k,Kwartierwaarden voor belastingtransformator
3 008 678,22cad64d-b7f0-44a3-a0dd-38bb60e69cad,32.00,2026-02-23 02:30:00.000 +0100,W,k,Kwartierwaarden voor belastingtransformator
3 008 678,22cad64d-b7f0-44a3-a0dd-38bb60e69cad,32.00,2026-02-23 02:45:00.000 +0100,W,k,Kwartierwaarden voor belastingtransformator
3 008 678,22cad64d-b7f0-44a3-a0dd-38bb60e69cad,31.00,2026-02-23 03:00:00.000 +0100,W,k,Kwartierwaarden voor belastingtransformator
3 008 678,22cad64d-b7f0-44a3-a0dd-38bb60e69cad,31.00,2026-02-23 03:15:00.000 +0100,W,k,Kwartierwaarden voor belastingtransformator
3 008 678,22cad64d-b7f0-44a3-a0dd-38bb60e69cad,31.00,2026-02-23 03:30:00.000 +0100,W,k,Kwartierwaarden voor belastingtransformator
3 008 678,22cad64d-b7f0-44a3-a0dd-38bb60e69cad,31.00,2026-02-23 03:45:00.000 +0100,W,k,Kwartierwaarden voor belastingtransformator
3 008 678,22cad64d-b7f0-44a3-a0dd-38bb60e69cad,32.00,2026-02-23 04:00:00.000 +0100,W,k,Kwartierwaarden voor belastingtransformator
3 008 678,22cad64d-b7f0-44a3-a0dd-38bb60e69cad,32.00,2026-02-23 04:15:00.000 +0100,W,k,Kwartierwaarden voor belastingtransformator
3 008 678,22cad64d-b7f0-44a3-a0dd-38bb60e69cad,33.00,2026-02-23 04:30:00.000 +0100,W,k,Kwartierwaarden voor belastingtransformator
3 008 678,22cad64d-b7f0-44a3-a0dd-38bb60e69cad,33.00,2026-02-23 04:45:00.000 +0100,W,k,Kwartierwaarden voor belastingtransformator
3 008 678,22cad64d-b7f0-44a3-a0dd-38bb60e69cad,34.00,2026-02-23 05:00:00.000 +0100,W,k,Kwartierwaarden voor belastingtransformator
3 008 678,22cad64d-b7f0-44a3-a0dd-38bb60e69cad,36.00,2026-02-23 05:15:00.000 +0100,W,k,Kwartierwaarden voor belastingtransformator
3 008 678,22cad64d-b7f0-44a3-a0dd-38bb60e69cad,37.00,2026-02-23 05:30:00.000 +0100,W,k,Kwartierwaarden voor belastingtransformator
3 008 678,22cad64d-b7f0-44a3-a0dd-38bb60e69cad,39.00,2026-02-23 05:45:00.000 +0100,W,k,Kwartierwaarden voor belastingtransformator
3 008 678,22cad64d-b7f0-44a3-a0dd-38bb60e69cad,41.00,2026-02-23 06:00:00.000 +0100,W,k,Kwartierwaarden voor belastingtransformator
3 008 678,22cad64d-b7f0-44a3-a0dd-38bb60e69cad,42.00,2026-02-23 06:15:00.000 +0100,W,k,Kwartierwaarden voor belastingtransformator
3 008 678,22cad64d-b7f0-44a3-a0dd-38bb60e69cad,43.00,2026-02-23 06:30:00.000 +0100,W,k,Kwartierwaarden voor belastingtransformator
3 008 678,22cad64d-b7f0-44a3-a0dd-38bb60e69cad,43.00,2026-02-23 06:45:00.000 +0100,W,k,Kwartierwaarden voor belastingtransformator
3 008 678,22cad64d-b7f0-44a3-a0dd-38bb60e69cad,43.00,2026-02-23 07:00:00.000 +0100,W,k,Kwartierwaarden voor belastingtransformator
3 008 678,22cad64d-b7f0-44a3-a0dd-38bb60e69cad,36.00,2026-02-23 07:15:00.000 +0100,W,k,Kwartierwaarden voor belastingtransformator
3 008 678,22cad64d-b7f0-44a3-a0dd-38bb60e69cad,28.00,2026-02-23 07:30:00.000 +0100,W,k,Kwartierwaarden voor belastingtransformator
3 008 678,22cad64d-b7f0-44a3-a0dd-38bb60e69cad,21.00,2026-02-23 07:45:00.000 +0100,W,k,Kwartierwaarden voor belastingtransformator
3 008 678,22cad64d-b7f0-44a3-a0dd-38bb60e69cad,13.00,2026-02-23 08:00:00.000 +0100,W,k,Kwartierwaarden voor belastingtransformator
3 008 678,22cad64d-b7f0-44a3-a0dd-38bb60e69cad,6.00,2026-02-23 08:15:00.000 +0100,W,k,Kwartierwaarden voor belastingtransformator
3 008 678,22cad64d-b7f0-44a3-a0dd-38bb60e69cad,-2.00,2026-02-23 08:30:00.000 +0100,W,k,Kwartierwaarden voor belastingtransformator
3 008 678,22cad64d-b7f0-44a3-a0dd-38bb60e69cad,-10.00,2026-02-23 08:45:00.000 +0100,W,k,Kwartierwaarden voor belastingtransformator
3 008 678,22cad64d-b7f0-44a3-a0dd-38bb60e69cad,-18.00,2026-02-23 09:00:00.000 +0100,W,k,Kwartierwaarden voor belastingtransformator
3 008 678,22cad64d-b7f0-44a3-a0dd-38bb60e69cad,-15.00,2026-02-23 09:15:00.000 +0100,W,k,Kwartierwaarden voor belastingtransformator
3 008 678,22cad64d-b7f0-44a3-a0dd-38bb60e69cad,-12.00,2026-02-23 09:30:00.000 +0100,W,k,Kwartierwaarden voor belastingtransformator
3 008 678,22cad64d-b7f0-44a3-a0dd-38bb60e69cad,-9.00,2026-02-23 09:45:00.000 +0100,W,k,Kwartierwaarden voor belastingtransformator
3 008 678,22cad64d-b7f0-44a3-a0dd-38bb60e69cad,-5.00,2026-02-23 10:00:00.000 +0100,W,k,Kwartierwaarden voor belastingtransformator
3 008 678,22cad64d-b7f0-44a3-a0dd-38bb60e69cad,-1.00,2026-02-23 10:15:00.000 +0100,W,k,Kwartierwaarden voor belastingtransformator
3 008 678,22cad64d-b7f0-44a3-a0dd-38bb60e69cad,2.00,2026-02-23 10:30:00.000 +0100,W,k,Kwartierwaarden voor belastingtransformator
3 008 678,22cad64d-b7f0-44a3-a0dd-38bb60e69cad,7.00,2026-02-23 10:45:00.000 +0100,W,k,Kwartierwaarden voor belastingtransformator
3 008 678,22cad64d-b7f0-44a3-a0dd-38bb60e69cad,11.00,2026-02-23 11:00:00.000 +0100,W,k,Kwartierwaarden voor belastingtransformator
3 008 678,22cad64d-b7f0-44a3-a0dd-38bb60e69cad,4.00,2026-02-23 11:15:00.000 +0100,W,k,Kwartierwaarden voor belastingtransformator
3 008 678,22cad64d-b7f0-44a3-a0dd-38bb60e69cad,-4.00,2026-02-23 11:30:00.000 +0100,W,k,Kwartierwaarden voor belastingtransformator
3 008 678,22cad64d-b7f0-44a3-a0dd-38bb60e69cad,-12.00,2026-02-23 11:45:00.000 +0100,W,k,Kwartierwaarden voor belastingtransformator
3 008 678,22cad64d-b7f0-44a3-a0dd-38bb60e69cad,-19.00,2026-02-23 12:00:00.000 +0100,W,k,Kwartierwaarden voor belastingtransformator
3 008 678,22cad64d-b7f0-44a3-a0dd-38bb60e69cad,-22.00,2026-02-23 12:15:00.000 +0100,W,k,Kwartierwaarden voor belastingtransformator
3 008 678,22cad64d-b7f0-44a3-a0dd-38bb60e69cad,-25.00,2026-02-23 12:30:00.000 +0100,W,k,Kwartierwaarden voor belastingtransformator
3 008 678,22cad64d-b7f0-44a3-a0dd-38bb60e69cad,-28.00,2026-02-23 12:45:00.000 +0100,W,k,Kwartierwaarden voor belastingtransformator
3 008 678,22cad64d-b7f0-44a3-a0dd-38bb60e69cad,-31.00,2026-02-23 13:00:00.000 +0100,W,k,Kwartierwaarden voor belastingtransformator
3 008 678,22cad64d-b7f0-44a3-a0dd-38bb60e69cad,-29.00,2026-02-23 13:15:00.000 +0100,W,k,Kwartierwaarden voor belastingtransformator
3 008 678,22cad64d-b7f0-44a3-a0dd-38bb60e69cad,-26.00,2026-02-23 13:30:00.000 +0100,W,k,Kwartierwaarden voor belastingtransformator
3 008 678,22cad64d-b7f0-44a3-a0dd-38bb60e69cad,-23.00,2026-02-23 13:45:00.000 +0100,W,k,Kwartierwaarden voor belastingtransformator
3 008 678,22cad64d-b7f0-44a3-a0dd-38bb60e69cad,-20.00,2026-02-23 14:00:00.000 +0100,W,k,Kwartierwaarden voor belastingtransformator
3 008 678,22cad64d-b7f0-44a3-a0dd-38bb60e69cad,-14.00,2026-02-23 14:15:00.000 +0100,W,k,Kwartierwaarden voor belastingtransformator
3 008 678,22cad64d-b7f0-44a3-a0dd-38bb60e69cad,-7.00,2026-02-23 14:30:00.000 +0100,W,k,Kwartierwaarden voor belastingtransformator
3 008 678,22cad64d-b7f0-44a3-a0dd-38bb60e69cad,-1.00,2026-02-23 14:45:00.000 +0100,W,k,Kwartierwaarden voor belastingtransformator
3 008 678,22cad64d-b7f0-44a3-a0dd-38bb60e69cad,7.00,2026-02-23 15:00:00.000 +0100,W,k,Kwartierwaarden voor belastingtransformator
3 008 678,22cad64d-b7f0-44a3-a0dd-38bb60e69cad,14.00,2026-02-23 15:15:00.000 +0100,W,k,Kwartierwaarden voor belastingtransformator
3 008 678,22cad64d-b7f0-44a3-a0dd-38bb60e69cad,23.00,2026-02-23 15:30:00.000 +0100,W,k,Kwartierwaarden voor belastingtransformator
3 008 678,22cad64d-b7f0-44a3-a0dd-38bb60e69cad,33.00,2026-02-23 15:45:00.000 +0100,W,k,Kwartierwaarden voor belastingtransformator
3 008 678,22cad64d-b7f0-44a3-a0dd-38bb60e69cad,44.00,2026-02-23 16:00:00.000 +0100,W,k,Kwartierwaarden voor belastingtransformator
3 008 678,22cad64d-b7f0-44a3-a0dd-38bb60e69cad,53.00,2026-02-23 16:15:00.000 +0100,W,k,Kwartierwaarden voor belastingtransformator
3 008 678,22cad64d-b7f0-44a3-a0dd-38bb60e69cad,60.00,2026-02-23 16:30:00.000 +0100,W,k,Kwartierwaarden voor belastingtransformator
3 008 678,22cad64d-b7f0-44a3-a0dd-38bb60e69cad,66.00,2026-02-23 16:45:00.000 +0100,W,k,Kwartierwaarden voor belastingtransformator
3 008 678,22cad64d-b7f0-44a3-a0dd-38bb60e69cad,71.00,2026-02-23 17:00:00.000 +0100,W,k,Kwartierwaarden voor belastingtransformator
3 008 678,22cad64d-b7f0-44a3-a0dd-38bb60e69cad,71.00,2026-02-23 17:15:00.000 +0100,W,k,Kwartierwaarden voor belastingtransformator
3 008 678,22cad64d-b7f0-44a3-a0dd-38bb60e69cad,71.00,2026-02-23 17:30:00.000 +0100,W,k,Kwartierwaarden voor belastingtransformator
3 008 678,22cad64d-b7f0-44a3-a0dd-38bb60e69cad,70.00,2026-02-23 17:45:00.000 +0100,W,k,Kwartierwaarden voor belastingtransformator
3 008 678,22cad64d-b7f0-44a3-a0dd-38bb60e69cad,69.00,2026-02-23 18:00:00.000 +0100,W,k,Kwartierwaarden voor belastingtransformator
3 008 678,22cad64d-b7f0-44a3-a0dd-38bb60e69cad,68.00,2026-02-23 18:15:00.000 +0100,W,k,Kwartierwaarden voor belastingtransformator
3 008 678,22cad64d-b7f0-44a3-a0dd-38bb60e69cad,67.00,2026-02-23 18:30:00.000 +0100,W,k,Kwartierwaarden voor belastingtransformator
3 008 678,22cad64d-b7f0-44a3-a0dd-38bb60e69cad,66.00,2026-02-23 18:45:00.000 +0100,W,k,Kwartierwaarden voor belastingtransformator
3 008 678,22cad64d-b7f0-44a3-a0dd-38bb60e69cad,64.00,2026-02-23 19:00:00.000 +0100,W,k,Kwartierwaarden voor belastingtransformator
3 008 678,22cad64d-b7f0-44a3-a0dd-38bb60e69cad,63.00,2026-02-23 19:15:00.000 +0100,W,k,Kwartierwaarden voor belastingtransformator
3 008 678,22cad64d-b7f0-44a3-a0dd-38bb60e69cad,62.00,2026-02-23 19:30:00.000 +0100,W,k,Kwartierwaarden voor belastingtransformator
3 008 678,22cad64d-b7f0-44a3-a0dd-38bb60e69cad,60.00,2026-02-23 19:45:00.000 +0100,W,k,Kwartierwaarden voor belastingtransformator
3 008 678,22cad64d-b7f0-44a3-a0dd-38bb60e69cad,59.00,2026-02-23 20:00:00.000 +0100,W,k,Kwartierwaarden voor belastingtransformator
3 008 678,22cad64d-b7f0-44a3-a0dd-38bb60e69cad,58.00,2026-02-23 20:15:00.000 +0100,W,k,Kwartierwaarden voor belastingtransformator
3 008 678,22cad64d-b7f0-44a3-a0dd-38bb60e69cad,57.00,2026-02-23 20:30:00.000 +0100,W,k,Kwartierwaarden voor belastingtransformator
3 008 678,22cad64d-b7f0-44a3-a0dd-38bb60e69cad,55.00,2026-02-23 20:45:00.000 +0100,W,k,Kwartierwaarden voor belastingtransformator
3 008 678,22cad64d-b7f0-44a3-a0dd-38bb60e69cad,54.00,2026-02-23 21:00:00.000 +0100,W,k,Kwartierwaarden voor belastingtransformator
3 008 678,22cad64d-b7f0-44a3-a0dd-38bb60e69cad,52.00,2026-02-23 21:15:00.000 +0100,W,k,Kwartierwaarden voor belastingtransformator
3 008 678,22cad64d-b7f0-44a3-a0dd-38bb60e69cad,51.00,2026-02-23 21:30:00.000 +0100,W,k,Kwartierwaarden voor belastingtransformator
3 008 678,22cad64d-b7f0-44a3-a0dd-38bb60e69cad,49.00,2026-02-23 21:45:00.000 +0100,W,k,Kwartierwaarden voor belastingtransformator
3 008 678,22cad64d-b7f0-44a3-a0dd-38bb60e69cad,48.00,2026-02-23 22:00:00.000 +0100,W,k,Kwartierwaarden voor belastingtransformator
3 008 678,22cad64d-b7f0-44a3-a0dd-38bb60e69cad,46.00,2026-02-23 22:15:00.000 +0100,W,k,Kwartierwaarden voor belastingtransformator
3 008 678,22cad64d-b7f0-44a3-a0dd-38bb60e69cad,44.00,2026-02-23 22:30:00.000 +0100,W,k,Kwartierwaarden voor belastingtransformator
3 008 678,22cad64d-b7f0-44a3-a0dd-38bb60e69cad,43.00,2026-02-23 22:45:00.000 +0100,W,k,Kwartierwaarden voor belastingtransformator
3 008 678,22cad64d-b7f0-44a3-a0dd-38bb60e69cad,42.00,2026-02-23 23:00:00.000 +0100,W,k,Kwartierwaarden voor belastingtransformator
3 008 678,22cad64d-b7f0-44a3-a0dd-38bb60e69cad,40.00,2026-02-23 23:15:00.000 +0100,W,k,Kwartierwaarden voor belastingtransformator
3 008 678,22cad64d-b7f0-44a3-a0dd-38bb60e69cad,39.00,2026-02-23 23:30:00.000 +0100,W,k,Kwartierwaarden voor belastingtransformator
3 008 678,22cad64d-b7f0-44a3-a0dd-38bb60e69cad,38.00,2026-02-23 23:45:00.000 +0100,W,k,Kwartierwaarden voor belastingtransformator
3 008 678,22cad64d-b7f0-44a3-a0dd-38bb60e69cad,37.00,2026-02-24 00:00:00.000 +0100,W,k,Kwartierwaarden voor belastingtransformator
3 008 678,22cad64d-b7f0-44a3-a0dd-38bb60e69cad,37.00,2026-02-24 00:15:00.000 +0100,W,k,Kwartierwaarden voor belastingtransformator
3 008 678,22cad64d-b7f0-44a3-a0dd-38bb60e69cad,36.00,2026-02-24 00:30:00.000 +0100,W,k,Kwartierwaarden voor belastingtransformator
3 008 678,22cad64d-b7f0-44a3-a0dd-38bb60e69cad,35.00,2026-02-24 00:45:00.000 +0100,W,k,Kwartierwaarden voor belastingtransformator
3 008 678,22cad64d-b7f0-44a3-a0dd-38bb60e69cad,35.00,2026-02-24 01:00:00.000 +0100,W,k,Kwartierwaarden voor belastingtransformator
3 008 678,22cad64d-b7f0-44a3-a0dd-38bb60e69cad,35.00,2026-02-24 01:15:00.000 +0100,W,k,Kwartierwaarden voor belastingtransformator
3 008 678,22cad64d-b7f0-44a3-a0dd-38bb60e69cad,34.00,2026-02-24 01:30:00.000 +0100,W,k,Kwartierwaarden voor belastingtransformator
3 008 678,22cad64d-b7f0-44a3-a0dd-38bb60e69cad,34.00,2026-02-24 01:45:00.000 +0100,W,k,Kwartierwaarden voor belastingtransformator
3 008 678,22cad64d-b7f0-44a3-a0dd-38bb60e69cad,34.00,2026-02-24 02:00:00.000 +0100,W,k,Kwartierwaarden voor belastingtransformator
3 008 678,22cad64d-b7f0-44a3-a0dd-38bb60e69cad,34.00,2026-02-24 02:15:00.000 +0100,W,k,Kwartierwaarden voor belastingtransformator
3 008 678,22cad64d-b7f0-44a3-a0dd-38bb60e69cad,33.00,2026-02-24 02:30:00.000 +0100,W,k,Kwartierwaarden voor belastingtransformator
3 008 678,22cad64d-b7f0-44a3-a0dd-38bb60e69cad,33.00,2026-02-24 02:45:00.000 +0100,W,k,Kwartierwaarden voor belastingtransformator
3 008 678,22cad64d-b7f0-44a3-a0dd-38bb60e69cad,33.00,2026-02-24 03:00:00.000 +0100,W,k,Kwartierwaarden voor belastingtransformator
3 008 678,22cad64d-b7f0-44a3-a0dd-38bb60e69cad,33.00,2026-02-24 03:15:00.000 +0100,W,k,Kwartierwaarden voor belastingtransformator
3 008 678,22cad64d-b7f0-44a3-a0dd-38bb60e69cad,33.00,2026-02-24 03:30:00.000 +0100,W,k,Kwartierwaarden voor belastingtransformator
3 008 678,22cad64d-b7f0-44a3-a0dd-38bb60e69cad,33.00,2026-02-24 03:45:00.000 +0100,W,k,Kwartierwaarden voor belastingtransformator
3 008 678,22cad64d-b7f0-44a3-a0dd-38bb60e69cad,34.00,2026-02-24 04:00:00.000 +0100,W,k,Kwartierwaarden voor belastingtransformator
3 008 678,22cad64d-b7f0-44a3-a0dd-38bb60e69cad,34.00,2026-02-24 04:15:00.000 +0100,W,k,Kwartierwaarden voor belastingtransformator
3 008 678,22cad64d-b7f0-44a3-a0dd-38bb60e69cad,34.00,2026-02-24 04:30:00.000 +0100,W,k,Kwartierwaarden voor belastingtransformator
3 008 678,22cad64d-b7f0-44a3-a0dd-38bb60e69cad,35.00,2026-02-24 04:45:00.000 +0100,W,k,Kwartierwaarden voor belastingtransformator
3 008 678,22cad64d-b7f0-44a3-a0dd-38bb60e69cad,37.00,2026-02-24 05:00:00.000 +0100,W,k,Kwartierwaarden voor belastingtransformator
3 008 678,22cad64d-b7f0-44a3-a0dd-38bb60e69cad,38.00,2026-02-24 05:15:00.000 +0100,W,k,Kwartierwaarden voor belastingtransformator
3 008 678,22cad64d-b7f0-44a3-a0dd-38bb60e69cad,39.00,2026-02-24 05:30:00.000 +0100,W,k,Kwartierwaarden voor belastingtransformator
3 008 678,22cad64d-b7f0-44a3-a0dd-38bb60e69cad,41.00,2026-02-24 05:45:00.000 +0100,W,k,Kwartierwaarden voor belastingtransformator
3 008 678,22cad64d-b7f0-44a3-a0dd-38bb60e69cad,44.00,2026-02-24 06:00:00.000 +0100,W,k,Kwartierwaarden voor belastingtransformator
3 008 678,22cad64d-b7f0-44a3-a0dd-38bb60e69cad,46.00,2026-02-24 06:15:00.000 +0100,W,k,Kwartierwaarden voor belastingtransformator
3 008 678,22cad64d-b7f0-44a3-a0dd-38bb60e69cad,46.00,2026-02-24 06:30:00.000 +0100,W,k,Kwartierwaarden voor belastingtransformator
3 008 678,22cad64d-b7f0-44a3-a0dd-38bb60e69cad,46.00,2026-02-24 06:45:00.000 +0100,W,k,Kwartierwaarden voor belastingtransformator
3 008 678,22cad64d-b7f0-44a3-a0dd-38bb60e69cad,46.00,2026-02-24 07:00:00.000 +0100,W,k,Kwartierwaarden voor belastingtransformator
3 008 678,22cad64d-b7f0-44a3-a0dd-38bb60e69cad,44.00,2026-02-24 07:15:00.000 +0100,W,k,Kwartierwaarden voor belastingtransformator
3 008 678,22cad64d-b7f0-44a3-a0dd-38bb60e69cad,43.00,2026-02-24 07:30:00.000 +0100,W,k,Kwartierwaarden voor belastingtransformator
3 008 678,22cad64d-b7f0-44a3-a0dd-38bb60e69cad,42.00,2026-02-24 07:45:00.000 +0100,W,k,Kwartierwaarden voor belastingtransformator
3 008 678,22cad64d-b7f0-44a3-a0dd-38bb60e69cad,41.00,2026-02-24 08:00:00.000 +0100,W,k,Kwartierwaarden voor belastingtransformator
3 008 678,22cad64d-b7f0-44a3-a0dd-38bb60e69cad,41.00,2026-02-24 08:15:00.000 +0100,W,k,Kwartierwaarden voor belastingtransformator
3 008 678,22cad64d-b7f0-44a3-a0dd-38bb60e69cad,40.00,2026-02-24 08:30:00.000 +0100,W,k,Kwartierwaarden voor belastingtransformator
3 008 678,22cad64d-b7f0-44a3-a0dd-38bb60e69cad,40.00,2026-02-24 08:45:00.000 +0100,W,k,Kwartierwaarden voor belastingtransformator
3 008 678,22cad64d-b7f0-44a3-a0dd-38bb60e69cad,39.00,2026-02-24 09:00:00.000 +0100,W,k,Kwartierwaarden voor belastingtransformator
3 008 678,22cad64d-b7f0-44a3-a0dd-38bb60e69cad,39.00,2026-02-24 09:15:00.000 +0100,W,k,Kwartierwaarden voor belastingtransformator
3 008 678,22cad64d-b7f0-44a3-a0dd-38bb60e69cad,38.00,2026-02-24 09:30:00.000 +0100,W,k,Kwartierwaarden voor belastingtransformator
3 008 678,22cad64d-b7f0-44a3-a0dd-38bb60e69cad,37.00,2026-02-24 09:45:00.000 +0100,W,k,Kwartierwaarden voor belastingtransformator
3 008 678,22cad64d-b7f0-44a3-a0dd-38bb60e69cad,38.00,2026-02-24 10:00:00.000 +0100,W,k,Kwartierwaarden voor belastingtransformator
3 008 678,22cad64d-b7f0-44a3-a0dd-38bb60e69cad,37.00,2026-02-24 10:15:00.000 +0100,W,k,Kwartierwaarden voor belastingtransformator
3 008 678,22cad64d-b7f0-44a3-a0dd-38bb60e69cad,37.00,2026-02-24 10:30:00.000 +0100,W,k,Kwartierwaarden voor belastingtransformator
3 008 678,22cad64d-b7f0-44a3-a0dd-38bb60e69cad,37.00,2026-02-24 10:45:00.000 +0100,W,k,Kwartierwaarden voor belastingtransformator
3 008 678,22cad64d-b7f0-44a3-a0dd-38bb60e69cad,36.00,2026-02-24 11:00:00.000 +0100,W,k,Kwartierwaarden voor belastingtransformator
3 008 678,22cad64d-b7f0-44a3-a0dd-38bb60e69cad,35.00,2026-02-24 11:15:00.000 +0100,W,k,Kwartierwaarden voor belastingtransformator
3 008 678,22cad64d-b7f0-44a3-a0dd-38bb60e69cad,34.00,2026-02-24 11:30:00.000 +0100,W,k,Kwartierwaarden voor belastingtransformator
3 008 678,22cad64d-b7f0-44a3-a0dd-38bb60e69cad,33.00,2026-02-24 11:45:00.000 +0100,W,k,Kwartierwaarden voor belastingtransformator
3 008 678,22cad64d-b7f0-44a3-a0dd-38bb60e69cad,33.00,2026-02-24 12:00:00.000 +0100,W,k,Kwartierwaarden voor belastingtransformator
3 008 678,22cad64d-b7f0-44a3-a0dd-38bb60e69cad,31.00,2026-02-24 12:15:00.000 +0100,W,k,Kwartierwaarden voor belastingtransformator
3 008 678,22cad64d-b7f0-44a3-a0dd-38bb60e69cad,31.00,2026-02-24 12:30:00.000 +0100,W,k,Kwartierwaarden voor belastingtransformator
3 008 678,22cad64d-b7f0-44a3-a0dd-38bb60e69cad,30.00,2026-02-24 12:45:00.000 +0100,W,k,Kwartierwaarden voor belastingtransformator
3 008 678,22cad64d-b7f0-44a3-a0dd-38bb60e69cad,29.00,2026-02-24 13:00:00.000 +0100,W,k,Kwartierwaarden voor belastingtransformator
3 008 678,22cad64d-b7f0-44a3-a0dd-38bb60e69cad,29.00,2026-02-24 13:15:00.000 +0100,W,k,Kwartierwaarden voor belastingtransformator
3 008 678,22cad64d-b7f0-44a3-a0dd-38bb60e69cad,30.00,2026-02-24 13:30:00.000 +0100,W,k,Kwartierwaarden voor belastingtransformator
3 008 678,22cad64d-b7f0-44a3-a0dd-38bb60e69cad,30.00,2026-02-24 13:45:00.000 +0100,W,k,Kwartierwaarden voor belastingtransformator
3 008 678,22cad64d-b7f0-44a3-a0dd-38bb60e69cad,30.00,2026-02-24 14:00:00.000 +0100,W,k,Kwartierwaarden voor belastingtransformator
3 008 678,22cad64d-b7f0-44a3-a0dd-38bb60e69cad,30.00,2026-02-24 14:15:00.000 +0100,W,k,Kwartierwaarden voor belastingtransformator
3 008 678,22cad64d-b7f0-44a3-a0dd-38bb60e69cad,31.00,2026-02-24 14:30:00.000 +0100,W,k,Kwartierwaarden voor belastingtransformator
3 008 678,22cad64d-b7f0-44a3-a0dd-38bb60e69cad,32.00,2026-02-24 14:45:00.000 +0100,W,k,Kwartierwaarden voor belastingtransformator
3 008 678,22cad64d-b7f0-44a3-a0dd-38bb60e69cad,33.00,2026-02-24 15:00:00.000 +0100,W,k,Kwartierwaarden voor belastingtransformator
3 008 678,22cad64d-b7f0-44a3-a0dd-38bb60e69cad,35.00,2026-02-24 15:15:00.000 +0100,W,k,Kwartierwaarden voor belastingtransformator
3 008 678,22cad64d-b7f0-44a3-a0dd-38bb60e69cad,39.00,2026-02-24 15:30:00.000 +0100,W,k,Kwartierwaarden voor belastingtransformator
3 008 678,22cad64d-b7f0-44a3-a0dd-38bb60e69cad,44.00,2026-02-24 15:45:00.000 +0100,W,k,Kwartierwaarden voor belastingtransformator
3 008 678,22cad64d-b7f0-44a3-a0dd-38bb60e69cad,50.00,2026-02-24 16:00:00.000 +0100,W,k,Kwartierwaarden voor belastingtransformator
3 008 678,22cad64d-b7f0-44a3-a0dd-38bb60e69cad,57.00,2026-02-24 16:15:00.000 +0100,W,k,Kwartierwaarden voor belastingtransformator
3 008 678,22cad64d-b7f0-44a3-a0dd-38bb60e69cad,62.00,2026-02-24 16:30:00.000 +0100,W,k,Kwartierwaarden voor belastingtransformator
3 008 678,22cad64d-b7f0-44a3-a0dd-38bb60e69cad,65.00,2026-02-24 16:45:00.000 +0100,W,k,Kwartierwaarden voor belastingtransformator
3 008 678,22cad64d-b7f0-44a3-a0dd-38bb60e69cad,66.00,2026-02-24 17:00:00.000 +0100,W,k,Kwartierwaarden voor belastingtransformator
3 008 678,22cad64d-b7f0-44a3-a0dd-38bb60e69cad,66.00,2026-02-24 17:15:00.000 +0100,W,k,Kwartierwaarden voor belastingtransformator
3 008 678,22cad64d-b7f0-44a3-a0dd-38bb60e69cad,67.00,2026-02-24 17:30:00.000 +0100,W,k,Kwartierwaarden voor belastingtransformator
3 008 678,22cad64d-b7f0-44a3-a0dd-38bb60e69cad,67.00,2026-02-24 17:45:00.000 +0100,W,k,Kwartierwaarden voor belastingtransformator
3 008 678,22cad64d-b7f0-44a3-a0dd-38bb60e69cad,66.00,2026-02-24 18:00:00.000 +0100,W,k,Kwartierwaarden voor belastingtransformator
3 008 678,22cad64d-b7f0-44a3-a0dd-38bb60e69cad,65.00,2026-02-24 18:15:00.000 +0100,W,k,Kwartierwaarden voor belastingtransformator
3 008 678,22cad64d-b7f0-44a3-a0dd-38bb60e69cad,64.00,2026-02-24 18:30:00.000 +0100,W,k,Kwartierwaarden voor belastingtransformator
3 008 678,22cad64d-b7f0-44a3-a0dd-38bb60e69cad,63.00,2026-02-24 18:45:00.000 +0100,W,k,Kwartierwaarden voor belastingtransformator
3 008 678,22cad64d-b7f0-44a3-a0dd-38bb60e69cad,62.00,2026-02-24 19:00:00.000 +0100,W,k,Kwartierwaarden voor belastingtransformator
3 008 678,22cad64d-b7f0-44a3-a0dd-38bb60e69cad,61.00,2026-02-24 19:15:00.000 +0100,W,k,Kwartierwaarden voor belastingtransformator
3 008 678,22cad64d-b7f0-44a3-a0dd-38bb60e69cad,60.00,2026-02-24 19:30:00.000 +0100,W,k,Kwartierwaarden voor belastingtransformator
3 008 678,22cad64d-b7f0-44a3-a0dd-38bb60e69cad,58.00,2026-02-24 19:45:00.000 +0100,W,k,Kwartierwaarden voor belastingtransformator
3 008 678,22cad64d-b7f0-44a3-a0dd-38bb60e69cad,57.00,2026-02-24 20:00:00.000 +0100,W,k,Kwartierwaarden voor belastingtransformator
3 008 678,22cad64d-b7f0-44a3-a0dd-38bb60e69cad,56.00,2026-02-24 20:15:00.000 +0100,W,k,Kwartierwaarden voor belastingtransformator
3 008 678,22cad64d-b7f0-44a3-a0dd-38bb60e69cad,55.00,2026-02-24 20:30:00.000 +0100,W,k,Kwartierwaarden voor belastingtransformator
3 008 678,22cad64d-b7f0-44a3-a0dd-38bb60e69cad,54.00,2026-02-24 20:45:00.000 +0100,W,k,Kwartierwaarden voor belastingtransformator
3 008 678,22cad64d-b7f0-44a3-a0dd-38bb60e69cad,52.00,2026-02-24 21:00:00.000 +0100,W,k,Kwartierwaarden voor belastingtransformator
3 008 678,22cad64d-b7f0-44a3-a0dd-38bb60e69cad,51.00,2026-02-24 21:15:00.000 +0100,W,k,Kwartierwaarden voor belastingtransformator
3 008 678,22cad64d-b7f0-44a3-a0dd-38bb60e69cad,50.00,2026-02-24 21:30:00.000 +0100,W,k,Kwartierwaarden voor belastingtransformator
3 008 678,22cad64d-b7f0-44a3-a0dd-38bb60e69cad,48.00,2026-02-24 21:45:00.000 +0100,W,k,Kwartierwaarden voor belastingtransformator
3 008 678,22cad64d-b7f0-44a3-a0dd-38bb60e69cad,47.00,2026-02-24 22:00:00.000 +0100,W,k,Kwartierwaarden voor belastingtransformator
3 008 678,22cad64d-b7f0-44a3-a0dd-38bb60e69cad,45.00,2026-02-24 22:15:00.000 +0100,W,k,Kwartierwaarden voor belastingtransformator
3 008 678,22cad64d-b7f0-44a3-a0dd-38bb60e69cad,44.00,2026-02-24 22:30:00.000 +0100,W,k,Kwartierwaarden voor belastingtransformator
3 008 678,22cad64d-b7f0-44a3-a0dd-38bb60e69cad,42.00,2026-02-24 22:45:00.000 +0100,W,k,Kwartierwaarden voor belastingtransformator
3 008 678,22cad64d-b7f0-44a3-a0dd-38bb60e69cad,41.00,2026-02-24 23:00:00.000 +0100,W,k,Kwartierwaarden voor belastingtransformator
3 008 678,22cad64d-b7f0-44a3-a0dd-38bb60e69cad,40.00,2026-02-24 23:15:00.000 +0100,W,k,Kwartierwaarden voor belastingtransformator
3 008 678,22cad64d-b7f0-44a3-a0dd-38bb60e69cad,39.00,2026-02-24 23:30:00.000 +0100,W,k,Kwartierwaarden voor belastingtransformator
3 008 678,22cad64d-b7f0-44a3-a0dd-38bb60e69cad,38.00,2026-02-24 23:45:00.000 +0100,W,k,Kwartierwaarden voor belastingtransformator
3 008 678,22cad64d-b7f0-44a3-a0dd-38bb60e69cad,37.00,2026-02-25 00:00:00.000 +0100,W,k,Kwartierwaarden voor belastingtransformator
3 008 678,22cad64d-b7f0-44a3-a0dd-38bb60e69cad,36.00,2026-02-25 00:15:00.000 +0100,W,k,Kwartierwaarden voor belastingtransformator
3 008 678,22cad64d-b7f0-44a3-a0dd-38bb60e69cad,35.00,2026-02-25 00:30:00.000 +0100,W,k,Kwartierwaarden voor belastingtransformator
3 008 678,22cad64d-b7f0-44a3-a0dd-38bb60e69cad,35.00,2026-02-25 00:45:00.000 +0100,W,k,Kwartierwaarden voor belastingtransformator
3 008 678,22cad64d-b7f0-44a3-a0dd-38bb60e69cad,34.00,2026-02-25 01:00:00.000 +0100,W,k,Kwartierwaarden voor belastingtransformator
3 008 678,22cad64d-b7f0-44a3-a0dd-38bb60e69cad,34.00,2026-02-25 01:15:00.000 +0100,W,k,Kwartierwaarden voor belastingtransformator
3 008 678,22cad64d-b7f0-44a3-a0dd-38bb60e69cad,33.00,2026-02-25 01:30:00.000 +0100,W,k,Kwartierwaarden voor belastingtransformator
3 008 678,22cad64d-b7f0-44a3-a0dd-38bb60e69cad,33.00,2026-02-25 01:45:00.000 +0100,W,k,Kwartierwaarden voor belastingtransformator
3 008 678,22cad64d-b7f0-44a3-a0dd-38bb60e69cad,33.00,2026-02-25 02:00:00.000 +0100,W,k,Kwartierwaarden voor belastingtransformator
3 008 678,22cad64d-b7f0-44a3-a0dd-38bb60e69cad,32.00,2026-02-25 02:15:00.000 +0100,W,k,Kwartierwaarden voor belastingtransformator
3 008 678,22cad64d-b7f0-44a3-a0dd-38bb60e69cad,32.00,2026-02-25 02:30:00.000 +0100,W,k,Kwartierwaarden voor belastingtransformator
3 008 678,22cad64d-b7f0-44a3-a0dd-38bb60e69cad,32.00,2026-02-25 02:45:00.000 +0100,W,k,Kwartierwaarden voor belastingtransformator
3 008 678,22cad64d-b7f0-44a3-a0dd-38bb60e69cad,32.00,2026-02-25 03:00:00.000 +0100,W,k,Kwartierwaarden voor belastingtransformator
3 008 678,22cad64d-b7f0-44a3-a0dd-38bb60e69cad,32.00,2026-02-25 03:15:00.000 +0100,W,k,Kwartierwaarden voor belastingtransformator
3 008 678,22cad64d-b7f0-44a3-a0dd-38bb60e69cad,32.00,2026-02-25 03:30:00.000 +0100,W,k,Kwartierwaarden voor belastingtransformator
3 008 678,22cad64d-b7f0-44a3-a0dd-38bb60e69cad,32.00,2026-02-25 03:45:00.000 +0100,W,k,Kwartierwaarden voor belastingtransformator
3 008 678,22cad64d-b7f0-44a3-a0dd-38bb60e69cad,32.00,2026-02-25 04:00:00.000 +0100,W,k,Kwartierwaarden voor belastingtransformator
3 008 678,22cad64d-b7f0-44a3-a0dd-38bb60e69cad,32.00,2026-02-25 04:15:00.000 +0100,W,k,Kwartierwaarden voor belastingtransformator
3 008 678,22cad64d-b7f0-44a3-a0dd-38bb60e69cad,33.00,2026-02-25 04:30:00.000 +0100,W,k,Kwartierwaarden voor belastingtransformator
3 008 678,22cad64d-b7f0-44a3-a0dd-38bb60e69cad,34.00,2026-02-25 04:45:00.000 +0100,W,k,Kwartierwaarden voor belastingtransformator
3 008 678,22cad64d-b7f0-44a3-a0dd-38bb60e69cad,35.00,2026-02-25 05:00:00.000 +0100,W,k,Kwartierwaarden voor belastingtransformator
3 008 678,22cad64d-b7f0-44a3-a0dd-38bb60e69cad,36.00,2026-02-25 05:15:00.000 +0100,W,k,Kwartierwaarden voor belastingtransformator
3 008 678,22cad64d-b7f0-44a3-a0dd-38bb60e69cad,37.00,2026-02-25 05:30:00.000 +0100,W,k,Kwartierwaarden voor belastingtransformator
3 008 678,22cad64d-b7f0-44a3-a0dd-38bb60e69cad,39.00,2026-02-25 05:45:00.000 +0100,W,k,Kwartierwaarden voor belastingtransformator
3 008 678,22cad64d-b7f0-44a3-a0dd-38bb60e69cad,41.00,2026-02-25 06:00:00.000 +0100,W,k,Kwartierwaarden voor belastingtransformator
3 008 678,22cad64d-b7f0-44a3-a0dd-38bb60e69cad,43.00,2026-02-25 06:15:00.000 +0100,W,k,Kwartierwaarden voor belastingtransformator
3 008 678,22cad64d-b7f0-44a3-a0dd-38bb60e69cad,44.00,2026-02-25 06:30:00.000 +0100,W,k,Kwartierwaarden voor belastingtransformator
3 008 678,22cad64d-b7f0-44a3-a0dd-38bb60e69cad,44.00,2026-02-25 06:45:00.000 +0100,W,k,Kwartierwaarden voor belastingtransformator
3 008 678,22cad64d-b7f0-44a3-a0dd-38bb60e69cad,44.00,2026-02-25 07:00:00.000 +0100,W,k,Kwartierwaarden voor belastingtransformator
3 008 678,22cad64d-b7f0-44a3-a0dd-38bb60e69cad,38.00,2026-02-25 07:15:00.000 +0100,W,k,Kwartierwaarden voor belastingtransformator
3 008 678,22cad64d-b7f0-44a3-a0dd-38bb60e69cad,32.00,2026-02-25 07:30:00.000 +0100,W,k,Kwartierwaarden voor belastingtransformator
3 008 678,22cad64d-b7f0-44a3-a0dd-38bb60e69cad,26.00,2026-02-25 07:45:00.000 +0100,W,k,Kwartierwaarden voor belastingtransformator
3 008 678,22cad64d-b7f0-44a3-a0dd-38bb60e69cad,20.00,2026-02-25 08:00:00.000 +0100,W,k,Kwartierwaarden voor belastingtransformator
3 008 678,22cad64d-b7f0-44a3-a0dd-38bb60e69cad,10.00,2026-02-25 08:15:00.000 +0100,W,k,Kwartierwaarden voor belastingtransformator
3 008 678,22cad64d-b7f0-44a3-a0dd-38bb60e69cad,0.00,2026-02-25 08:30:00.000 +0100,W,k,Kwartierwaarden voor belastingtransformator
3 008 678,22cad64d-b7f0-44a3-a0dd-38bb60e69cad,-11.00,2026-02-25 08:45:00.000 +0100,W,k,Kwartierwaarden voor belastingtransformator
3 008 678,22cad64d-b7f0-44a3-a0dd-38bb60e69cad,-21.00,2026-02-25 09:00:00.000 +0100,W,k,Kwartierwaarden voor belastingtransformator
3 008 678,22cad64d-b7f0-44a3-a0dd-38bb60e69cad,-30.00,2026-02-25 09:15:00.000 +0100,W,k,Kwartierwaarden voor belastingtransformator
3 008 678,22cad64d-b7f0-44a3-a0dd-38bb60e69cad,-39.00,2026-02-25 09:30:00.000 +0100,W,k,Kwartierwaarden voor belastingtransformator
3 008 678,22cad64d-b7f0-44a3-a0dd-38bb60e69cad,-48.00,2026-02-25 09:45:00.000 +0100,W,k,Kwartierwaarden voor belastingtransformator
3 008 678,22cad64d-b7f0-44a3-a0dd-38bb60e69cad,-56.00,2026-02-25 10:00:00.000 +0100,W,k,Kwartierwaarden voor belastingtransformator
3 008 678,22cad64d-b7f0-44a3-a0dd-38bb60e69cad,-61.00,2026-02-25 10:15:00.000 +0100,W,k,Kwartierwaarden voor belastingtransformator
3 008 678,22cad64d-b7f0-44a3-a0dd-38bb60e69cad,-66.00,2026-02-25 10:30:00.000 +0100,W,k,Kwartierwaarden voor belastingtransformator
3 008 678,22cad64d-b7f0-44a3-a0dd-38bb60e69cad,-69.00,2026-02-25 10:45:00.000 +0100,W,k,Kwartierwaarden voor belastingtransformator
3 008 678,22cad64d-b7f0-44a3-a0dd-38bb60e69cad,-73.00,2026-02-25 11:00:00.000 +0100,W,k,Kwartierwaarden voor belastingtransformator
3 008 678,22cad64d-b7f0-44a3-a0dd-38bb60e69cad,-74.00,2026-02-25 11:15:00.000 +0100,W,k,Kwartierwaarden voor belastingtransformator
3 008 678,22cad64d-b7f0-44a3-a0dd-38bb60e69cad,-75.00,2026-02-25 11:30:00.000 +0100,W,k,Kwartierwaarden voor belastingtransformator
3 008 678,22cad64d-b7f0-44a3-a0dd-38bb60e69cad,-75.00,2026-02-25 11:45:00.000 +0100,W,k,Kwartierwaarden voor belastingtransformator
3 008 678,22cad64d-b7f0-44a3-a0dd-38bb60e69cad,-76.00,2026-02-25 12:00:00.000 +0100,W,k,Kwartierwaarden voor belastingtransformator
3 008 678,22cad64d-b7f0-44a3-a0dd-38bb60e69cad,-75.00,2026-02-25 12:15:00.000 +0100,W,k,Kwartierwaarden voor belastingtransformator
3 008 678,22cad64d-b7f0-44a3-a0dd-38bb60e69cad,-73.00,2026-02-25 12:30:00.000 +0100,W,k,Kwartierwaarden voor belastingtransformator
3 008 678,22cad64d-b7f0-44a3-a0dd-38bb60e69cad,-71.00,2026-02-25 12:45:00.000 +0100,W,k,Kwartierwaarden voor belastingtransformator
3 008 678,22cad64d-b7f0-44a3-a0dd-38bb60e69cad,-69.00,2026-02-25 13:00:00.000 +0100,W,k,Kwartierwaarden voor belastingtransformator
3 008 678,22cad64d-b7f0-44a3-a0dd-38bb60e69cad,-65.00,2026-02-25 13:15:00.000 +0100,W,k,Kwartierwaarden voor belastingtransformator
3 008 678,22cad64d-b7f0-44a3-a0dd-38bb60e69cad,-60.00,2026-02-25 13:30:00.000 +0100,W,k,Kwartierwaarden voor belastingtransformator
3 008 678,22cad64d-b7f0-44a3-a0dd-38bb60e69cad,-55.00,2026-02-25 13:45:00.000 +0100,W,k,Kwartierwaarden voor belastingtransformator
3 008 678,22cad64d-b7f0-44a3-a0dd-38bb60e69cad,-50.00,2026-02-25 14:00:00.000 +0100,W,k,Kwartierwaarden voor belastingtransformator
3 008 678,22cad64d-b7f0-44a3-a0dd-38bb60e69cad,-43.00,2026-02-25 14:15:00.000 +0100,W,k,Kwartierwaarden voor belastingtransformator
3 008 678,22cad64d-b7f0-44a3-a0dd-38bb60e69cad,-35.00,2026-02-25 14:30:00.000 +0100,W,k,Kwartierwaarden voor belastingtransformator
3 008 678,22cad64d-b7f0-44a3-a0dd-38bb60e69cad,-27.00,2026-02-25 14:45:00.000 +0100,W,k,Kwartierwaarden voor belastingtransformator
3 008 678,22cad64d-b7f0-44a3-a0dd-38bb60e69cad,-19.00,2026-02-25 15:00:00.000 +0100,W,k,Kwartierwaarden voor belastingtransformator
3 008 678,22cad64d-b7f0-44a3-a0dd-38bb60e69cad,-10.00,2026-02-25 15:15:00.000 +0100,W,k,Kwartierwaarden voor belastingtransformator
3 008 678,22cad64d-b7f0-44a3-a0dd-38bb60e69cad,0.00,2026-02-25 15:30:00.000 +0100,W,k,Kwartierwaarden voor belastingtransformator
3 008 678,22cad64d-b7f0-44a3-a0dd-38bb60e69cad,11.00,2026-02-25 15:45:00.000 +0100,W,k,Kwartierwaarden voor belastingtransformator
3 008 678,22cad64d-b7f0-44a3-a0dd-38bb60e69cad,24.00,2026-02-25 16:00:00.000 +0100,W,k,Kwartierwaarden voor belastingtransformator
3 008 678,22cad64d-b7f0-44a3-a0dd-38bb60e69cad,36.00,2026-02-25 16:15:00.000 +0100,W,k,Kwartierwaarden voor belastingtransformator
3 008 678,22cad64d-b7f0-44a3-a0dd-38bb60e69cad,46.00,2026-02-25 16:30:00.000 +0100,W,k,Kwartierwaarden voor belastingtransformator
3 008 678,22cad64d-b7f0-44a3-a0dd-38bb60e69cad,55.00,2026-02-25 16:45:00.000 +0100,W,k,Kwartierwaarden voor belastingtransformator
3 008 678,22cad64d-b7f0-44a3-a0dd-38bb60e69cad,61.00,2026-02-25 17:00:00.000 +0100,W,k,Kwartierwaarden voor belastingtransformator
3 008 678,22cad64d-b7f0-44a3-a0dd-38bb60e69cad,62.00,2026-02-25 17:15:00.000 +0100,W,k,Kwartierwaarden voor belastingtransformator
3 008 678,22cad64d-b7f0-44a3-a0dd-38bb60e69cad,64.00,2026-02-25 17:30:00.000 +0100,W,k,Kwartierwaarden voor belastingtransformator
3 008 678,22cad64d-b7f0-44a3-a0dd-38bb60e69cad,65.00,2026-02-25 17:45:00.000 +0100,W,k,Kwartierwaarden voor belastingtransformator
3 008 678,22cad64d-b7f0-44a3-a0dd-38bb60e69cad,65.00,2026-02-25 18:00:00.000 +0100,W,k,Kwartierwaarden voor belastingtransformator
3 008 678,22cad64d-b7f0-44a3-a0dd-38bb60e69cad,64.00,2026-02-25 18:15:00.000 +0100,W,k,Kwartierwaarden voor belastingtransformator
3 008 678,22cad64d-b7f0-44a3-a0dd-38bb60e69cad,63.00,2026-02-25 18:30:00.000 +0100,W,k,Kwartierwaarden voor belastingtransformator
3 008 678,22cad64d-b7f0-44a3-a0dd-38bb60e69cad,62.00,2026-02-25 18:45:00.000 +0100,W,k,Kwartierwaarden voor belastingtransformator
3 008 678,22cad64d-b7f0-44a3-a0dd-38bb60e69cad,61.00,2026-02-25 19:00:00.000 +0100,W,k,Kwartierwaarden voor belastingtransformator
3 008 678,22cad64d-b7f0-44a3-a0dd-38bb60e69cad,60.00,2026-02-25 19:15:00.000 +0100,W,k,Kwartierwaarden voor belastingtransformator
3 008 678,22cad64d-b7f0-44a3-a0dd-38bb60e69cad,58.00,2026-02-25 19:30:00.000 +0100,W,k,Kwartierwaarden voor belastingtransformator
3 008 678,22cad64d-b7f0-44a3-a0dd-38bb60e69cad,57.00,2026-02-25 19:45:00.000 +0100,W,k,Kwartierwaarden voor belastingtransformator
3 008 678,22cad64d-b7f0-44a3-a0dd-38bb60e69cad,56.00,2026-02-25 20:00:00.000 +0100,W,k,Kwartierwaarden voor belastingtransformator
3 008 678,22cad64d-b7f0-44a3-a0dd-38bb60e69cad,55.00,2026-02-25 20:15:00.000 +0100,W,k,Kwartierwaarden voor belastingtransformator
3 008 678,22cad64d-b7f0-44a3-a0dd-38bb60e69cad,54.00,2026-02-25 20:30:00.000 +0100,W,k,Kwartierwaarden voor belastingtransformator
3 008 678,22cad64d-b7f0-44a3-a0dd-38bb60e69cad,53.00,2026-02-25 20:45:00.000 +0100,W,k,Kwartierwaarden voor belastingtransformator
3 008 678,22cad64d-b7f0-44a3-a0dd-38bb60e69cad,51.00,2026-02-25 21:00:00.000 +0100,W,k,Kwartierwaarden voor belastingtransformator
3 008 678,22cad64d-b7f0-44a3-a0dd-38bb60e69cad,50.00,2026-02-25 21:15:00.000 +0100,W,k,Kwartierwaarden voor belastingtransformator
3 008 678,22cad64d-b7f0-44a3-a0dd-38bb60e69cad,48.00,2026-02-25 21:30:00.000 +0100,W,k,Kwartierwaarden voor belastingtransformator
3 008 678,22cad64d-b7f0-44a3-a0dd-38bb60e69cad,47.00,2026-02-25 21:45:00.000 +0100,W,k,Kwartierwaarden voor belastingtransformator
3 008 678,22cad64d-b7f0-44a3-a0dd-38bb60e69cad,46.00,2026-02-25 22:00:00.000 +0100,W,k,Kwartierwaarden voor belastingtransformator
3 008 678,22cad64d-b7f0-44a3-a0dd-38bb60e69cad,44.00,2026-02-25 22:15:00.000 +0100,W,k,Kwartierwaarden voor belastingtransformator
3 008 678,22cad64d-b7f0-44a3-a0dd-38bb60e69cad,42.00,2026-02-25 22:30:00.000 +0100,W,k,Kwartierwaarden voor belastingtransformator
3 008 678,22cad64d-b7f0-44a3-a0dd-38bb60e69cad,41.00,2026-02-25 22:45:00.000 +0100,W,k,Kwartierwaarden voor belastingtransformator
3 008 678,22cad64d-b7f0-44a3-a0dd-38bb60e69cad,40.00,2026-02-25 23:00:00.000 +0100,W,k,Kwartierwaarden voor belastingtransformator
3 008 678,22cad64d-b7f0-44a3-a0dd-38bb60e69cad,39.00,2026-02-25 23:15:00.000 +0100,W,k,Kwartierwaarden voor belastingtransformator
3 008 678,22cad64d-b7f0-44a3-a0dd-38bb60e69cad,37.00,2026-02-25 23:30:00.000 +0100,W,k,Kwartierwaarden voor belastingtransformator
3 008 678,22cad64d-b7f0-44a3-a0dd-38bb60e69cad,36.00,2026-02-25 23:45:00.000 +0100,W,k,Kwartierwaarden voor belastingtransformator
3 011 240,d11f8c92-af93-4d0d-bd42-36d1f7f78210,44.00,2026-02-23 00:00:00.000 +0100,W,k,Kwartierwaarden voor belastingtransformator
3 011 240,d11f8c92-af93-4d0d-bd42-36d1f7f78210,43.00,2026-02-23 00:15:00.000 +0100,W,k,Kwartierwaarden voor belastingtransformator
3 011 240,d11f8c92-af93-4d0d-bd42-36d1f7f78210,42.00,2026-02-23 00:30:00.000 +0100,W,k,Kwartierwaarden voor belastingtransformator
3 011 240,d11f8c92-af93-4d0d-bd42-36d1f7f78210,41.00,2026-02-23 00:45:00.000 +0100,W,k,Kwartierwaarden voor belastingtransformator
3 011 240,d11f8c92-af93-4d0d-bd42-36d1f7f78210,40.00,2026-02-23 01:00:00.000 +0100,W,k,Kwartierwaarden voor belastingtransformator
3 011 240,d11f8c92-af93-4d0d-bd42-36d1f7f78210,40.00,2026-02-23 01:15:00.000 +0100,W,k,Kwartierwaarden voor belastingtransformator
3 011 240,d11f8c92-af93-4d0d-bd42-36d1f7f78210,39.00,2026-02-23 01:30:00.000 +0100,W,k,Kwartierwaarden voor belastingtransformator
3 011 240,d11f8c92-af93-4d0d-bd42-36d1f7f78210,38.00,2026-02-23 01:45:00.000 +0100,W,k,Kwartierwaarden voor belastingtransformator
3 011 240,d11f8c92-af93-4d0d-bd42-36d1f7f78210,38.00,2026-02-23 02:00:00.000 +0100,W,k,Kwartierwaarden voor belastingtransformator
3 011 240,d11f8c92-af93-4d0d-bd42-36d1f7f78210,38.00,2026-02-23 02:15:00.000 +0100,W,k,Kwartierwaarden voor belastingtransformator
3 011 240,d11f8c92-af93-4d0d-bd42-36d1f7f78210,38.00,2026-02-23 02:30:00.000 +0100,W,k,Kwartierwaarden voor belastingtransformator
3 011 240,d11f8c92-af93-4d0d-bd42-36d1f7f78210,38.00,2026-02-23 02:45:00.000 +0100,W,k,Kwartierwaarden voor belastingtransformator
3 011 240,d11f8c92-af93-4d0d-bd42-36d1f7f78210,37.00,2026-02-23 03:00:00.000 +0100,W,k,Kwartierwaarden voor belastingtransformator
3 011 240,d11f8c92-af93-4d0d-bd42-36d1f7f78210,37.00,2026-02-23 03:15:00.000 +0100,W,k,Kwartierwaarden voor belastingtransformator
3 011 240,d11f8c92-af93-4d0d-bd42-36d1f7f78210,37.00,2026-02-23 03:30:00.000 +0100,W,k,Kwartierwaarden voor belastingtransformator
3 011 240,d11f8c92-af93-4d0d-bd42-36d1f7f78210,38.00,2026-02-23 03:45:00.000 +0100,W,k,Kwartierwaarden voor belastingtransformator
3 011 240,d11f8c92-af93-4d0d-bd42-36d1f7f78210,38.00,2026-02-23 04:00:00.000 +0100,W,k,Kwartierwaarden voor belastingtransformator
3 011 240,d11f8c92-af93-4d0d-bd42-36d1f7f78210,39.00,2026-02-23 04:15:00.000 +0100,W,k,Kwartierwaarden voor belastingtransformator
3 011 240,d11f8c92-af93-4d0d-bd42-36d1f7f78210,40.00,2026-02-23 04:30:00.000 +0100,W,k,Kwartierwaarden voor belastingtransformator
3 011 240,d11f8c92-af93-4d0d-bd42-36d1f7f78210,42.00,2026-02-23 04:45:00.000 +0100,W,k,Kwartierwaarden voor belastingtransformator
3 011 240,d11f8c92-af93-4d0d-bd42-36d1f7f78210,44.00,2026-02-23 05:00:00.000 +0100,W,k,Kwartierwaarden voor belastingtransformator
3 011 240,d11f8c92-af93-4d0d-bd42-36d1f7f78210,47.00,2026-02-23 05:15:00.000 +0100,W,k,Kwartierwaarden voor belastingtransformator
3 011 240,d11f8c92-af93-4d0d-bd42-36d1f7f78210,51.00,2026-02-23 05:30:00.000 +0100,W,k,Kwartierwaarden voor belastingtransformator
3 011 240,d11f8c92-af93-4d0d-bd42-36d1f7f78210,55.00,2026-02-23 05:45:00.000 +0100,W,k,Kwartierwaarden voor belastingtransformator
3 011 240,d11f8c92-af93-4d0d-bd42-36d1f7f78210,61.00,2026-02-23 06:00:00.000 +0100,W,k,Kwartierwaarden voor belastingtransformator
3 011 240,d11f8c92-af93-4d0d-bd42-36d1f7f78210,64.00,2026-02-23 06:15:00.000 +0100,W,k,Kwartierwaarden voor belastingtransformator
3 011 240,d11f8c92-af93-4d0d-bd42-36d1f7f78210,67.00,2026-02-23 06:30:00.000 +0100,W,k,Kwartierwaarden voor belastingtransformator
3 011 240,d11f8c92-af93-4d0d-bd42-36d1f7f78210,69.00,2026-02-23 06:45:00.000 +0100,W,k,Kwartierwaarden voor belastingtransformator
3 011 240,d11f8c92-af93-4d0d-bd42-36d1f7f78210,70.00,2026-02-23 07:00:00.000 +0100,W,k,Kwartierwaarden voor belastingtransformator
3 011 240,d11f8c92-af93-4d0d-bd42-36d1f7f78210,61.00,2026-02-23 07:15:00.000 +0100,W,k,Kwartierwaarden voor belastingtransformator
3 011 240,d11f8c92-af93-4d0d-bd42-36d1f7f78210,52.00,2026-02-23 07:30:00.000 +0100,W,k,Kwartierwaarden voor belastingtransformator
3 011 240,d11f8c92-af93-4d0d-bd42-36d1f7f78210,44.00,2026-02-23 07:45:00.000 +0100,W,k,Kwartierwaarden voor belastingtransformator
3 011 240,d11f8c92-af93-4d0d-bd42-36d1f7f78210,34.00,2026-02-23 08:00:00.000 +0100,W,k,Kwartierwaarden voor belastingtransformator
3 011 240,d11f8c92-af93-4d0d-bd42-36d1f7f78210,23.00,2026-02-23 08:15:00.000 +0100,W,k,Kwartierwaarden voor belastingtransformator
3 011 240,d11f8c92-af93-4d0d-bd42-36d1f7f78210,11.00,2026-02-23 08:30:00.000 +0100,W,k,Kwartierwaarden voor belastingtransformator
3 011 240,d11f8c92-af93-4d0d-bd42-36d1f7f78210,-1.00,2026-02-23 08:45:00.000 +0100,W,k,Kwartierwaarden voor belastingtransformator
3 011 240,d11f8c92-af93-4d0d-bd42-36d1f7f78210,-15.00,2026-02-23 09:00:00.000 +0100,W,k,Kwartierwaarden voor belastingtransformator
3 011 240,d11f8c92-af93-4d0d-bd42-36d1f7f78210,-12.00,2026-02-23 09:15:00.000 +0100,W,k,Kwartierwaarden voor belastingtransformator
3 011 240,d11f8c92-af93-4d0d-bd42-36d1f7f78210,-10.00,2026-02-23 09:30:00.000 +0100,W,k,Kwartierwaarden voor belastingtransformator
3 011 240,d11f8c92-af93-4d0d-bd42-36d1f7f78210,-7.00,2026-02-23 09:45:00.000 +0100,W,k,Kwartierwaarden voor belastingtransformator
3 011 240,d11f8c92-af93-4d0d-bd42-36d1f7f78210,-3.00,2026-02-23 10:00:00.000 +0100,W,k,Kwartierwaarden voor belastingtransformator
3 011 240,d11f8c92-af93-4d0d-bd42-36d1f7f78210,2.00,2026-02-23 10:15:00.000 +0100,W,k,Kwartierwaarden voor belastingtransformator
3 011 240,d11f8c92-af93-4d0d-bd42-36d1f7f78210,7.00,2026-02-23 10:30:00.000 +0100,W,k,Kwartierwaarden voor belastingtransformator
3 011 240,d11f8c92-af93-4d0d-bd42-36d1f7f78210,13.00,2026-02-23 10:45:00.000 +0100,W,k,Kwartierwaarden voor belastingtransformator
3 011 240,d11f8c92-af93-4d0d-bd42-36d1f7f78210,19.00,2026-02-23 11:00:00.000 +0100,W,k,Kwartierwaarden voor belastingtransformator
3 011 240,d11f8c92-af93-4d0d-bd42-36d1f7f78210,7.00,2026-02-23 11:15:00.000 +0100,W,k,Kwartierwaarden voor belastingtransformator
3 011 240,d11f8c92-af93-4d0d-bd42-36d1f7f78210,-5.00,2026-02-23 11:30:00.000 +0100,W,k,Kwartierwaarden voor belastingtransformator
3 011 240,d11f8c92-af93-4d0d-bd42-36d1f7f78210,-18.00,2026-02-23 11:45:00.000 +0100,W,k,Kwartierwaarden voor belastingtransformator
3 011 240,d11f8c92-af93-4d0d-bd42-36d1f7f78210,-31.00,2026-02-23 12:00:00.000 +0100,W,k,Kwartierwaarden voor belastingtransformator
3 011 240,d11f8c92-af93-4d0d-bd42-36d1f7f78210,-36.00,2026-02-23 12:15:00.000 +0100,W,k,Kwartierwaarden voor belastingtransformator
3 011 240,d11f8c92-af93-4d0d-bd42-36d1f7f78210,-42.00,2026-02-23 12:30:00.000 +0100,W,k,Kwartierwaarden voor belastingtransformator
3 011 240,d11f8c92-af93-4d0d-bd42-36d1f7f78210,-48.00,2026-02-23 12:45:00.000 +0100,W,k,Kwartierwaarden voor belastingtransformator
3 011 240,d11f8c92-af93-4d0d-bd42-36d1f7f78210,-53.00,2026-02-23 13:00:00.000 +0100,W,k,Kwartierwaarden voor belastingtransformator
3 011 240,d11f8c92-af93-4d0d-bd42-36d1f7f78210,-50.00,2026-02-23 13:15:00.000 +0100,W,k,Kwartierwaarden voor belastingtransformator
3 011 240,d11f8c92-af93-4d0d-bd42-36d1f7f78210,-47.00,2026-02-23 13:30:00.000 +0100,W,k,Kwartierwaarden voor belastingtransformator
3 011 240,d11f8c92-af93-4d0d-bd42-36d1f7f78210,-43.00,2026-02-23 13:45:00.000 +0100,W,k,Kwartierwaarden voor belastingtransformator
3 011 240,d11f8c92-af93-4d0d-bd42-36d1f7f78210,-39.00,2026-02-23 14:00:00.000 +0100,W,k,Kwartierwaarden voor belastingtransformator
3 011 240,d11f8c92-af93-4d0d-bd42-36d1f7f78210,-30.00,2026-02-23 14:15:00.000 +0100,W,k,Kwartierwaarden voor belastingtransformator
3 011 240,d11f8c92-af93-4d0d-bd42-36d1f7f78210,-20.00,2026-02-23 14:30:00.000 +0100,W,k,Kwartierwaarden voor belastingtransformator
3 011 240,d11f8c92-af93-4d0d-bd42-36d1f7f78210,-10.00,2026-02-23 14:45:00.000 +0100,W,k,Kwartierwaarden voor belastingtransformator
3 011 240,d11f8c92-af93-4d0d-bd42-36d1f7f78210,2.00,2026-02-23 15:00:00.000 +0100,W,k,Kwartierwaarden voor belastingtransformator
3 011 240,d11f8c92-af93-4d0d-bd42-36d1f7f78210,14.00,2026-02-23 15:15:00.000 +0100,W,k,Kwartierwaarden voor belastingtransformator
3 011 240,d11f8c92-af93-4d0d-bd42-36d1f7f78210,28.00,2026-02-23 15:30:00.000 +0100,W,k,Kwartierwaarden voor belastingtransformator
3 011 240,d11f8c92-af93-4d0d-bd42-36d1f7f78210,43.00,2026-02-23 15:45:00.000 +0100,W,k,Kwartierwaarden voor belastingtransformator
3 011 240,d11f8c92-af93-4d0d-bd42-36d1f7f78210,61.00,2026-02-23 16:00:00.000 +0100,W,k,Kwartierwaarden voor belastingtransformator
3 011 240,d11f8c92-af93-4d0d-bd42-36d1f7f78210,80.00,2026-02-23 16:15:00.000 +0100,W,k,Kwartierwaarden voor belastingtransformator
3 011 240,d11f8c92-af93-4d0d-bd42-36d1f7f78210,98.00,2026-02-23 16:30:00.000 +0100,W,k,Kwartierwaarden voor belastingtransformator
3 011 240,d11f8c92-af93-4d0d-bd42-36d1f7f78210,112.00,2026-02-23 16:45:00.000 +0100,W,k,Kwartierwaarden voor belastingtransformator
3 011 240,d11f8c92-af93-4d0d-bd42-36d1f7f78210,123.00,2026-02-23 17:00:00.000 +0100,W,k,Kwartierwaarden voor belastingtransformator
3 011 240,d11f8c92-af93-4d0d-bd42-36d1f7f78210,123.00,2026-02-23 17:15:00.000 +0100,W,k,Kwartierwaarden voor belastingtransformator
3 011 240,d11f8c92-af93-4d0d-bd42-36d1f7f78210,123.00,2026-02-23 17:30:00.000 +0100,W,k,Kwartierwaarden voor belastingtransformator
3 011 240,d11f8c92-af93-4d0d-bd42-36d1f7f78210,122.00,2026-02-23 17:45:00.000 +0100,W,k,Kwartierwaarden voor belastingtransformator
3 011 240,d11f8c92-af93-4d0d-bd42-36d1f7f78210,119.00,2026-02-23 18:00:00.000 +0100,W,k,Kwartierwaarden voor belastingtransformator
3 011 240,d11f8c92-af93-4d0d-bd42-36d1f7f78210,116.00,2026-02-23 18:15:00.000 +0100,W,k,Kwartierwaarden voor belastingtransformator
3 011 240,d11f8c92-af93-4d0d-bd42-36d1f7f78210,113.00,2026-02-23 18:30:00.000 +0100,W,k,Kwartierwaarden voor belastingtransformator
3 011 240,d11f8c92-af93-4d0d-bd42-36d1f7f78210,112.00,2026-02-23 18:45:00.000 +0100,W,k,Kwartierwaarden voor belastingtransformator
3 011 240,d11f8c92-af93-4d0d-bd42-36d1f7f78210,108.00,2026-02-23 19:00:00.000 +0100,W,k,Kwartierwaarden voor belastingtransformator
3 011 240,d11f8c92-af93-4d0d-bd42-36d1f7f78210,105.00,2026-02-23 19:15:00.000 +0100,W,k,Kwartierwaarden voor belastingtransformator
3 011 240,d11f8c92-af93-4d0d-bd42-36d1f7f78210,102.00,2026-02-23 19:30:00.000 +0100,W,k,Kwartierwaarden voor belastingtransformator
3 011 240,d11f8c92-af93-4d0d-bd42-36d1f7f78210,98.00,2026-02-23 19:45:00.000 +0100,W,k,Kwartierwaarden voor belastingtransformator
3 011 240,d11f8c92-af93-4d0d-bd42-36d1f7f78210,95.00,2026-02-23 20:00:00.000 +0100,W,k,Kwartierwaarden voor belastingtransformator
3 011 240,d11f8c92-af93-4d0d-bd42-36d1f7f78210,92.00,2026-02-23 20:15:00.000 +0100,W,k,Kwartierwaarden voor belastingtransformator
3 011 240,d11f8c92-af93-4d0d-bd42-36d1f7f78210,89.00,2026-02-23 20:30:00.000 +0100,W,k,Kwartierwaarden voor belastingtransformator
3 011 240,d11f8c92-af93-4d0d-bd42-36d1f7f78210,86.00,2026-02-23 20:45:00.000 +0100,W,k,Kwartierwaarden voor belastingtransformator
3 011 240,d11f8c92-af93-4d0d-bd42-36d1f7f78210,82.00,2026-02-23 21:00:00.000 +0100,W,k,Kwartierwaarden voor belastingtransformator
3 011 240,d11f8c92-af93-4d0d-bd42-36d1f7f78210,79.00,2026-02-23 21:15:00.000 +0100,W,k,Kwartierwaarden voor belastingtransformator
3 011 240,d11f8c92-af93-4d0d-bd42-36d1f7f78210,75.00,2026-02-23 21:30:00.000 +0100,W,k,Kwartierwaarden voor belastingtransformator
3 011 240,d11f8c92-af93-4d0d-bd42-36d1f7f78210,71.00,2026-02-23 21:45:00.000 +0100,W,k,Kwartierwaarden voor belastingtransformator
3 011 240,d11f8c92-af93-4d0d-bd42-36d1f7f78210,68.00,2026-02-23 22:00:00.000 +0100,W,k,Kwartierwaarden voor belastingtransformator
3 011 240,d11f8c92-af93-4d0d-bd42-36d1f7f78210,64.00,2026-02-23 22:15:00.000 +0100,W,k,Kwartierwaarden voor belastingtransformator
3 011 240,d11f8c92-af93-4d0d-bd42-36d1f7f78210,61.00,2026-02-23 22:30:00.000 +0100,W,k,Kwartierwaarden voor belastingtransformator
3 011 240,d11f8c92-af93-4d0d-bd42-36d1f7f78210,58.00,2026-02-23 22:45:00.000 +0100,W,k,Kwartierwaarden voor belastingtransformator
3 011 240,d11f8c92-af93-4d0d-bd42-36d1f7f78210,55.00,2026-02-23 23:00:00.000 +0100,W,k,Kwartierwaarden voor belastingtransformator
3 011 240,d11f8c92-af93-4d0d-bd42-36d1f7f78210,53.00,2026-02-23 23:15:00.000 +0100,W,k,Kwartierwaarden voor belastingtransformator
3 011 240,d11f8c92-af93-4d0d-bd42-36d1f7f78210,50.00,2026-02-23 23:30:00.000 +0100,W,k,Kwartierwaarden voor belastingtransformator
3 011 240,d11f8c92-af93-4d0d-bd42-36d1f7f78210,48.00,2026-02-23 23:45:00.000 +0100,W,k,Kwartierwaarden voor belastingtransformator
3 011 240,d11f8c92-af93-4d0d-bd42-36d1f7f78210,47.00,2026-02-24 00:00:00.000 +0100,W,k,Kwartierwaarden voor belastingtransformator
3 011 240,d11f8c92-af93-4d0d-bd42-36d1f7f78210,46.00,2026-02-24 00:15:00.000 +0100,W,k,Kwartierwaarden voor belastingtransformator
3 011 240,d11f8c92-af93-4d0d-bd42-36d1f7f78210,44.00,2026-02-24 00:30:00.000 +0100,W,k,Kwartierwaarden voor belastingtransformator
3 011 240,d11f8c92-af93-4d0d-bd42-36d1f7f78210,43.00,2026-02-24 00:45:00.000 +0100,W,k,Kwartierwaarden voor belastingtransformator
3 011 240,d11f8c92-af93-4d0d-bd42-36d1f7f78210,42.00,2026-02-24 01:00:00.000 +0100,W,k,Kwartierwaarden voor belastingtransformator
3 011 240,d11f8c92-af93-4d0d-bd42-36d1f7f78210,42.00,2026-02-24 01:15:00.000 +0100,W,k,Kwartierwaarden voor belastingtransformator
3 011 240,d11f8c92-af93-4d0d-bd42-36d1f7f78210,41.00,2026-02-24 01:30:00.000 +0100,W,k,Kwartierwaarden voor belastingtransformator
3 011 240,d11f8c92-af93-4d0d-bd42-36d1f7f78210,40.00,2026-02-24 01:45:00.000 +0100,W,k,Kwartierwaarden voor belastingtransformator
3 011 240,d11f8c92-af93-4d0d-bd42-36d1f7f78210,40.00,2026-02-24 02:00:00.000 +0100,W,k,Kwartierwaarden voor belastingtransformator
3 011 240,d11f8c92-af93-4d0d-bd42-36d1f7f78210,40.00,2026-02-24 02:15:00.000 +0100,W,k,Kwartierwaarden voor belastingtransformator
3 011 240,d11f8c92-af93-4d0d-bd42-36d1f7f78210,39.00,2026-02-24 02:30:00.000 +0100,W,k,Kwartierwaarden voor belastingtransformator
3 011 240,d11f8c92-af93-4d0d-bd42-36d1f7f78210,39.00,2026-02-24 02:45:00.000 +0100,W,k,Kwartierwaarden voor belastingtransformator
3 011 240,d11f8c92-af93-4d0d-bd42-36d1f7f78210,39.00,2026-02-24 03:00:00.000 +0100,W,k,Kwartierwaarden voor belastingtransformator
3 011 240,d11f8c92-af93-4d0d-bd42-36d1f7f78210,39.00,2026-02-24 03:15:00.000 +0100,W,k,Kwartierwaarden voor belastingtransformator
3 011 240,d11f8c92-af93-4d0d-bd42-36d1f7f78210,39.00,2026-02-24 03:30:00.000 +0100,W,k,Kwartierwaarden voor belastingtransformator
3 011 240,d11f8c92-af93-4d0d-bd42-36d1f7f78210,39.00,2026-02-24 03:45:00.000 +0100,W,k,Kwartierwaarden voor belastingtransformator
3 011 240,d11f8c92-af93-4d0d-bd42-36d1f7f78210,40.00,2026-02-24 04:00:00.000 +0100,W,k,Kwartierwaarden voor belastingtransformator
3 011 240,d11f8c92-af93-4d0d-bd42-36d1f7f78210,40.00,2026-02-24 04:15:00.000 +0100,W,k,Kwartierwaarden voor belastingtransformator
3 011 240,d11f8c92-af93-4d0d-bd42-36d1f7f78210,42.00,2026-02-24 04:30:00.000 +0100,W,k,Kwartierwaarden voor belastingtransformator
3 011 240,d11f8c92-af93-4d0d-bd42-36d1f7f78210,43.00,2026-02-24 04:45:00.000 +0100,W,k,Kwartierwaarden voor belastingtransformator
3 011 240,d11f8c92-af93-4d0d-bd42-36d1f7f78210,46.00,2026-02-24 05:00:00.000 +0100,W,k,Kwartierwaarden voor belastingtransformator
3 011 240,d11f8c92-af93-4d0d-bd42-36d1f7f78210,49.00,2026-02-24 05:15:00.000 +0100,W,k,Kwartierwaarden voor belastingtransformator
3 011 240,d11f8c92-af93-4d0d-bd42-36d1f7f78210,53.00,2026-02-24 05:30:00.000 +0100,W,k,Kwartierwaarden voor belastingtransformator
3 011 240,d11f8c92-af93-4d0d-bd42-36d1f7f78210,57.00,2026-02-24 05:45:00.000 +0100,W,k,Kwartierwaarden voor belastingtransformator
3 011 240,d11f8c92-af93-4d0d-bd42-36d1f7f78210,63.00,2026-02-24 06:00:00.000 +0100,W,k,Kwartierwaarden voor belastingtransformator
3 011 240,d11f8c92-af93-4d0d-bd42-36d1f7f78210,68.00,2026-02-24 06:15:00.000 +0100,W,k,Kwartierwaarden voor belastingtransformator
3 011 240,d11f8c92-af93-4d0d-bd42-36d1f7f78210,71.00,2026-02-24 06:30:00.000 +0100,W,k,Kwartierwaarden voor belastingtransformator
3 011 240,d11f8c92-af93-4d0d-bd42-36d1f7f78210,72.00,2026-02-24 06:45:00.000 +0100,W,k,Kwartierwaarden voor belastingtransformator
3 011 240,d11f8c92-af93-4d0d-bd42-36d1f7f78210,71.00,2026-02-24 07:00:00.000 +0100,W,k,Kwartierwaarden voor belastingtransformator
3 011 240,d11f8c92-af93-4d0d-bd42-36d1f7f78210,69.00,2026-02-24 07:15:00.000 +0100,W,k,Kwartierwaarden voor belastingtransformator
3 011 240,d11f8c92-af93-4d0d-bd42-36d1f7f78210,68.00,2026-02-24 07:30:00.000 +0100,W,k,Kwartierwaarden voor belastingtransformator
3 011 240,d11f8c92-af93-4d0d-bd42-36d1f7f78210,68.00,2026-02-24 07:45:00.000 +0100,W,k,Kwartierwaarden voor belastingtransformator
3 011 240,d11f8c92-af93-4d0d-bd42-36d1f7f78210,67.00,2026-02-24 08:00:00.000 +0100,W,k,Kwartierwaarden voor belastingtransformator
3 011 240,d11f8c92-af93-4d0d-bd42-36d1f7f78210,66.00,2026-02-24 08:15:00.000 +0100,W,k,Kwartierwaarden voor belastingtransformator
3 011 240,d11f8c92-af93-4d0d-bd42-36d1f7f78210,66.00,2026-02-24 08:30:00.000 +0100,W,k,Kwartierwaarden voor belastingtransformator
3 011 240,d11f8c92-af93-4d0d-bd42-36d1f7f78210,65.00,2026-02-24 08:45:00.000 +0100,W,k,Kwartierwaarden voor belastingtransformator
3 011 240,d11f8c92-af93-4d0d-bd42-36d1f7f78210,64.00,2026-02-24 09:00:00.000 +0100,W,k,Kwartierwaarden voor belastingtransformator
3 011 240,d11f8c92-af93-4d0d-bd42-36d1f7f78210,63.00,2026-02-24 09:15:00.000 +0100,W,k,Kwartierwaarden voor belastingtransformator
3 011 240,d11f8c92-af93-4d0d-bd42-36d1f7f78210,62.00,2026-02-24 09:30:00.000 +0100,W,k,Kwartierwaarden voor belastingtransformator
3 011 240,d11f8c92-af93-4d0d-bd42-36d1f7f78210,61.00,2026-02-24 09:45:00.000 +0100,W,k,Kwartierwaarden voor belastingtransformator
3 011 240,d11f8c92-af93-4d0d-bd42-36d1f7f78210,61.00,2026-02-24 10:00:00.000 +0100,W,k,Kwartierwaarden voor belastingtransformator
3 011 240,d11f8c92-af93-4d0d-bd42-36d1f7f78210,60.00,2026-02-24 10:15:00.000 +0100,W,k,Kwartierwaarden voor belastingtransformator
3 011 240,d11f8c92-af93-4d0d-bd42-36d1f7f78210,60.00,2026-02-24 10:30:00.000 +0100,W,k,Kwartierwaarden voor belastingtransformator
3 011 240,d11f8c92-af93-4d0d-bd42-36d1f7f78210,60.00,2026-02-24 10:45:00.000 +0100,W,k,Kwartierwaarden voor belastingtransformator
3 011 240,d11f8c92-af93-4d0d-bd42-36d1f7f78210,59.00,2026-02-24 11:00:00.000 +0100,W,k,Kwartierwaarden voor belastingtransformator
3 011 240,d11f8c92-af93-4d0d-bd42-36d1f7f78210,58.00,2026-02-24 11:15:00.000 +0100,W,k,Kwartierwaarden voor belastingtransformator
3 011 240,d11f8c92-af93-4d0d-bd42-36d1f7f78210,56.00,2026-02-24 11:30:00.000 +0100,W,k,Kwartierwaarden voor belastingtransformator
3 011 240,d11f8c92-af93-4d0d-bd42-36d1f7f78210,54.00,2026-02-24 11:45:00.000 +0100,W,k,Kwartierwaarden voor belastingtransformator
3 011 240,d11f8c92-af93-4d0d-bd42-36d1f7f78210,52.00,2026-02-24 12:00:00.000 +0100,W,k,Kwartierwaarden voor belastingtransformator
3 011 240,d11f8c92-af93-4d0d-bd42-36d1f7f78210,50.00,2026-02-24 12:15:00.000 +0100,W,k,Kwartierwaarden voor belastingtransformator
3 011 240,d11f8c92-af93-4d0d-bd42-36d1f7f78210,48.00,2026-02-24 12:30:00.000 +0100,W,k,Kwartierwaarden voor belastingtransformator
3 011 240,d11f8c92-af93-4d0d-bd42-36d1f7f78210,46.00,2026-02-24 12:45:00.000 +0100,W,k,Kwartierwaarden voor belastingtransformator
3 011 240,d11f8c92-af93-4d0d-bd42-36d1f7f78210,44.00,2026-02-24 13:00:00.000 +0100,W,k,Kwartierwaarden voor belastingtransformator
3 011 240,d11f8c92-af93-4d0d-bd42-36d1f7f78210,45.00,2026-02-24 13:15:00.000 +0100,W,k,Kwartierwaarden voor belastingtransformator
3 011 240,d11f8c92-af93-4d0d-bd42-36d1f7f78210,46.00,2026-02-24 13:30:00.000 +0100,W,k,Kwartierwaarden voor belastingtransformator
3 011 240,d11f8c92-af93-4d0d-bd42-36d1f7f78210,46.00,2026-02-24 13:45:00.000 +0100,W,k,Kwartierwaarden voor belastingtransformator
3 011 240,d11f8c92-af93-4d0d-bd42-36d1f7f78210,46.00,2026-02-24 14:00:00.000 +0100,W,k,Kwartierwaarden voor belastingtransformator
3 011 240,d11f8c92-af93-4d0d-bd42-36d1f7f78210,46.00,2026-02-24 14:15:00.000 +0100,W,k,Kwartierwaarden voor belastingtransformator
3 011 240,d11f8c92-af93-4d0d-bd42-36d1f7f78210,46.00,2026-02-24 14:30:00.000 +0100,W,k,Kwartierwaarden voor belastingtransformator
3 011 240,d11f8c92-af93-4d0d-bd42-36d1f7f78210,48.00,2026-02-24 14:45:00.000 +0100,W,k,Kwartierwaarden voor belastingtransformator
3 011 240,d11f8c92-af93-4d0d-bd42-36d1f7f78210,50.00,2026-02-24 15:00:00.000 +0100,W,k,Kwartierwaarden voor belastingtransformator
3 011 240,d11f8c92-af93-4d0d-bd42-36d1f7f78210,54.00,2026-02-24 15:15:00.000 +0100,W,k,Kwartierwaarden voor belastingtransformator
3 011 240,d11f8c92-af93-4d0d-bd42-36d1f7f78210,60.00,2026-02-24 15:30:00.000 +0100,W,k,Kwartierwaarden voor belastingtransformator
3 011 240,d11f8c92-af93-4d0d-bd42-36d1f7f78210,68.00,2026-02-24 15:45:00.000 +0100,W,k,Kwartierwaarden voor belastingtransformator
3 011 240,d11f8c92-af93-4d0d-bd42-36d1f7f78210,78.00,2026-02-24 16:00:00.000 +0100,W,k,Kwartierwaarden voor belastingtransformator
3 011 240,d11f8c92-af93-4d0d-bd42-36d1f7f78210,92.00,2026-02-24 16:15:00.000 +0100,W,k,Kwartierwaarden voor belastingtransformator
3 011 240,d11f8c92-af93-4d0d-bd42-36d1f7f78210,104.00,2026-02-24 16:30:00.000 +0100,W,k,Kwartierwaarden voor belastingtransformator
3 011 240,d11f8c92-af93-4d0d-bd42-36d1f7f78210,112.00,2026-02-24 16:45:00.000 +0100,W,k,Kwartierwaarden voor belastingtransformator
3 011 240,d11f8c92-af93-4d0d-bd42-36d1f7f78210,116.00,2026-02-24 17:00:00.000 +0100,W,k,Kwartierwaarden voor belastingtransformator
3 011 240,d11f8c92-af93-4d0d-bd42-36d1f7f78210,118.00,2026-02-24 17:15:00.000 +0100,W,k,Kwartierwaarden voor belastingtransformator
3 011 240,d11f8c92-af93-4d0d-bd42-36d1f7f78210,118.00,2026-02-24 17:30:00.000 +0100,W,k,Kwartierwaarden voor belastingtransformator
3 011 240,d11f8c92-af93-4d0d-bd42-36d1f7f78210,117.00,2026-02-24 17:45:00.000 +0100,W,k,Kwartierwaarden voor belastingtransformator
3 011 240,d11f8c92-af93-4d0d-bd42-36d1f7f78210,115.00,2026-02-24 18:00:00.000 +0100,W,k,Kwartierwaarden voor belastingtransformator
3 011 240,d11f8c92-af93-4d0d-bd42-36d1f7f78210,112.00,2026-02-24 18:15:00.000 +0100,W,k,Kwartierwaarden voor belastingtransformator
3 011 240,d11f8c92-af93-4d0d-bd42-36d1f7f78210,110.00,2026-02-24 18:30:00.000 +0100,W,k,Kwartierwaarden voor belastingtransformator
3 011 240,d11f8c92-af93-4d0d-bd42-36d1f7f78210,108.00,2026-02-24 18:45:00.000 +0100,W,k,Kwartierwaarden voor belastingtransformator
3 011 240,d11f8c92-af93-4d0d-bd42-36d1f7f78210,104.00,2026-02-24 19:00:00.000 +0100,W,k,Kwartierwaarden voor belastingtransformator
3 011 240,d11f8c92-af93-4d0d-bd42-36d1f7f78210,102.00,2026-02-24 19:15:00.000 +0100,W,k,Kwartierwaarden voor belastingtransformator
3 011 240,d11f8c92-af93-4d0d-bd42-36d1f7f78210,98.00,2026-02-24 19:30:00.000 +0100,W,k,Kwartierwaarden voor belastingtransformator
3 011 240,d11f8c92-af93-4d0d-bd42-36d1f7f78210,96.00,2026-02-24 19:45:00.000 +0100,W,k,Kwartierwaarden voor belastingtransformator
3 011 240,d11f8c92-af93-4d0d-bd42-36d1f7f78210,93.00,2026-02-24 20:00:00.000 +0100,W,k,Kwartierwaarden voor belastingtransformator
3 011 240,d11f8c92-af93-4d0d-bd42-36d1f7f78210,90.00,2026-02-24 20:15:00.000 +0100,W,k,Kwartierwaarden voor belastingtransformator
3 011 240,d11f8c92-af93-4d0d-bd42-36d1f7f78210,87.00,2026-02-24 20:30:00.000 +0100,W,k,Kwartierwaarden voor belastingtransformator
3 011 240,d11f8c92-af93-4d0d-bd42-36d1f7f78210,84.00,2026-02-24 20:45:00.000 +0100,W,k,Kwartierwaarden voor belastingtransformator
3 011 240,d11f8c92-af93-4d0d-bd42-36d1f7f78210,81.00,2026-02-24 21:00:00.000 +0100,W,k,Kwartierwaarden voor belastingtransformator
3 011 240,d11f8c92-af93-4d0d-bd42-36d1f7f78210,78.00,2026-02-24 21:15:00.000 +0100,W,k,Kwartierwaarden voor belastingtransformator
3 011 240,d11f8c92-af93-4d0d-bd42-36d1f7f78210,74.00,2026-02-24 21:30:00.000 +0100,W,k,Kwartierwaarden voor belastingtransformator
3 011 240,d11f8c92-af93-4d0d-bd42-36d1f7f78210,71.00,2026-02-24 21:45:00.000 +0100,W,k,Kwartierwaarden voor belastingtransformator
3 011 240,d11f8c92-af93-4d0d-bd42-36d1f7f78210,68.00,2026-02-24 22:00:00.000 +0100,W,k,Kwartierwaarden voor belastingtransformator
3 011 240,d11f8c92-af93-4d0d-bd42-36d1f7f78210,64.00,2026-02-24 22:15:00.000 +0100,W,k,Kwartierwaarden voor belastingtransformator
3 011 240,d11f8c92-af93-4d0d-bd42-36d1f7f78210,61.00,2026-02-24 22:30:00.000 +0100,W,k,Kwartierwaarden voor belastingtransformator
3 011 240,d11f8c92-af93-4d0d-bd42-36d1f7f78210,58.00,2026-02-24 22:45:00.000 +0100,W,k,Kwartierwaarden voor belastingtransformator
3 011 240,d11f8c92-af93-4d0d-bd42-36d1f7f78210,55.00,2026-02-24 23:00:00.000 +0100,W,k,Kwartierwaarden voor belastingtransformator
3 011 240,d11f8c92-af93-4d0d-bd42-36d1f7f78210,52.00,2026-02-24 23:15:00.000 +0100,W,k,Kwartierwaarden voor belastingtransformator
3 011 240,d11f8c92-af93-4d0d-bd42-36d1f7f78210,50.00,2026-02-24 23:30:00.000 +0100,W,k,Kwartierwaarden voor belastingtransformator
3 011 240,d11f8c92-af93-4d0d-bd42-36d1f7f78210,48.00,2026-02-24 23:45:00.000 +0100,W,k,Kwartierwaarden voor belastingtransformator
3 011 240,d11f8c92-af93-4d0d-bd42-36d1f7f78210,47.00,2026-02-25 00:00:00.000 +0100,W,k,Kwartierwaarden voor belastingtransformator
3 011 240,d11f8c92-af93-4d0d-bd42-36d1f7f78210,45.00,2026-02-25 00:15:00.000 +0100,W,k,Kwartierwaarden voor belastingtransformator
3 011 240,d11f8c92-af93-4d0d-bd42-36d1f7f78210,44.00,2026-02-25 00:30:00.000 +0100,W,k,Kwartierwaarden voor belastingtransformator
3 011 240,d11f8c92-af93-4d0d-bd42-36d1f7f78210,43.00,2026-02-25 00:45:00.000 +0100,W,k,Kwartierwaarden voor belastingtransformator
3 011 240,d11f8c92-af93-4d0d-bd42-36d1f7f78210,42.00,2026-02-25 01:00:00.000 +0100,W,k,Kwartierwaarden voor belastingtransformator
3 011 240,d11f8c92-af93-4d0d-bd42-36d1f7f78210,41.00,2026-02-25 01:15:00.000 +0100,W,k,Kwartierwaarden voor belastingtransformator
3 011 240,d11f8c92-af93-4d0d-bd42-36d1f7f78210,40.00,2026-02-25 01:30:00.000 +0100,W,k,Kwartierwaarden voor belastingtransformator
3 011 240,d11f8c92-af93-4d0d-bd42-36d1f7f78210,40.00,2026-02-25 01:45:00.000 +0100,W,k,Kwartierwaarden voor belastingtransformator
3 011 240,d11f8c92-af93-4d0d-bd42-36d1f7f78210,39.00,2026-02-25 02:00:00.000 +0100,W,k,Kwartierwaarden voor belastingtransformator
3 011 240,d11f8c92-af93-4d0d-bd42-36d1f7f78210,39.00,2026-02-25 02:15:00.000 +0100,W,k,Kwartierwaarden voor belastingtransformator
3 011 240,d11f8c92-af93-4d0d-bd42-36d1f7f78210,38.00,2026-02-25 02:30:00.000 +0100,W,k,Kwartierwaarden voor belastingtransformator
3 011 240,d11f8c92-af93-4d0d-bd42-36d1f7f78210,38.00,2026-02-25 02:45:00.000 +0100,W,k,Kwartierwaarden voor belastingtransformator
3 011 240,d11f8c92-af93-4d0d-bd42-36d1f7f78210,38.00,2026-02-25 03:00:00.000 +0100,W,k,Kwartierwaarden voor belastingtransformator
3 011 240,d11f8c92-af93-4d0d-bd42-36d1f7f78210,38.00,2026-02-25 03:15:00.000 +0100,W,k,Kwartierwaarden voor belastingtransformator
3 011 240,d11f8c92-af93-4d0d-bd42-36d1f7f78210,38.00,2026-02-25 03:30:00.000 +0100,W,k,Kwartierwaarden voor belastingtransformator
3 011 240,d11f8c92-af93-4d0d-bd42-36d1f7f78210,38.00,2026-02-25 03:45:00.000 +0100,W,k,Kwartierwaarden voor belastingtransformator
3 011 240,d11f8c92-af93-4d0d-bd42-36d1f7f78210,39.00,2026-02-25 04:00:00.000 +0100,W,k,Kwartierwaarden voor belastingtransformator
3 011 240,d11f8c92-af93-4d0d-bd42-36d1f7f78210,39.00,2026-02-25 04:15:00.000 +0100,W,k,Kwartierwaarden voor belastingtransformator
3 011 240,d11f8c92-af93-4d0d-bd42-36d1f7f78210,40.00,2026-02-25 04:30:00.000 +0100,W,k,Kwartierwaarden voor belastingtransformator
3 011 240,d11f8c92-af93-4d0d-bd42-36d1f7f78210,42.00,2026-02-25 04:45:00.000 +0100,W,k,Kwartierwaarden voor belastingtransformator
3 011 240,d11f8c92-af93-4d0d-bd42-36d1f7f78210,45.00,2026-02-25 05:00:00.000 +0100,W,k,Kwartierwaarden voor belastingtransformator
3 011 240,d11f8c92-af93-4d0d-bd42-36d1f7f78210,47.00,2026-02-25 05:15:00.000 +0100,W,k,Kwartierwaarden voor belastingtransformator
3 011 240,d11f8c92-af93-4d0d-bd42-36d1f7f78210,51.00,2026-02-25 05:30:00.000 +0100,W,k,Kwartierwaarden voor belastingtransformator
3 011 240,d11f8c92-af93-4d0d-bd42-36d1f7f78210,55.00,2026-02-25 05:45:00.000 +0100,W,k,Kwartierwaarden voor belastingtransformator
3 011 240,d11f8c92-af93-4d0d-bd42-36d1f7f78210,61.00,2026-02-25 06:00:00.000 +0100,W,k,Kwartierwaarden voor belastingtransformator
3 011 240,d11f8c92-af93-4d0d-bd42-36d1f7f78210,65.00,2026-02-25 06:15:00.000 +0100,W,k,Kwartierwaarden voor belastingtransformator
3 011 240,d11f8c92-af93-4d0d-bd42-36d1f7f78210,68.00,2026-02-25 06:30:00.000 +0100,W,k,Kwartierwaarden voor belastingtransformator
3 011 240,d11f8c92-af93-4d0d-bd42-36d1f7f78210,71.00,2026-02-25 06:45:00.000 +0100,W,k,Kwartierwaarden voor belastingtransformator
3 011 240,d11f8c92-af93-4d0d-bd42-36d1f7f78210,71.00,2026-02-25 07:00:00.000 +0100,W,k,Kwartierwaarden voor belastingtransformator
3 011 240,d11f8c92-af93-4d0d-bd42-36d1f7f78210,63.00,2026-02-25 07:15:00.000 +0100,W,k,Kwartierwaarden voor belastingtransformator
3 011 240,d11f8c92-af93-4d0d-bd42-36d1f7f78210,55.00,2026-02-25 07:30:00.000 +0100,W,k,Kwartierwaarden voor belastingtransformator
3 011 240,d11f8c92-af93-4d0d-bd42-36d1f7f78210,47.00,2026-02-25 07:45:00.000 +0100,W,k,Kwartierwaarden voor belastingtransformator
3 011 240,d11f8c92-af93-4d0d-bd42-36d1f7f78210,38.00,2026-02-25 08:00:00.000 +0100,W,k,Kwartierwaarden voor belastingtransformator
3 011 240,d11f8c92-af93-4d0d-bd42-36d1f7f78210,23.00,2026-02-25 08:15:00.000 +0100,W,k,Kwartierwaarden voor belastingtransformator
3 011 240,d11f8c92-af93-4d0d-bd42-36d1f7f78210,7.00,2026-02-25 08:30:00.000 +0100,W,k,Kwartierwaarden voor belastingtransformator
3 011 240,d11f8c92-af93-4d0d-bd42-36d1f7f78210,-9.00,2026-02-25 08:45:00.000 +0100,W,k,Kwartierwaarden voor belastingtransformator
3 011 240,d11f8c92-af93-4d0d-bd42-36d1f7f78210,-24.00,2026-02-25 09:00:00.000 +0100,W,k,Kwartierwaarden voor belastingtransformator
3 011 240,d11f8c92-af93-4d0d-bd42-36d1f7f78210,-38.00,2026-02-25 09:15:00.000 +0100,W,k,Kwartierwaarden voor belastingtransformator
3 011 240,d11f8c92-af93-4d0d-bd42-36d1f7f78210,-52.00,2026-02-25 09:30:00.000 +0100,W,k,Kwartierwaarden voor belastingtransformator
3 011 240,d11f8c92-af93-4d0d-bd42-36d1f7f78210,-66.00,2026-02-25 09:45:00.000 +0100,W,k,Kwartierwaarden voor belastingtransformator
3 011 240,d11f8c92-af93-4d0d-bd42-36d1f7f78210,-79.00,2026-02-25 10:00:00.000 +0100,W,k,Kwartierwaarden voor belastingtransformator
3 011 240,d11f8c92-af93-4d0d-bd42-36d1f7f78210,-88.00,2026-02-25 10:15:00.000 +0100,W,k,Kwartierwaarden voor belastingtransformator
3 011 240,d11f8c92-af93-4d0d-bd42-36d1f7f78210,-96.00,2026-02-25 10:30:00.000 +0100,W,k,Kwartierwaarden voor belastingtransformator
3 011 240,d11f8c92-af93-4d0d-bd42-36d1f7f78210,-102.00,2026-02-25 10:45:00.000 +0100,W,k,Kwartierwaarden voor belastingtransformator
3 011 240,d11f8c92-af93-4d0d-bd42-36d1f7f78210,-109.00,2026-02-25 11:00:00.000 +0100,W,k,Kwartierwaarden voor belastingtransformator
3 011 240,d11f8c92-af93-4d0d-bd42-36d1f7f78210,-112.00,2026-02-25 11:15:00.000 +0100,W,k,Kwartierwaarden voor belastingtransformator
3 011 240,d11f8c92-af93-4d0d-bd42-36d1f7f78210,-115.00,2026-02-25 11:30:00.000 +0100,W,k,Kwartierwaarden voor belastingtransformator
3 011 240,d11f8c92-af93-4d0d-bd42-36d1f7f78210,-117.00,2026-02-25 11:45:00.000 +0100,W,k,Kwartierwaarden voor belastingtransformator
3 011 240,d11f8c92-af93-4d0d-bd42-36d1f7f78210,-121.00,2026-02-25 12:00:00.000 +0100,W,k,Kwartierwaarden voor belastingtransformator
3 011 240,d11f8c92-af93-4d0d-bd42-36d1f7f78210,-120.00,2026-02-25 12:15:00.000 +0100,W,k,Kwartierwaarden voor belastingtransformator
3 011 240,d11f8c92-af93-4d0d-bd42-36d1f7f78210,-119.00,2026-02-25 12:30:00.000 +0100,W,k,Kwartierwaarden voor belastingtransformator
3 011 240,d11f8c92-af93-4d0d-bd42-36d1f7f78210,-118.00,2026-02-25 12:45:00.000 +0100,W,k,Kwartierwaarden voor belastingtransformator
3 011 240,d11f8c92-af93-4d0d-bd42-36d1f7f78210,-117.00,2026-02-25 13:00:00.000 +0100,W,k,Kwartierwaarden voor belastingtransformator
3 011 240,d11f8c92-af93-4d0d-bd42-36d1f7f78210,-111.00,2026-02-25 13:15:00.000 +0100,W,k,Kwartierwaarden voor belastingtransformator
3 011 240,d11f8c92-af93-4d0d-bd42-36d1f7f78210,-105.00,2026-02-25 13:30:00.000 +0100,W,k,Kwartierwaarden voor belastingtransformator
3 011 240,d11f8c92-af93-4d0d-bd42-36d1f7f78210,-98.00,2026-02-25 13:45:00.000 +0100,W,k,Kwartierwaarden voor belastingtransformator
3 011 240,d11f8c92-af93-4d0d-bd42-36d1f7f78210,-92.00,2026-02-25 14:00:00.000 +0100,W,k,Kwartierwaarden voor belastingtransformator
3 011 240,d11f8c92-af93-4d0d-bd42-36d1f7f78210,-83.00,2026-02-25 14:15:00.000 +0100,W,k,Kwartierwaarden voor belastingtransformator
3 011 240,d11f8c92-af93-4d0d-bd42-36d1f7f78210,-71.00,2026-02-25 14:30:00.000 +0100,W,k,Kwartierwaarden voor belastingtransformator
3 011 240,d11f8c92-af93-4d0d-bd42-36d1f7f78210,-60.00,2026-02-25 14:45:00.000 +0100,W,k,Kwartierwaarden voor belastingtransformator
3 011 240,d11f8c92-af93-4d0d-bd42-36d1f7f78210,-48.00,2026-02-25 15:00:00.000 +0100,W,k,Kwartierwaarden voor belastingtransformator
3 011 240,d11f8c92-af93-4d0d-bd42-36d1f7f78210,-34.00,2026-02-25 15:15:00.000 +0100,W,k,Kwartierwaarden voor belastingtransformator
3 011 240,d11f8c92-af93-4d0d-bd42-36d1f7f78210,-18.00,2026-02-25 15:30:00.000 +0100,W,k,Kwartierwaarden voor belastingtransformator
3 011 240,d11f8c92-af93-4d0d-bd42-36d1f7f78210,-1.00,2026-02-25 15:45:00.000 +0100,W,k,Kwartierwaarden voor belastingtransformator
3 011 240,d11f8c92-af93-4d0d-bd42-36d1f7f78210,20.00,2026-02-25 16:00:00.000 +0100,W,k,Kwartierwaarden voor belastingtransformator
3 011 240,d11f8c92-af93-4d0d-bd42-36d1f7f78210,46.00,2026-02-25 16:15:00.000 +0100,W,k,Kwartierwaarden voor belastingtransformator
3 011 240,d11f8c92-af93-4d0d-bd42-36d1f7f78210,71.00,2026-02-25 16:30:00.000 +0100,W,k,Kwartierwaarden voor belastingtransformator
3 011 240,d11f8c92-af93-4d0d-bd42-36d1f7f78210,92.00,2026-02-25 16:45:00.000 +0100,W,k,Kwartierwaarden voor belastingtransformator
3 011 240,d11f8c92-af93-4d0d-bd42-36d1f7f78210,109.00,2026-02-25 17:00:00.000 +0100,W,k,Kwartierwaarden voor belastingtransformator
3 011 240,d11f8c92-af93-4d0d-bd42-36d1f7f78210,111.00,2026-02-25 17:15:00.000 +0100,W,k,Kwartierwaarden voor belastingtransformator
3 011 240,d11f8c92-af93-4d0d-bd42-36d1f7f78210,113.00,2026-02-25 17:30:00.000 +0100,W,k,Kwartierwaarden voor belastingtransformator
3 011 240,d11f8c92-af93-4d0d-bd42-36d1f7f78210,114.00,2026-02-25 17:45:00.000 +0100,W,k,Kwartierwaarden voor belastingtransformator
3 011 240,d11f8c92-af93-4d0d-bd42-36d1f7f78210,113.00,2026-02-25 18:00:00.000 +0100,W,k,Kwartierwaarden voor belastingtransformator
3 011 240,d11f8c92-af93-4d0d-bd42-36d1f7f78210,111.00,2026-02-25 18:15:00.000 +0100,W,k,Kwartierwaarden voor belastingtransformator
3 011 240,d11f8c92-af93-4d0d-bd42-36d1f7f78210,108.00,2026-02-25 18:30:00.000 +0100,W,k,Kwartierwaarden voor belastingtransformator
3 011 240,d11f8c92-af93-4d0d-bd42-36d1f7f78210,107.00,2026-02-25 18:45:00.000 +0100,W,k,Kwartierwaarden voor belastingtransformator
3 011 240,d11f8c92-af93-4d0d-bd42-36d1f7f78210,103.00,2026-02-25 19:00:00.000 +0100,W,k,Kwartierwaarden voor belastingtransformator
3 011 240,d11f8c92-af93-4d0d-bd42-36d1f7f78210,101.00,2026-02-25 19:15:00.000 +0100,W,k,Kwartierwaarden voor belastingtransformator
3 011 240,d11f8c92-af93-4d0d-bd42-36d1f7f78210,98.00,2026-02-25 19:30:00.000 +0100,W,k,Kwartierwaarden voor belastingtransformator
3 011 240,d11f8c92-af93-4d0d-bd42-36d1f7f78210,95.00,2026-02-25 19:45:00.000 +0100,W,k,Kwartierwaarden voor belastingtransformator
3 011 240,d11f8c92-af93-4d0d-bd42-36d1f7f78210,91.00,2026-02-25 20:00:00.000 +0100,W,k,Kwartierwaarden voor belastingtransformator
3 011 240,d11f8c92-af93-4d0d-bd42-36d1f7f78210,89.00,2026-02-25 20:15:00.000 +0100,W,k,Kwartierwaarden voor belastingtransformator
3 011 240,d11f8c92-af93-4d0d-bd42-36d1f7f78210,86.00,2026-02-25 20:30:00.000 +0100,W,k,Kwartierwaarden voor belastingtransformator
3 011 240,d11f8c92-af93-4d0d-bd42-36d1f7f78210,84.00,2026-02-25 20:45:00.000 +0100,W,k,Kwartierwaarden voor belastingtransformator
3 011 240,d11f8c92-af93-4d0d-bd42-36d1f7f78210,80.00,2026-02-25 21:00:00.000 +0100,W,k,Kwartierwaarden voor belastingtransformator
3 011 240,d11f8c92-af93-4d0d-bd42-36d1f7f78210,77.00,2026-02-25 21:15:00.000 +0100,W,k,Kwartierwaarden voor belastingtransformator
3 011 240,d11f8c92-af93-4d0d-bd42-36d1f7f78210,74.00,2026-02-25 21:30:00.000 +0100,W,k,Kwartierwaarden voor belastingtransformator
3 011 240,d11f8c92-af93-4d0d-bd42-36d1f7f78210,70.00,2026-02-25 21:45:00.000 +0100,W,k,Kwartierwaarden voor belastingtransformator
3 011 240,d11f8c92-af93-4d0d-bd42-36d1f7f78210,67.00,2026-02-25 22:00:00.000 +0100,W,k,Kwartierwaarden voor belastingtransformator
3 011 240,d11f8c92-af93-4d0d-bd42-36d1f7f78210,64.00,2026-02-25 22:15:00.000 +0100,W,k,Kwartierwaarden voor belastingtransformator
3 011 240,d11f8c92-af93-4d0d-bd42-36d1f7f78210,60.00,2026-02-25 22:30:00.000 +0100,W,k,Kwartierwaarden voor belastingtransformator
3 011 240,d11f8c92-af93-4d0d-bd42-36d1f7f78210,57.00,2026-02-25 22:45:00.000 +0100,W,k,Kwartierwaarden voor belastingtransformator
3 011 240,d11f8c92-af93-4d0d-bd42-36d1f7f78210,55.00,2026-02-25 23:00:00.000 +0100,W,k,Kwartierwaarden voor belastingtransformator
3 011 240,d11f8c92-af93-4d0d-bd42-36d1f7f78210,52.00,2026-02-25 23:15:00.000 +0100,W,k,Kwartierwaarden voor belastingtransformator
3 011 240,d11f8c92-af93-4d0d-bd42-36d1f7f78210,50.00,2026-02-25 23:30:00.000 +0100,W,k,Kwartierwaarden voor belastingtransformator
3 011 240,d11f8c92-af93-4d0d-bd42-36d1f7f78210,48.00,2026-02-25 23:45:00.000 +0100,W,k,Kwartierwaarden voor belastingtransformator
3 018 817,df135b44-9eeb-441e-b8db-ce5d6ddef77c,22.00,2026-02-23 00:00:00.000 +0100,W,k,Kwartierwaarden voor belastingtransformator
3 018 817,df135b44-9eeb-441e-b8db-ce5d6ddef77c,22.00,2026-02-23 00:15:00.000 +0100,W,k,Kwartierwaarden voor belastingtransformator
3 018 817,df135b44-9eeb-441e-b8db-ce5d6ddef77c,22.00,2026-02-23 00:30:00.000 +0100,W,k,Kwartierwaarden voor belastingtransformator
3 018 817,df135b44-9eeb-441e-b8db-ce5d6ddef77c,21.00,2026-02-23 00:45:00.000 +0100,W,k,Kwartierwaarden voor belastingtransformator
3 018 817,df135b44-9eeb-441e-b8db-ce5d6ddef77c,21.00,2026-02-23 01:00:00.000 +0100,W,k,Kwartierwaarden voor belastingtransformator
3 018 817,df135b44-9eeb-441e-b8db-ce5d6ddef77c,21.00,2026-02-23 01:15:00.000 +0100,W,k,Kwartierwaarden voor belastingtransformator
3 018 817,df135b44-9eeb-441e-b8db-ce5d6ddef77c,21.00,2026-02-23 01:30:00.000 +0100,W,k,Kwartierwaarden voor belastingtransformator
3 018 817,df135b44-9eeb-441e-b8db-ce5d6ddef77c,21.00,2026-02-23 01:45:00.000 +0100,W,k,Kwartierwaarden voor belastingtransformator
3 018 817,df135b44-9eeb-441e-b8db-ce5d6ddef77c,21.00,2026-02-23 02:00:00.000 +0100,W,k,Kwartierwaarden voor belastingtransformator
3 018 817,df135b44-9eeb-441e-b8db-ce5d6ddef77c,21.00,2026-02-23 02:15:00.000 +0100,W,k,Kwartierwaarden voor belastingtransformator
3 018 817,df135b44-9eeb-441e-b8db-ce5d6ddef77c,21.00,2026-02-23 02:30:00.000 +0100,W,k,Kwartierwaarden voor belastingtransformator
3 018 817,df135b44-9eeb-441e-b8db-ce5d6ddef77c,21.00,2026-02-23 02:45:00.000 +0100,W,k,Kwartierwaarden voor belastingtransformator
3 018 817,df135b44-9eeb-441e-b8db-ce5d6ddef77c,21.00,2026-02-23 03:00:00.000 +0100,W,k,Kwartierwaarden voor belastingtransformator
3 018 817,df135b44-9eeb-441e-b8db-ce5d6ddef77c,21.00,2026-02-23 03:15:00.000 +0100,W,k,Kwartierwaarden voor belastingtransformator
3 018 817,df135b44-9eeb-441e-b8db-ce5d6ddef77c,21.00,2026-02-23 03:30:00.000 +0100,W,k,Kwartierwaarden voor belastingtransformator
3 018 817,df135b44-9eeb-441e-b8db-ce5d6ddef77c,21.00,2026-02-23 03:45:00.000 +0100,W,k,Kwartierwaarden voor belastingtransformator
3 018 817,df135b44-9eeb-441e-b8db-ce5d6ddef77c,21.00,2026-02-23 04:00:00.000 +0100,W,k,Kwartierwaarden voor belastingtransformator
3 018 817,df135b44-9eeb-441e-b8db-ce5d6ddef77c,22.00,2026-02-23 04:15:00.000 +0100,W,k,Kwartierwaarden voor belastingtransformator
3 018 817,df135b44-9eeb-441e-b8db-ce5d6ddef77c,23.00,2026-02-23 04:30:00.000 +0100,W,k,Kwartierwaarden voor belastingtransformator
3 018 817,df135b44-9eeb-441e-b8db-ce5d6ddef77c,24.00,2026-02-23 04:45:00.000 +0100,W,k,Kwartierwaarden voor belastingtransformator
3 018 817,df135b44-9eeb-441e-b8db-ce5d6ddef77c,25.00,2026-02-23 05:00:00.000 +0100,W,k,Kwartierwaarden voor belastingtransformator
3 018 817,df135b44-9eeb-441e-b8db-ce5d6ddef77c,27.00,2026-02-23 05:15:00.000 +0100,W,k,Kwartierwaarden voor belastingtransformator
3 018 817,df135b44-9eeb-441e-b8db-ce5d6ddef77c,29.00,2026-02-23 05:30:00.000 +0100,W,k,Kwartierwaarden voor belastingtransformator
3 018 817,df135b44-9eeb-441e-b8db-ce5d6ddef77c,31.00,2026-02-23 05:45:00.000 +0100,W,k,Kwartierwaarden voor belastingtransformator
3 018 817,df135b44-9eeb-441e-b8db-ce5d6ddef77c,34.00,2026-02-23 06:00:00.000 +0100,W,k,Kwartierwaarden voor belastingtransformator
3 018 817,df135b44-9eeb-441e-b8db-ce5d6ddef77c,36.00,2026-02-23 06:15:00.000 +0100,W,k,Kwartierwaarden voor belastingtransformator
3 018 817,df135b44-9eeb-441e-b8db-ce5d6ddef77c,37.00,2026-02-23 06:30:00.000 +0100,W,k,Kwartierwaarden voor belastingtransformator
3 018 817,df135b44-9eeb-441e-b8db-ce5d6ddef77c,38.00,2026-02-23 06:45:00.000 +0100,W,k,Kwartierwaarden voor belastingtransformator
3 018 817,df135b44-9eeb-441e-b8db-ce5d6ddef77c,38.00,2026-02-23 07:00:00.000 +0100,W,k,Kwartierwaarden voor belastingtransformator
3 018 817,df135b44-9eeb-441e-b8db-ce5d6ddef77c,35.00,2026-02-23 07:15:00.000 +0100,W,k,Kwartierwaarden voor belastingtransformator
3 018 817,df135b44-9eeb-441e-b8db-ce5d6ddef77c,31.00,2026-02-23 07:30:00.000 +0100,W,k,Kwartierwaarden voor belastingtransformator
3 018 817,df135b44-9eeb-441e-b8db-ce5d6ddef77c,27.00,2026-02-23 07:45:00.000 +0100,W,k,Kwartierwaarden voor belastingtransformator
3 018 817,df135b44-9eeb-441e-b8db-ce5d6ddef77c,23.00,2026-02-23 08:00:00.000 +0100,W,k,Kwartierwaarden voor belastingtransformator
3 018 817,df135b44-9eeb-441e-b8db-ce5d6ddef77c,19.00,2026-02-23 08:15:00.000 +0100,W,k,Kwartierwaarden voor belastingtransformator
3 018 817,df135b44-9eeb-441e-b8db-ce5d6ddef77c,15.00,2026-02-23 08:30:00.000 +0100,W,k,Kwartierwaarden voor belastingtransformator
3 018 817,df135b44-9eeb-441e-b8db-ce5d6ddef77c,10.00,2026-02-23 08:45:00.000 +0100,W,k,Kwartierwaarden voor belastingtransformator
3 018 817,df135b44-9eeb-441e-b8db-ce5d6ddef77c,5.00,2026-02-23 09:00:00.000 +0100,W,k,Kwartierwaarden voor belastingtransformator
3 018 817,df135b44-9eeb-441e-b8db-ce5d6ddef77c,6.00,2026-02-23 09:15:00.000 +0100,W,k,Kwartierwaarden voor belastingtransformator
3 018 817,df135b44-9eeb-441e-b8db-ce5d6ddef77c,8.00,2026-02-23 09:30:00.000 +0100,W,k,Kwartierwaarden voor belastingtransformator
3 018 817,df135b44-9eeb-441e-b8db-ce5d6ddef77c,9.00,2026-02-23 09:45:00.000 +0100,W,k,Kwartierwaarden voor belastingtransformator
3 018 817,df135b44-9eeb-441e-b8db-ce5d6ddef77c,11.00,2026-02-23 10:00:00.000 +0100,W,k,Kwartierwaarden voor belastingtransformator
3 018 817,df135b44-9eeb-441e-b8db-ce5d6ddef77c,13.00,2026-02-23 10:15:00.000 +0100,W,k,Kwartierwaarden voor belastingtransformator
3 018 817,df135b44-9eeb-441e-b8db-ce5d6ddef77c,15.00,2026-02-23 10:30:00.000 +0100,W,k,Kwartierwaarden voor belastingtransformator
3 018 817,df135b44-9eeb-441e-b8db-ce5d6ddef77c,17.00,2026-02-23 10:45:00.000 +0100,W,k,Kwartierwaarden voor belastingtransformator
3 018 817,df135b44-9eeb-441e-b8db-ce5d6ddef77c,20.00,2026-02-23 11:00:00.000 +0100,W,k,Kwartierwaarden voor belastingtransformator
3 018 817,df135b44-9eeb-441e-b8db-ce5d6ddef77c,15.00,2026-02-23 11:15:00.000 +0100,W,k,Kwartierwaarden voor belastingtransformator
3 018 817,df135b44-9eeb-441e-b8db-ce5d6ddef77c,10.00,2026-02-23 11:30:00.000 +0100,W,k,Kwartierwaarden voor belastingtransformator
3 018 817,df135b44-9eeb-441e-b8db-ce5d6ddef77c,5.00,2026-02-23 11:45:00.000 +0100,W,k,Kwartierwaarden voor belastingtransformator
3 018 817,df135b44-9eeb-441e-b8db-ce5d6ddef77c,0.00,2026-02-23 12:00:00.000 +0100,W,k,Kwartierwaarden voor belastingtransformator
3 018 817,df135b44-9eeb-441e-b8db-ce5d6ddef77c,-2.00,2026-02-23 12:15:00.000 +0100,W,k,Kwartierwaarden voor belastingtransformator
3 018 817,df135b44-9eeb-441e-b8db-ce5d6ddef77c,-4.00,2026-02-23 12:30:00.000 +0100,W,k,Kwartierwaarden voor belastingtransformator
3 018 817,df135b44-9eeb-441e-b8db-ce5d6ddef77c,-6.00,2026-02-23 12:45:00.000 +0100,W,k,Kwartierwaarden voor belastingtransformator
3 018 817,df135b44-9eeb-441e-b8db-ce5d6ddef77c,-8.00,2026-02-23 13:00:00.000 +0100,W,k,Kwartierwaarden voor belastingtransformator
3 018 817,df135b44-9eeb-441e-b8db-ce5d6ddef77c,-6.00,2026-02-23 13:15:00.000 +0100,W,k,Kwartierwaarden voor belastingtransformator
3 018 817,df135b44-9eeb-441e-b8db-ce5d6ddef77c,-5.00,2026-02-23 13:30:00.000 +0100,W,k,Kwartierwaarden voor belastingtransformator
3 018 817,df135b44-9eeb-441e-b8db-ce5d6ddef77c,-2.00,2026-02-23 13:45:00.000 +0100,W,k,Kwartierwaarden voor belastingtransformator
3 018 817,df135b44-9eeb-441e-b8db-ce5d6ddef77c,-1.00,2026-02-23 14:00:00.000 +0100,W,k,Kwartierwaarden voor belastingtransformator
3 018 817,df135b44-9eeb-441e-b8db-ce5d6ddef77c,3.00,2026-02-23 14:15:00.000 +0100,W,k,Kwartierwaarden voor belastingtransformator
3 018 817,df135b44-9eeb-441e-b8db-ce5d6ddef77c,6.00,2026-02-23 14:30:00.000 +0100,W,k,Kwartierwaarden voor belastingtransformator
3 018 817,df135b44-9eeb-441e-b8db-ce5d6ddef77c,10.00,2026-02-23 14:45:00.000 +0100,W,k,Kwartierwaarden voor belastingtransformator
3 018 817,df135b44-9eeb-441e-b8db-ce5d6ddef77c,14.00,2026-02-23 15:00:00.000 +0100,W,k,Kwartierwaarden voor belastingtransformator
3 018 817,df135b44-9eeb-441e-b8db-ce5d6ddef77c,18.00,2026-02-23 15:15:00.000 +0100,W,k,Kwartierwaarden voor belastingtransformator
3 018 817,df135b44-9eeb-441e-b8db-ce5d6ddef77c,23.00,2026-02-23 15:30:00.000 +0100,W,k,Kwartierwaarden voor belastingtransformator
3 018 817,df135b44-9eeb-441e-b8db-ce5d6ddef77c,28.00,2026-02-23 15:45:00.000 +0100,W,k,Kwartierwaarden voor belastingtransformator
3 018 817,df135b44-9eeb-441e-b8db-ce5d6ddef77c,35.00,2026-02-23 16:00:00.000 +0100,W,k,Kwartierwaarden voor belastingtransformator
3 018 817,df135b44-9eeb-441e-b8db-ce5d6ddef77c,43.00,2026-02-23 16:15:00.000 +0100,W,k,Kwartierwaarden voor belastingtransformator
3 018 817,df135b44-9eeb-441e-b8db-ce5d6ddef77c,50.00,2026-02-23 16:30:00.000 +0100,W,k,Kwartierwaarden voor belastingtransformator
3 018 817,df135b44-9eeb-441e-b8db-ce5d6ddef77c,55.00,2026-02-23 16:45:00.000 +0100,W,k,Kwartierwaarden voor belastingtransformator
3 018 817,df135b44-9eeb-441e-b8db-ce5d6ddef77c,59.00,2026-02-23 17:00:00.000 +0100,W,k,Kwartierwaarden voor belastingtransformator
3 018 817,df135b44-9eeb-441e-b8db-ce5d6ddef77c,59.00,2026-02-23 17:15:00.000 +0100,W,k,Kwartierwaarden voor belastingtransformator
3 018 817,df135b44-9eeb-441e-b8db-ce5d6ddef77c,59.00,2026-02-23 17:30:00.000 +0100,W,k,Kwartierwaarden voor belastingtransformator
3 018 817,df135b44-9eeb-441e-b8db-ce5d6ddef77c,59.00,2026-02-23 17:45:00.000 +0100,W,k,Kwartierwaarden voor belastingtransformator
3 018 817,df135b44-9eeb-441e-b8db-ce5d6ddef77c,58.00,2026-02-23 18:00:00.000 +0100,W,k,Kwartierwaarden voor belastingtransformator
3 018 817,df135b44-9eeb-441e-b8db-ce5d6ddef77c,56.00,2026-02-23 18:15:00.000 +0100,W,k,Kwartierwaarden voor belastingtransformator
3 018 817,df135b44-9eeb-441e-b8db-ce5d6ddef77c,55.00,2026-02-23 18:30:00.000 +0100,W,k,Kwartierwaarden voor belastingtransformator
3 018 817,df135b44-9eeb-441e-b8db-ce5d6ddef77c,54.00,2026-02-23 18:45:00.000 +0100,W,k,Kwartierwaarden voor belastingtransformator
3 018 817,df135b44-9eeb-441e-b8db-ce5d6ddef77c,52.00,2026-02-23 19:00:00.000 +0100,W,k,Kwartierwaarden voor belastingtransformator
3 018 817,df135b44-9eeb-441e-b8db-ce5d6ddef77c,51.00,2026-02-23 19:15:00.000 +0100,W,k,Kwartierwaarden voor belastingtransformator
3 018 817,df135b44-9eeb-441e-b8db-ce5d6ddef77c,49.00,2026-02-23 19:30:00.000 +0100,W,k,Kwartierwaarden voor belastingtransformator
3 018 817,df135b44-9eeb-441e-b8db-ce5d6ddef77c,47.00,2026-02-23 19:45:00.000 +0100,W,k,Kwartierwaarden voor belastingtransformator
3 018 817,df135b44-9eeb-441e-b8db-ce5d6ddef77c,46.00,2026-02-23 20:00:00.000 +0100,W,k,Kwartierwaarden voor belastingtransformator
3 018 817,df135b44-9eeb-441e-b8db-ce5d6ddef77c,44.00,2026-02-23 20:15:00.000 +0100,W,k,Kwartierwaarden voor belastingtransformator
3 018 817,df135b44-9eeb-441e-b8db-ce5d6ddef77c,43.00,2026-02-23 20:30:00.000 +0100,W,k,Kwartierwaarden voor belastingtransformator
3 018 817,df135b44-9eeb-441e-b8db-ce5d6ddef77c,41.00,2026-02-23 20:45:00.000 +0100,W,k,Kwartierwaarden voor belastingtransformator
3 018 817,df135b44-9eeb-441e-b8db-ce5d6ddef77c,39.00,2026-02-23 21:00:00.000 +0100,W,k,Kwartierwaarden voor belastingtransformator
3 018 817,df135b44-9eeb-441e-b8db-ce5d6ddef77c,38.00,2026-02-23 21:15:00.000 +0100,W,k,Kwartierwaarden voor belastingtransformator
3 018 817,df135b44-9eeb-441e-b8db-ce5d6ddef77c,36.00,2026-02-23 21:30:00.000 +0100,W,k,Kwartierwaarden voor belastingtransformator
3 018 817,df135b44-9eeb-441e-b8db-ce5d6ddef77c,34.00,2026-02-23 21:45:00.000 +0100,W,k,Kwartierwaarden voor belastingtransformator
3 018 817,df135b44-9eeb-441e-b8db-ce5d6ddef77c,32.00,2026-02-23 22:00:00.000 +0100,W,k,Kwartierwaarden voor belastingtransformator
3 018 817,df135b44-9eeb-441e-b8db-ce5d6ddef77c,30.00,2026-02-23 22:15:00.000 +0100,W,k,Kwartierwaarden voor belastingtransformator
3 018 817,df135b44-9eeb-441e-b8db-ce5d6ddef77c,29.00,2026-02-23 22:30:00.000 +0100,W,k,Kwartierwaarden voor belastingtransformator
3 018 817,df135b44-9eeb-441e-b8db-ce5d6ddef77c,28.00,2026-02-23 22:45:00.000 +0100,W,k,Kwartierwaarden voor belastingtransformator
3 018 817,df135b44-9eeb-441e-b8db-ce5d6ddef77c,27.00,2026-02-23 23:00:00.000 +0100,W,k,Kwartierwaarden voor belastingtransformator
3 018 817,df135b44-9eeb-441e-b8db-ce5d6ddef77c,26.00,2026-02-23 23:15:00.000 +0100,W,k,Kwartierwaarden voor belastingtransformator
3 018 817,df135b44-9eeb-441e-b8db-ce5d6ddef77c,25.00,2026-02-23 23:30:00.000 +0100,W,k,Kwartierwaarden voor belastingtransformator
3 018 817,df135b44-9eeb-441e-b8db-ce5d6ddef77c,24.00,2026-02-23 23:45:00.000 +0100,W,k,Kwartierwaarden voor belastingtransformator
3 018 817,df135b44-9eeb-441e-b8db-ce5d6ddef77c,24.00,2026-02-24 00:00:00.000 +0100,W,k,Kwartierwaarden voor belastingtransformator
3 018 817,df135b44-9eeb-441e-b8db-ce5d6ddef77c,23.00,2026-02-24 00:15:00.000 +0100,W,k,Kwartierwaarden voor belastingtransformator
3 018 817,df135b44-9eeb-441e-b8db-ce5d6ddef77c,23.00,2026-02-24 00:30:00.000 +0100,W,k,Kwartierwaarden voor belastingtransformator
3 018 817,df135b44-9eeb-441e-b8db-ce5d6ddef77c,23.00,2026-02-24 00:45:00.000 +0100,W,k,Kwartierwaarden voor belastingtransformator
3 018 817,df135b44-9eeb-441e-b8db-ce5d6ddef77c,22.00,2026-02-24 01:00:00.000 +0100,W,k,Kwartierwaarden voor belastingtransformator
3 018 817,df135b44-9eeb-441e-b8db-ce5d6ddef77c,22.00,2026-02-24 01:15:00.000 +0100,W,k,Kwartierwaarden voor belastingtransformator
3 018 817,df135b44-9eeb-441e-b8db-ce5d6ddef77c,22.00,2026-02-24 01:30:00.000 +0100,W,k,Kwartierwaarden voor belastingtransformator
3 018 817,df135b44-9eeb-441e-b8db-ce5d6ddef77c,22.00,2026-02-24 01:45:00.000 +0100,W,k,Kwartierwaarden voor belastingtransformator
3 018 817,df135b44-9eeb-441e-b8db-ce5d6ddef77c,22.00,2026-02-24 02:00:00.000 +0100,W,k,Kwartierwaarden voor belastingtransformator
3 018 817,df135b44-9eeb-441e-b8db-ce5d6ddef77c,22.00,2026-02-24 02:15:00.000 +0100,W,k,Kwartierwaarden voor belastingtransformator
3 018 817,df135b44-9eeb-441e-b8db-ce5d6ddef77c,22.00,2026-02-24 02:30:00.000 +0100,W,k,Kwartierwaarden voor belastingtransformator
3 018 817,df135b44-9eeb-441e-b8db-ce5d6ddef77c,22.00,2026-02-24 02:45:00.000 +0100,W,k,Kwartierwaarden voor belastingtransformator
3 018 817,df135b44-9eeb-441e-b8db-ce5d6ddef77c,22.00,2026-02-24 03:00:00.000 +0100,W,k,Kwartierwaarden voor belastingtransformator
3 018 817,df135b44-9eeb-441e-b8db-ce5d6ddef77c,22.00,2026-02-24 03:15:00.000 +0100,W,k,Kwartierwaarden voor belastingtransformator
3 018 817,df135b44-9eeb-441e-b8db-ce5d6ddef77c,22.00,2026-02-24 03:30:00.000 +0100,W,k,Kwartierwaarden voor belastingtransformator
3 018 817,df135b44-9eeb-441e-b8db-ce5d6ddef77c,22.00,2026-02-24 03:45:00.000 +0100,W,k,Kwartierwaarden voor belastingtransformator
3 018 817,df135b44-9eeb-441e-b8db-ce5d6ddef77c,22.00,2026-02-24 04:00:00.000 +0100,W,k,Kwartierwaarden voor belastingtransformator
3 018 817,df135b44-9eeb-441e-b8db-ce5d6ddef77c,23.00,2026-02-24 04:15:00.000 +0100,W,k,Kwartierwaarden voor belastingtransformator
3 018 817,df135b44-9eeb-441e-b8db-ce5d6ddef77c,24.00,2026-02-24 04:30:00.000 +0100,W,k,Kwartierwaarden voor belastingtransformator
3 018 817,df135b44-9eeb-441e-b8db-ce5d6ddef77c,25.00,2026-02-24 04:45:00.000 +0100,W,k,Kwartierwaarden voor belastingtransformator
3 018 817,df135b44-9eeb-441e-b8db-ce5d6ddef77c,26.00,2026-02-24 05:00:00.000 +0100,W,k,Kwartierwaarden voor belastingtransformator
3 018 817,df135b44-9eeb-441e-b8db-ce5d6ddef77c,28.00,2026-02-24 05:15:00.000 +0100,W,k,Kwartierwaarden voor belastingtransformator
3 018 817,df135b44-9eeb-441e-b8db-ce5d6ddef77c,30.00,2026-02-24 05:30:00.000 +0100,W,k,Kwartierwaarden voor belastingtransformator
3 018 817,df135b44-9eeb-441e-b8db-ce5d6ddef77c,33.00,2026-02-24 05:45:00.000 +0100,W,k,Kwartierwaarden voor belastingtransformator
3 018 817,df135b44-9eeb-441e-b8db-ce5d6ddef77c,36.00,2026-02-24 06:00:00.000 +0100,W,k,Kwartierwaarden voor belastingtransformator
3 018 817,df135b44-9eeb-441e-b8db-ce5d6ddef77c,38.00,2026-02-24 06:15:00.000 +0100,W,k,Kwartierwaarden voor belastingtransformator
3 018 817,df135b44-9eeb-441e-b8db-ce5d6ddef77c,39.00,2026-02-24 06:30:00.000 +0100,W,k,Kwartierwaarden voor belastingtransformator
3 018 817,df135b44-9eeb-441e-b8db-ce5d6ddef77c,40.00,2026-02-24 06:45:00.000 +0100,W,k,Kwartierwaarden voor belastingtransformator
3 018 817,df135b44-9eeb-441e-b8db-ce5d6ddef77c,39.00,2026-02-24 07:00:00.000 +0100,W,k,Kwartierwaarden voor belastingtransformator
3 018 817,df135b44-9eeb-441e-b8db-ce5d6ddef77c,38.00,2026-02-24 07:15:00.000 +0100,W,k,Kwartierwaarden voor belastingtransformator
3 018 817,df135b44-9eeb-441e-b8db-ce5d6ddef77c,37.00,2026-02-24 07:30:00.000 +0100,W,k,Kwartierwaarden voor belastingtransformator
3 018 817,df135b44-9eeb-441e-b8db-ce5d6ddef77c,37.00,2026-02-24 07:45:00.000 +0100,W,k,Kwartierwaarden voor belastingtransformator
3 018 817,df135b44-9eeb-441e-b8db-ce5d6ddef77c,37.00,2026-02-24 08:00:00.000 +0100,W,k,Kwartierwaarden voor belastingtransformator
3 018 817,df135b44-9eeb-441e-b8db-ce5d6ddef77c,36.00,2026-02-24 08:15:00.000 +0100,W,k,Kwartierwaarden voor belastingtransformator
3 018 817,df135b44-9eeb-441e-b8db-ce5d6ddef77c,36.00,2026-02-24 08:30:00.000 +0100,W,k,Kwartierwaarden voor belastingtransformator
3 018 817,df135b44-9eeb-441e-b8db-ce5d6ddef77c,35.00,2026-02-24 08:45:00.000 +0100,W,k,Kwartierwaarden voor belastingtransformator
3 018 817,df135b44-9eeb-441e-b8db-ce5d6ddef77c,34.00,2026-02-24 09:00:00.000 +0100,W,k,Kwartierwaarden voor belastingtransformator
3 018 817,df135b44-9eeb-441e-b8db-ce5d6ddef77c,34.00,2026-02-24 09:15:00.000 +0100,W,k,Kwartierwaarden voor belastingtransformator
3 018 817,df135b44-9eeb-441e-b8db-ce5d6ddef77c,33.00,2026-02-24 09:30:00.000 +0100,W,k,Kwartierwaarden voor belastingtransformator
3 018 817,df135b44-9eeb-441e-b8db-ce5d6ddef77c,33.00,2026-02-24 09:45:00.000 +0100,W,k,Kwartierwaarden voor belastingtransformator
3 018 817,df135b44-9eeb-441e-b8db-ce5d6ddef77c,33.00,2026-02-24 10:00:00.000 +0100,W,k,Kwartierwaarden voor belastingtransformator
3 018 817,df135b44-9eeb-441e-b8db-ce5d6ddef77c,32.00,2026-02-24 10:15:00.000 +0100,W,k,Kwartierwaarden voor belastingtransformator
3 018 817,df135b44-9eeb-441e-b8db-ce5d6ddef77c,32.00,2026-02-24 10:30:00.000 +0100,W,k,Kwartierwaarden voor belastingtransformator
3 018 817,df135b44-9eeb-441e-b8db-ce5d6ddef77c,32.00,2026-02-24 10:45:00.000 +0100,W,k,Kwartierwaarden voor belastingtransformator
3 018 817,df135b44-9eeb-441e-b8db-ce5d6ddef77c,32.00,2026-02-24 11:00:00.000 +0100,W,k,Kwartierwaarden voor belastingtransformator
3 018 817,df135b44-9eeb-441e-b8db-ce5d6ddef77c,31.00,2026-02-24 11:15:00.000 +0100,W,k,Kwartierwaarden voor belastingtransformator
3 018 817,df135b44-9eeb-441e-b8db-ce5d6ddef77c,30.00,2026-02-24 11:30:00.000 +0100,W,k,Kwartierwaarden voor belastingtransformator
3 018 817,df135b44-9eeb-441e-b8db-ce5d6ddef77c,29.00,2026-02-24 11:45:00.000 +0100,W,k,Kwartierwaarden voor belastingtransformator
3 018 817,df135b44-9eeb-441e-b8db-ce5d6ddef77c,29.00,2026-02-24 12:00:00.000 +0100,W,k,Kwartierwaarden voor belastingtransformator
3 018 817,df135b44-9eeb-441e-b8db-ce5d6ddef77c,28.00,2026-02-24 12:15:00.000 +0100,W,k,Kwartierwaarden voor belastingtransformator
3 018 817,df135b44-9eeb-441e-b8db-ce5d6ddef77c,27.00,2026-02-24 12:30:00.000 +0100,W,k,Kwartierwaarden voor belastingtransformator
3 018 817,df135b44-9eeb-441e-b8db-ce5d6ddef77c,26.00,2026-02-24 12:45:00.000 +0100,W,k,Kwartierwaarden voor belastingtransformator
3 018 817,df135b44-9eeb-441e-b8db-ce5d6ddef77c,25.00,2026-02-24 13:00:00.000 +0100,W,k,Kwartierwaarden voor belastingtransformator
3 018 817,df135b44-9eeb-441e-b8db-ce5d6ddef77c,25.00,2026-02-24 13:15:00.000 +0100,W,k,Kwartierwaarden voor belastingtransformator
3 018 817,df135b44-9eeb-441e-b8db-ce5d6ddef77c,26.00,2026-02-24 13:30:00.000 +0100,W,k,Kwartierwaarden voor belastingtransformator
3 018 817,df135b44-9eeb-441e-b8db-ce5d6ddef77c,26.00,2026-02-24 13:45:00.000 +0100,W,k,Kwartierwaarden voor belastingtransformator
3 018 817,df135b44-9eeb-441e-b8db-ce5d6ddef77c,26.00,2026-02-24 14:00:00.000 +0100,W,k,Kwartierwaarden voor belastingtransformator
3 018 817,df135b44-9eeb-441e-b8db-ce5d6ddef77c,26.00,2026-02-24 14:15:00.000 +0100,W,k,Kwartierwaarden voor belastingtransformator
3 018 817,df135b44-9eeb-441e-b8db-ce5d6ddef77c,26.00,2026-02-24 14:30:00.000 +0100,W,k,Kwartierwaarden voor belastingtransformator
3 018 817,df135b44-9eeb-441e-b8db-ce5d6ddef77c,26.00,2026-02-24 14:45:00.000 +0100,W,k,Kwartierwaarden voor belastingtransformator
3 018 817,df135b44-9eeb-441e-b8db-ce5d6ddef77c,28.00,2026-02-24 15:00:00.000 +0100,W,k,Kwartierwaarden voor belastingtransformator
3 018 817,df135b44-9eeb-441e-b8db-ce5d6ddef77c,29.00,2026-02-24 15:15:00.000 +0100,W,k,Kwartierwaarden voor belastingtransformator
3 018 817,df135b44-9eeb-441e-b8db-ce5d6ddef77c,32.00,2026-02-24 15:30:00.000 +0100,W,k,Kwartierwaarden voor belastingtransformator
3 018 817,df135b44-9eeb-441e-b8db-ce5d6ddef77c,36.00,2026-02-24 15:45:00.000 +0100,W,k,Kwartierwaarden voor belastingtransformator
3 018 817,df135b44-9eeb-441e-b8db-ce5d6ddef77c,41.00,2026-02-24 16:00:00.000 +0100,W,k,Kwartierwaarden voor belastingtransformator
3 018 817,df135b44-9eeb-441e-b8db-ce5d6ddef77c,47.00,2026-02-24 16:15:00.000 +0100,W,k,Kwartierwaarden voor belastingtransformator
3 018 817,df135b44-9eeb-441e-b8db-ce5d6ddef77c,52.00,2026-02-24 16:30:00.000 +0100,W,k,Kwartierwaarden voor belastingtransformator
3 018 817,df135b44-9eeb-441e-b8db-ce5d6ddef77c,55.00,2026-02-24 16:45:00.000 +0100,W,k,Kwartierwaarden voor belastingtransformator
3 018 817,df135b44-9eeb-441e-b8db-ce5d6ddef77c,56.00,2026-02-24 17:00:00.000 +0100,W,k,Kwartierwaarden voor belastingtransformator
3 018 817,df135b44-9eeb-441e-b8db-ce5d6ddef77c,57.00,2026-02-24 17:15:00.000 +0100,W,k,Kwartierwaarden voor belastingtransformator
3 018 817,df135b44-9eeb-441e-b8db-ce5d6ddef77c,57.00,2026-02-24 17:30:00.000 +0100,W,k,Kwartierwaarden voor belastingtransformator
3 018 817,df135b44-9eeb-441e-b8db-ce5d6ddef77c,56.00,2026-02-24 17:45:00.000 +0100,W,k,Kwartierwaarden voor belastingtransformator
3 018 817,df135b44-9eeb-441e-b8db-ce5d6ddef77c,55.00,2026-02-24 18:00:00.000 +0100,W,k,Kwartierwaarden voor belastingtransformator
3 018 817,df135b44-9eeb-441e-b8db-ce5d6ddef77c,54.00,2026-02-24 18:15:00.000 +0100,W,k,Kwartierwaarden voor belastingtransformator
3 018 817,df135b44-9eeb-441e-b8db-ce5d6ddef77c,53.00,2026-02-24 18:30:00.000 +0100,W,k,Kwartierwaarden voor belastingtransformator
3 018 817,df135b44-9eeb-441e-b8db-ce5d6ddef77c,52.00,2026-02-24 18:45:00.000 +0100,W,k,Kwartierwaarden voor belastingtransformator
3 018 817,df135b44-9eeb-441e-b8db-ce5d6ddef77c,50.00,2026-02-24 19:00:00.000 +0100,W,k,Kwartierwaarden voor belastingtransformator
3 018 817,df135b44-9eeb-441e-b8db-ce5d6ddef77c,49.00,2026-02-24 19:15:00.000 +0100,W,k,Kwartierwaarden voor belastingtransformator
3 018 817,df135b44-9eeb-441e-b8db-ce5d6ddef77c,47.00,2026-02-24 19:30:00.000 +0100,W,k,Kwartierwaarden voor belastingtransformator
3 018 817,df135b44-9eeb-441e-b8db-ce5d6ddef77c,46.00,2026-02-24 19:45:00.000 +0100,W,k,Kwartierwaarden voor belastingtransformator
3 018 817,df135b44-9eeb-441e-b8db-ce5d6ddef77c,44.00,2026-02-24 20:00:00.000 +0100,W,k,Kwartierwaarden voor belastingtransformator
3 018 817,df135b44-9eeb-441e-b8db-ce5d6ddef77c,43.00,2026-02-24 20:15:00.000 +0100,W,k,Kwartierwaarden voor belastingtransformator
3 018 817,df135b44-9eeb-441e-b8db-ce5d6ddef77c,42.00,2026-02-24 20:30:00.000 +0100,W,k,Kwartierwaarden voor belastingtransformator
3 018 817,df135b44-9eeb-441e-b8db-ce5d6ddef77c,40.00,2026-02-24 20:45:00.000 +0100,W,k,Kwartierwaarden voor belastingtransformator
3 018 817,df135b44-9eeb-441e-b8db-ce5d6ddef77c,39.00,2026-02-24 21:00:00.000 +0100,W,k,Kwartierwaarden voor belastingtransformator
3 018 817,df135b44-9eeb-441e-b8db-ce5d6ddef77c,37.00,2026-02-24 21:15:00.000 +0100,W,k,Kwartierwaarden voor belastingtransformator
3 018 817,df135b44-9eeb-441e-b8db-ce5d6ddef77c,35.00,2026-02-24 21:30:00.000 +0100,W,k,Kwartierwaarden voor belastingtransformator
3 018 817,df135b44-9eeb-441e-b8db-ce5d6ddef77c,34.00,2026-02-24 21:45:00.000 +0100,W,k,Kwartierwaarden voor belastingtransformator
3 018 817,df135b44-9eeb-441e-b8db-ce5d6ddef77c,32.00,2026-02-24 22:00:00.000 +0100,W,k,Kwartierwaarden voor belastingtransformator
3 018 817,df135b44-9eeb-441e-b8db-ce5d6ddef77c,30.00,2026-02-24 22:15:00.000 +0100,W,k,Kwartierwaarden voor belastingtransformator
4 003 144,07fbd31c-c94a-41b6-b139-b60adc9e1abf,36.00,2026-02-23 00:00:00.000 +0100,W,k,Kwartierwaarden voor belastingtransformator
4 003 144,07fbd31c-c94a-41b6-b139-b60adc9e1abf,35.00,2026-02-23 00:15:00.000 +0100,W,k,Kwartierwaarden voor belastingtransformator
4 003 144,07fbd31c-c94a-41b6-b139-b60adc9e1abf,35.00,2026-02-23 00:30:00.000 +0100,W,k,Kwartierwaarden voor belastingtransformator
4 003 144,07fbd31c-c94a-41b6-b139-b60adc9e1abf,35.00,2026-02-23 00:45:00.000 +0100,W,k,Kwartierwaarden voor belastingtransformator
4 003 144,07fbd31c-c94a-41b6-b139-b60adc9e1abf,35.00,2026-02-23 01:00:00.000 +0100,W,k,Kwartierwaarden voor belastingtransformator
4 003 144,07fbd31c-c94a-41b6-b139-b60adc9e1abf,35.00,2026-02-23 01:15:00.000 +0100,W,k,Kwartierwaarden voor belastingtransformator
4 003 144,07fbd31c-c94a-41b6-b139-b60adc9e1abf,35.00,2026-02-23 01:30:00.000 +0100,W,k,Kwartierwaarden voor belastingtransformator
4 003 144,07fbd31c-c94a-41b6-b139-b60adc9e1abf,34.00,2026-02-23 01:45:00.000 +0100,W,k,Kwartierwaarden voor belastingtransformator
4 003 144,07fbd31c-c94a-41b6-b139-b60adc9e1abf,35.00,2026-02-23 02:00:00.000 +0100,W,k,Kwartierwaarden voor belastingtransformator
4 003 144,07fbd31c-c94a-41b6-b139-b60adc9e1abf,35.00,2026-02-23 02:15:00.000 +0100,W,k,Kwartierwaarden voor belastingtransformator
4 003 144,07fbd31c-c94a-41b6-b139-b60adc9e1abf,34.00,2026-02-23 02:30:00.000 +0100,W,k,Kwartierwaarden voor belastingtransformator
4 003 144,07fbd31c-c94a-41b6-b139-b60adc9e1abf,33.00,2026-02-23 02:45:00.000 +0100,W,k,Kwartierwaarden voor belastingtransformator
4 003 144,07fbd31c-c94a-41b6-b139-b60adc9e1abf,33.00,2026-02-23 03:00:00.000 +0100,W,k,Kwartierwaarden voor belastingtransformator
4 003 144,07fbd31c-c94a-41b6-b139-b60adc9e1abf,33.00,2026-02-23 03:15:00.000 +0100,W,k,Kwartierwaarden voor belastingtransformator
4 003 144,07fbd31c-c94a-41b6-b139-b60adc9e1abf,33.00,2026-02-23 03:30:00.000 +0100,W,k,Kwartierwaarden voor belastingtransformator
4 003 144,07fbd31c-c94a-41b6-b139-b60adc9e1abf,33.00,2026-02-23 03:45:00.000 +0100,W,k,Kwartierwaarden voor belastingtransformator
4 003 144,07fbd31c-c94a-41b6-b139-b60adc9e1abf,34.00,2026-02-23 04:00:00.000 +0100,W,k,Kwartierwaarden voor belastingtransformator
4 003 144,07fbd31c-c94a-41b6-b139-b60adc9e1abf,34.00,2026-02-23 04:15:00.000 +0100,W,k,Kwartierwaarden voor belastingtransformator
4 003 144,07fbd31c-c94a-41b6-b139-b60adc9e1abf,36.00,2026-02-23 04:30:00.000 +0100,W,k,Kwartierwaarden voor belastingtransformator
4 003 144,07fbd31c-c94a-41b6-b139-b60adc9e1abf,37.00,2026-02-23 04:45:00.000 +0100,W,k,Kwartierwaarden voor belastingtransformator
4 003 144,07fbd31c-c94a-41b6-b139-b60adc9e1abf,39.00,2026-02-23 05:00:00.000 +0100,W,k,Kwartierwaarden voor belastingtransformator
4 003 144,07fbd31c-c94a-41b6-b139-b60adc9e1abf,42.00,2026-02-23 05:15:00.000 +0100,W,k,Kwartierwaarden voor belastingtransformator
4 003 144,07fbd31c-c94a-41b6-b139-b60adc9e1abf,44.00,2026-02-23 05:30:00.000 +0100,W,k,Kwartierwaarden voor belastingtransformator
4 003 144,07fbd31c-c94a-41b6-b139-b60adc9e1abf,48.00,2026-02-23 05:45:00.000 +0100,W,k,Kwartierwaarden voor belastingtransformator
4 003 144,07fbd31c-c94a-41b6-b139-b60adc9e1abf,52.00,2026-02-23 06:00:00.000 +0100,W,k,Kwartierwaarden voor belastingtransformator
4 003 144,07fbd31c-c94a-41b6-b139-b60adc9e1abf,57.00,2026-02-23 06:15:00.000 +0100,W,k,Kwartierwaarden voor belastingtransformator
4 003 144,07fbd31c-c94a-41b6-b139-b60adc9e1abf,61.00,2026-02-23 06:30:00.000 +0100,W,k,Kwartierwaarden voor belastingtransformator
4 003 144,07fbd31c-c94a-41b6-b139-b60adc9e1abf,65.00,2026-02-23 06:45:00.000 +0100,W,k,Kwartierwaarden voor belastingtransformator
4 003 144,07fbd31c-c94a-41b6-b139-b60adc9e1abf,69.00,2026-02-23 07:00:00.000 +0100,W,k,Kwartierwaarden voor belastingtransformator
4 003 144,07fbd31c-c94a-41b6-b139-b60adc9e1abf,69.00,2026-02-23 07:15:00.000 +0100,W,k,Kwartierwaarden voor belastingtransformator
4 003 144,07fbd31c-c94a-41b6-b139-b60adc9e1abf,70.00,2026-02-23 07:30:00.000 +0100,W,k,Kwartierwaarden voor belastingtransformator
4 003 144,07fbd31c-c94a-41b6-b139-b60adc9e1abf,71.00,2026-02-23 07:45:00.000 +0100,W,k,Kwartierwaarden voor belastingtransformator
4 003 144,07fbd31c-c94a-41b6-b139-b60adc9e1abf,71.00,2026-02-23 08:00:00.000 +0100,W,k,Kwartierwaarden voor belastingtransformator
4 003 144,07fbd31c-c94a-41b6-b139-b60adc9e1abf,69.00,2026-02-23 08:15:00.000 +0100,W,k,Kwartierwaarden voor belastingtransformator
4 003 144,07fbd31c-c94a-41b6-b139-b60adc9e1abf,69.00,2026-02-23 08:30:00.000 +0100,W,k,Kwartierwaarden voor belastingtransformator
4 003 144,07fbd31c-c94a-41b6-b139-b60adc9e1abf,68.00,2026-02-23 08:45:00.000 +0100,W,k,Kwartierwaarden voor belastingtransformator
4 003 144,07fbd31c-c94a-41b6-b139-b60adc9e1abf,66.00,2026-02-23 09:00:00.000 +0100,W,k,Kwartierwaarden voor belastingtransformator
4 003 144,07fbd31c-c94a-41b6-b139-b60adc9e1abf,65.00,2026-02-23 09:15:00.000 +0100,W,k,Kwartierwaarden voor belastingtransformator
4 003 144,07fbd31c-c94a-41b6-b139-b60adc9e1abf,63.00,2026-02-23 09:30:00.000 +0100,W,k,Kwartierwaarden voor belastingtransformator
4 003 144,07fbd31c-c94a-41b6-b139-b60adc9e1abf,62.00,2026-02-23 09:45:00.000 +0100,W,k,Kwartierwaarden voor belastingtransformator
4 003 144,07fbd31c-c94a-41b6-b139-b60adc9e1abf,62.00,2026-02-23 10:00:00.000 +0100,W,k,Kwartierwaarden voor belastingtransformator
4 003 144,07fbd31c-c94a-41b6-b139-b60adc9e1abf,61.00,2026-02-23 10:15:00.000 +0100,W,k,Kwartierwaarden voor belastingtransformator
4 003 144,07fbd31c-c94a-41b6-b139-b60adc9e1abf,60.00,2026-02-23 10:30:00.000 +0100,W,k,Kwartierwaarden voor belastingtransformator
4 003 144,07fbd31c-c94a-41b6-b139-b60adc9e1abf,58.00,2026-02-23 10:45:00.000 +0100,W,k,Kwartierwaarden voor belastingtransformator
4 003 144,07fbd31c-c94a-41b6-b139-b60adc9e1abf,57.00,2026-02-23 11:00:00.000 +0100,W,k,Kwartierwaarden voor belastingtransformator
4 003 144,07fbd31c-c94a-41b6-b139-b60adc9e1abf,54.00,2026-02-23 11:15:00.000 +0100,W,k,Kwartierwaarden voor belastingtransformator
4 003 144,07fbd31c-c94a-41b6-b139-b60adc9e1abf,50.00,2026-02-23 11:30:00.000 +0100,W,k,Kwartierwaarden voor belastingtransformator
4 003 144,07fbd31c-c94a-41b6-b139-b60adc9e1abf,47.00,2026-02-23 11:45:00.000 +0100,W,k,Kwartierwaarden voor belastingtransformator
4 003 144,07fbd31c-c94a-41b6-b139-b60adc9e1abf,42.00,2026-02-23 12:00:00.000 +0100,W,k,Kwartierwaarden voor belastingtransformator
4 003 144,07fbd31c-c94a-41b6-b139-b60adc9e1abf,39.00,2026-02-23 12:15:00.000 +0100,W,k,Kwartierwaarden voor belastingtransformator
4 003 144,07fbd31c-c94a-41b6-b139-b60adc9e1abf,36.00,2026-02-23 12:30:00.000 +0100,W,k,Kwartierwaarden voor belastingtransformator
4 003 144,07fbd31c-c94a-41b6-b139-b60adc9e1abf,34.00,2026-02-23 12:45:00.000 +0100,W,k,Kwartierwaarden voor belastingtransformator
4 003 144,07fbd31c-c94a-41b6-b139-b60adc9e1abf,30.00,2026-02-23 13:00:00.000 +0100,W,k,Kwartierwaarden voor belastingtransformator
4 003 144,07fbd31c-c94a-41b6-b139-b60adc9e1abf,27.00,2026-02-23 13:15:00.000 +0100,W,k,Kwartierwaarden voor belastingtransformator
4 003 144,07fbd31c-c94a-41b6-b139-b60adc9e1abf,25.00,2026-02-23 13:30:00.000 +0100,W,k,Kwartierwaarden voor belastingtransformator
4 003 144,07fbd31c-c94a-41b6-b139-b60adc9e1abf,23.00,2026-02-23 13:45:00.000 +0100,W,k,Kwartierwaarden voor belastingtransformator
4 003 144,07fbd31c-c94a-41b6-b139-b60adc9e1abf,22.00,2026-02-23 14:00:00.000 +0100,W,k,Kwartierwaarden voor belastingtransformator
4 003 144,07fbd31c-c94a-41b6-b139-b60adc9e1abf,24.00,2026-02-23 14:15:00.000 +0100,W,k,Kwartierwaarden voor belastingtransformator
4 003 144,07fbd31c-c94a-41b6-b139-b60adc9e1abf,27.00,2026-02-23 14:30:00.000 +0100,W,k,Kwartierwaarden voor belastingtransformator
4 003 144,07fbd31c-c94a-41b6-b139-b60adc9e1abf,31.00,2026-02-23 14:45:00.000 +0100,W,k,Kwartierwaarden voor belastingtransformator
4 003 144,07fbd31c-c94a-41b6-b139-b60adc9e1abf,36.00,2026-02-23 15:00:00.000 +0100,W,k,Kwartierwaarden voor belastingtransformator
4 003 144,07fbd31c-c94a-41b6-b139-b60adc9e1abf,42.00,2026-02-23 15:15:00.000 +0100,W,k,Kwartierwaarden voor belastingtransformator
4 003 144,07fbd31c-c94a-41b6-b139-b60adc9e1abf,49.00,2026-02-23 15:30:00.000 +0100,W,k,Kwartierwaarden voor belastingtransformator
4 003 144,07fbd31c-c94a-41b6-b139-b60adc9e1abf,57.00,2026-02-23 15:45:00.000 +0100,W,k,Kwartierwaarden voor belastingtransformator
4 003 144,07fbd31c-c94a-41b6-b139-b60adc9e1abf,66.00,2026-02-23 16:00:00.000 +0100,W,k,Kwartierwaarden voor belastingtransformator
4 003 144,07fbd31c-c94a-41b6-b139-b60adc9e1abf,77.00,2026-02-23 16:15:00.000 +0100,W,k,Kwartierwaarden voor belastingtransformator
4 003 144,07fbd31c-c94a-41b6-b139-b60adc9e1abf,85.00,2026-02-23 16:30:00.000 +0100,W,k,Kwartierwaarden voor belastingtransformator
4 003 144,07fbd31c-c94a-41b6-b139-b60adc9e1abf,92.00,2026-02-23 16:45:00.000 +0100,W,k,Kwartierwaarden voor belastingtransformator
4 003 144,07fbd31c-c94a-41b6-b139-b60adc9e1abf,95.00,2026-02-23 17:00:00.000 +0100,W,k,Kwartierwaarden voor belastingtransformator
4 003 144,07fbd31c-c94a-41b6-b139-b60adc9e1abf,95.00,2026-02-23 17:15:00.000 +0100,W,k,Kwartierwaarden voor belastingtransformator
4 003 144,07fbd31c-c94a-41b6-b139-b60adc9e1abf,93.00,2026-02-23 17:30:00.000 +0100,W,k,Kwartierwaarden voor belastingtransformator
4 003 144,07fbd31c-c94a-41b6-b139-b60adc9e1abf,93.00,2026-02-23 17:45:00.000 +0100,W,k,Kwartierwaarden voor belastingtransformator
4 003 144,07fbd31c-c94a-41b6-b139-b60adc9e1abf,91.00,2026-02-23 18:00:00.000 +0100,W,k,Kwartierwaarden voor belastingtransformator
4 003 144,07fbd31c-c94a-41b6-b139-b60adc9e1abf,88.00,2026-02-23 18:15:00.000 +0100,W,k,Kwartierwaarden voor belastingtransformator
4 003 144,07fbd31c-c94a-41b6-b139-b60adc9e1abf,86.00,2026-02-23 18:30:00.000 +0100,W,k,Kwartierwaarden voor belastingtransformator
4 003 144,07fbd31c-c94a-41b6-b139-b60adc9e1abf,85.00,2026-02-23 18:45:00.000 +0100,W,k,Kwartierwaarden voor belastingtransformator
4 003 144,07fbd31c-c94a-41b6-b139-b60adc9e1abf,81.00,2026-02-23 19:00:00.000 +0100,W,k,Kwartierwaarden voor belastingtransformator
4 003 144,07fbd31c-c94a-41b6-b139-b60adc9e1abf,79.00,2026-02-23 19:15:00.000 +0100,W,k,Kwartierwaarden voor belastingtransformator
4 003 144,07fbd31c-c94a-41b6-b139-b60adc9e1abf,76.00,2026-02-23 19:30:00.000 +0100,W,k,Kwartierwaarden voor belastingtransformator
4 003 144,07fbd31c-c94a-41b6-b139-b60adc9e1abf,73.00,2026-02-23 19:45:00.000 +0100,W,k,Kwartierwaarden voor belastingtransformator
4 003 144,07fbd31c-c94a-41b6-b139-b60adc9e1abf,71.00,2026-02-23 20:00:00.000 +0100,W,k,Kwartierwaarden voor belastingtransformator
4 003 144,07fbd31c-c94a-41b6-b139-b60adc9e1abf,69.00,2026-02-23 20:15:00.000 +0100,W,k,Kwartierwaarden voor belastingtransformator
4 003 144,07fbd31c-c94a-41b6-b139-b60adc9e1abf,67.00,2026-02-23 20:30:00.000 +0100,W,k,Kwartierwaarden voor belastingtransformator
4 003 144,07fbd31c-c94a-41b6-b139-b60adc9e1abf,64.00,2026-02-23 20:45:00.000 +0100,W,k,Kwartierwaarden voor belastingtransformator
4 003 144,07fbd31c-c94a-41b6-b139-b60adc9e1abf,61.00,2026-02-23 21:00:00.000 +0100,W,k,Kwartierwaarden voor belastingtransformator
4 003 144,07fbd31c-c94a-41b6-b139-b60adc9e1abf,58.00,2026-02-23 21:15:00.000 +0100,W,k,Kwartierwaarden voor belastingtransformator
4 003 144,07fbd31c-c94a-41b6-b139-b60adc9e1abf,55.00,2026-02-23 21:30:00.000 +0100,W,k,Kwartierwaarden voor belastingtransformator
3 018 817,df135b44-9eeb-441e-b8db-ce5d6ddef77c,29.00,2026-02-24 22:30:00.000 +0100,W,k,Kwartierwaarden voor belastingtransformator
3 018 817,df135b44-9eeb-441e-b8db-ce5d6ddef77c,27.00,2026-02-24 22:45:00.000 +0100,W,k,Kwartierwaarden voor belastingtransformator
3 018 817,df135b44-9eeb-441e-b8db-ce5d6ddef77c,26.00,2026-02-24 23:00:00.000 +0100,W,k,Kwartierwaarden voor belastingtransformator
3 018 817,df135b44-9eeb-441e-b8db-ce5d6ddef77c,25.00,2026-02-24 23:15:00.000 +0100,W,k,Kwartierwaarden voor belastingtransformator
3 018 817,df135b44-9eeb-441e-b8db-ce5d6ddef77c,25.00,2026-02-24 23:30:00.000 +0100,W,k,Kwartierwaarden voor belastingtransformator
3 018 817,df135b44-9eeb-441e-b8db-ce5d6ddef77c,24.00,2026-02-24 23:45:00.000 +0100,W,k,Kwartierwaarden voor belastingtransformator
3 018 817,df135b44-9eeb-441e-b8db-ce5d6ddef77c,23.00,2026-02-25 00:00:00.000 +0100,W,k,Kwartierwaarden voor belastingtransformator
3 018 817,df135b44-9eeb-441e-b8db-ce5d6ddef77c,23.00,2026-02-25 00:15:00.000 +0100,W,k,Kwartierwaarden voor belastingtransformator
3 018 817,df135b44-9eeb-441e-b8db-ce5d6ddef77c,23.00,2026-02-25 00:30:00.000 +0100,W,k,Kwartierwaarden voor belastingtransformator
3 018 817,df135b44-9eeb-441e-b8db-ce5d6ddef77c,22.00,2026-02-25 00:45:00.000 +0100,W,k,Kwartierwaarden voor belastingtransformator
3 018 817,df135b44-9eeb-441e-b8db-ce5d6ddef77c,22.00,2026-02-25 01:00:00.000 +0100,W,k,Kwartierwaarden voor belastingtransformator
3 018 817,df135b44-9eeb-441e-b8db-ce5d6ddef77c,22.00,2026-02-25 01:15:00.000 +0100,W,k,Kwartierwaarden voor belastingtransformator
3 018 817,df135b44-9eeb-441e-b8db-ce5d6ddef77c,22.00,2026-02-25 01:30:00.000 +0100,W,k,Kwartierwaarden voor belastingtransformator
3 018 817,df135b44-9eeb-441e-b8db-ce5d6ddef77c,21.00,2026-02-25 01:45:00.000 +0100,W,k,Kwartierwaarden voor belastingtransformator
3 018 817,df135b44-9eeb-441e-b8db-ce5d6ddef77c,21.00,2026-02-25 02:00:00.000 +0100,W,k,Kwartierwaarden voor belastingtransformator
3 018 817,df135b44-9eeb-441e-b8db-ce5d6ddef77c,21.00,2026-02-25 02:15:00.000 +0100,W,k,Kwartierwaarden voor belastingtransformator
3 018 817,df135b44-9eeb-441e-b8db-ce5d6ddef77c,21.00,2026-02-25 02:30:00.000 +0100,W,k,Kwartierwaarden voor belastingtransformator
3 018 817,df135b44-9eeb-441e-b8db-ce5d6ddef77c,21.00,2026-02-25 02:45:00.000 +0100,W,k,Kwartierwaarden voor belastingtransformator
3 018 817,df135b44-9eeb-441e-b8db-ce5d6ddef77c,21.00,2026-02-25 03:00:00.000 +0100,W,k,Kwartierwaarden voor belastingtransformator
3 018 817,df135b44-9eeb-441e-b8db-ce5d6ddef77c,21.00,2026-02-25 03:15:00.000 +0100,W,k,Kwartierwaarden voor belastingtransformator
3 018 817,df135b44-9eeb-441e-b8db-ce5d6ddef77c,21.00,2026-02-25 03:30:00.000 +0100,W,k,Kwartierwaarden voor belastingtransformator
3 018 817,df135b44-9eeb-441e-b8db-ce5d6ddef77c,21.00,2026-02-25 03:45:00.000 +0100,W,k,Kwartierwaarden voor belastingtransformator
3 018 817,df135b44-9eeb-441e-b8db-ce5d6ddef77c,22.00,2026-02-25 04:00:00.000 +0100,W,k,Kwartierwaarden voor belastingtransformator
3 018 817,df135b44-9eeb-441e-b8db-ce5d6ddef77c,22.00,2026-02-25 04:15:00.000 +0100,W,k,Kwartierwaarden voor belastingtransformator
3 018 817,df135b44-9eeb-441e-b8db-ce5d6ddef77c,23.00,2026-02-25 04:30:00.000 +0100,W,k,Kwartierwaarden voor belastingtransformator
3 018 817,df135b44-9eeb-441e-b8db-ce5d6ddef77c,24.00,2026-02-25 04:45:00.000 +0100,W,k,Kwartierwaarden voor belastingtransformator
3 018 817,df135b44-9eeb-441e-b8db-ce5d6ddef77c,25.00,2026-02-25 05:00:00.000 +0100,W,k,Kwartierwaarden voor belastingtransformator
3 018 817,df135b44-9eeb-441e-b8db-ce5d6ddef77c,27.00,2026-02-25 05:15:00.000 +0100,W,k,Kwartierwaarden voor belastingtransformator
3 018 817,df135b44-9eeb-441e-b8db-ce5d6ddef77c,29.00,2026-02-25 05:30:00.000 +0100,W,k,Kwartierwaarden voor belastingtransformator
3 018 817,df135b44-9eeb-441e-b8db-ce5d6ddef77c,31.00,2026-02-25 05:45:00.000 +0100,W,k,Kwartierwaarden voor belastingtransformator
3 018 817,df135b44-9eeb-441e-b8db-ce5d6ddef77c,34.00,2026-02-25 06:00:00.000 +0100,W,k,Kwartierwaarden voor belastingtransformator
3 018 817,df135b44-9eeb-441e-b8db-ce5d6ddef77c,36.00,2026-02-25 06:15:00.000 +0100,W,k,Kwartierwaarden voor belastingtransformator
3 018 817,df135b44-9eeb-441e-b8db-ce5d6ddef77c,38.00,2026-02-25 06:30:00.000 +0100,W,k,Kwartierwaarden voor belastingtransformator
3 018 817,df135b44-9eeb-441e-b8db-ce5d6ddef77c,39.00,2026-02-25 06:45:00.000 +0100,W,k,Kwartierwaarden voor belastingtransformator
3 018 817,df135b44-9eeb-441e-b8db-ce5d6ddef77c,39.00,2026-02-25 07:00:00.000 +0100,W,k,Kwartierwaarden voor belastingtransformator
3 018 817,df135b44-9eeb-441e-b8db-ce5d6ddef77c,36.00,2026-02-25 07:15:00.000 +0100,W,k,Kwartierwaarden voor belastingtransformator
3 018 817,df135b44-9eeb-441e-b8db-ce5d6ddef77c,33.00,2026-02-25 07:30:00.000 +0100,W,k,Kwartierwaarden voor belastingtransformator
3 018 817,df135b44-9eeb-441e-b8db-ce5d6ddef77c,30.00,2026-02-25 07:45:00.000 +0100,W,k,Kwartierwaarden voor belastingtransformator
3 018 817,df135b44-9eeb-441e-b8db-ce5d6ddef77c,27.00,2026-02-25 08:00:00.000 +0100,W,k,Kwartierwaarden voor belastingtransformator
3 018 817,df135b44-9eeb-441e-b8db-ce5d6ddef77c,21.00,2026-02-25 08:15:00.000 +0100,W,k,Kwartierwaarden voor belastingtransformator
3 018 817,df135b44-9eeb-441e-b8db-ce5d6ddef77c,15.00,2026-02-25 08:30:00.000 +0100,W,k,Kwartierwaarden voor belastingtransformator
3 018 817,df135b44-9eeb-441e-b8db-ce5d6ddef77c,9.00,2026-02-25 08:45:00.000 +0100,W,k,Kwartierwaarden voor belastingtransformator
3 018 817,df135b44-9eeb-441e-b8db-ce5d6ddef77c,4.00,2026-02-25 09:00:00.000 +0100,W,k,Kwartierwaarden voor belastingtransformator
3 018 817,df135b44-9eeb-441e-b8db-ce5d6ddef77c,-2.00,2026-02-25 09:15:00.000 +0100,W,k,Kwartierwaarden voor belastingtransformator
3 018 817,df135b44-9eeb-441e-b8db-ce5d6ddef77c,-7.00,2026-02-25 09:30:00.000 +0100,W,k,Kwartierwaarden voor belastingtransformator
3 018 817,df135b44-9eeb-441e-b8db-ce5d6ddef77c,-12.00,2026-02-25 09:45:00.000 +0100,W,k,Kwartierwaarden voor belastingtransformator
3 018 817,df135b44-9eeb-441e-b8db-ce5d6ddef77c,-17.00,2026-02-25 10:00:00.000 +0100,W,k,Kwartierwaarden voor belastingtransformator
3 018 817,df135b44-9eeb-441e-b8db-ce5d6ddef77c,-20.00,2026-02-25 10:15:00.000 +0100,W,k,Kwartierwaarden voor belastingtransformator
3 018 817,df135b44-9eeb-441e-b8db-ce5d6ddef77c,-23.00,2026-02-25 10:30:00.000 +0100,W,k,Kwartierwaarden voor belastingtransformator
3 018 817,df135b44-9eeb-441e-b8db-ce5d6ddef77c,-26.00,2026-02-25 10:45:00.000 +0100,W,k,Kwartierwaarden voor belastingtransformator
3 018 817,df135b44-9eeb-441e-b8db-ce5d6ddef77c,-28.00,2026-02-25 11:00:00.000 +0100,W,k,Kwartierwaarden voor belastingtransformator
3 018 817,df135b44-9eeb-441e-b8db-ce5d6ddef77c,-30.00,2026-02-25 11:15:00.000 +0100,W,k,Kwartierwaarden voor belastingtransformator
3 018 817,df135b44-9eeb-441e-b8db-ce5d6ddef77c,-31.00,2026-02-25 11:30:00.000 +0100,W,k,Kwartierwaarden voor belastingtransformator
3 018 817,df135b44-9eeb-441e-b8db-ce5d6ddef77c,-32.00,2026-02-25 11:45:00.000 +0100,W,k,Kwartierwaarden voor belastingtransformator
3 018 817,df135b44-9eeb-441e-b8db-ce5d6ddef77c,-34.00,2026-02-25 12:00:00.000 +0100,W,k,Kwartierwaarden voor belastingtransformator
3 018 817,df135b44-9eeb-441e-b8db-ce5d6ddef77c,-33.00,2026-02-25 12:15:00.000 +0100,W,k,Kwartierwaarden voor belastingtransformator
3 018 817,df135b44-9eeb-441e-b8db-ce5d6ddef77c,-34.00,2026-02-25 12:30:00.000 +0100,W,k,Kwartierwaarden voor belastingtransformator
3 018 817,df135b44-9eeb-441e-b8db-ce5d6ddef77c,-33.00,2026-02-25 12:45:00.000 +0100,W,k,Kwartierwaarden voor belastingtransformator
3 018 817,df135b44-9eeb-441e-b8db-ce5d6ddef77c,-33.00,2026-02-25 13:00:00.000 +0100,W,k,Kwartierwaarden voor belastingtransformator
3 018 817,df135b44-9eeb-441e-b8db-ce5d6ddef77c,-31.00,2026-02-25 13:15:00.000 +0100,W,k,Kwartierwaarden voor belastingtransformator
3 018 817,df135b44-9eeb-441e-b8db-ce5d6ddef77c,-29.00,2026-02-25 13:30:00.000 +0100,W,k,Kwartierwaarden voor belastingtransformator
3 018 817,df135b44-9eeb-441e-b8db-ce5d6ddef77c,-26.00,2026-02-25 13:45:00.000 +0100,W,k,Kwartierwaarden voor belastingtransformator
3 018 817,df135b44-9eeb-441e-b8db-ce5d6ddef77c,-24.00,2026-02-25 14:00:00.000 +0100,W,k,Kwartierwaarden voor belastingtransformator
3 018 817,df135b44-9eeb-441e-b8db-ce5d6ddef77c,-21.00,2026-02-25 14:15:00.000 +0100,W,k,Kwartierwaarden voor belastingtransformator
3 018 817,df135b44-9eeb-441e-b8db-ce5d6ddef77c,-16.00,2026-02-25 14:30:00.000 +0100,W,k,Kwartierwaarden voor belastingtransformator
3 018 817,df135b44-9eeb-441e-b8db-ce5d6ddef77c,-12.00,2026-02-25 14:45:00.000 +0100,W,k,Kwartierwaarden voor belastingtransformator
3 018 817,df135b44-9eeb-441e-b8db-ce5d6ddef77c,-7.00,2026-02-25 15:00:00.000 +0100,W,k,Kwartierwaarden voor belastingtransformator
3 018 817,df135b44-9eeb-441e-b8db-ce5d6ddef77c,-2.00,2026-02-25 15:15:00.000 +0100,W,k,Kwartierwaarden voor belastingtransformator
3 018 817,df135b44-9eeb-441e-b8db-ce5d6ddef77c,5.00,2026-02-25 15:30:00.000 +0100,W,k,Kwartierwaarden voor belastingtransformator
3 018 817,df135b44-9eeb-441e-b8db-ce5d6ddef77c,13.00,2026-02-25 15:45:00.000 +0100,W,k,Kwartierwaarden voor belastingtransformator
3 018 817,df135b44-9eeb-441e-b8db-ce5d6ddef77c,21.00,2026-02-25 16:00:00.000 +0100,W,k,Kwartierwaarden voor belastingtransformator
3 018 817,df135b44-9eeb-441e-b8db-ce5d6ddef77c,32.00,2026-02-25 16:15:00.000 +0100,W,k,Kwartierwaarden voor belastingtransformator
3 018 817,df135b44-9eeb-441e-b8db-ce5d6ddef77c,41.00,2026-02-25 16:30:00.000 +0100,W,k,Kwartierwaarden voor belastingtransformator
3 018 817,df135b44-9eeb-441e-b8db-ce5d6ddef77c,48.00,2026-02-25 16:45:00.000 +0100,W,k,Kwartierwaarden voor belastingtransformator
3 018 817,df135b44-9eeb-441e-b8db-ce5d6ddef77c,54.00,2026-02-25 17:00:00.000 +0100,W,k,Kwartierwaarden voor belastingtransformator
3 018 817,df135b44-9eeb-441e-b8db-ce5d6ddef77c,54.00,2026-02-25 17:15:00.000 +0100,W,k,Kwartierwaarden voor belastingtransformator
3 018 817,df135b44-9eeb-441e-b8db-ce5d6ddef77c,55.00,2026-02-25 17:30:00.000 +0100,W,k,Kwartierwaarden voor belastingtransformator
3 018 817,df135b44-9eeb-441e-b8db-ce5d6ddef77c,55.00,2026-02-25 17:45:00.000 +0100,W,k,Kwartierwaarden voor belastingtransformator
3 018 817,df135b44-9eeb-441e-b8db-ce5d6ddef77c,55.00,2026-02-25 18:00:00.000 +0100,W,k,Kwartierwaarden voor belastingtransformator
3 018 817,df135b44-9eeb-441e-b8db-ce5d6ddef77c,53.00,2026-02-25 18:15:00.000 +0100,W,k,Kwartierwaarden voor belastingtransformator
3 018 817,df135b44-9eeb-441e-b8db-ce5d6ddef77c,52.00,2026-02-25 18:30:00.000 +0100,W,k,Kwartierwaarden voor belastingtransformator
3 018 817,df135b44-9eeb-441e-b8db-ce5d6ddef77c,51.00,2026-02-25 18:45:00.000 +0100,W,k,Kwartierwaarden voor belastingtransformator
3 018 817,df135b44-9eeb-441e-b8db-ce5d6ddef77c,49.00,2026-02-25 19:00:00.000 +0100,W,k,Kwartierwaarden voor belastingtransformator
3 018 817,df135b44-9eeb-441e-b8db-ce5d6ddef77c,48.00,2026-02-25 19:15:00.000 +0100,W,k,Kwartierwaarden voor belastingtransformator
3 018 817,df135b44-9eeb-441e-b8db-ce5d6ddef77c,47.00,2026-02-25 19:30:00.000 +0100,W,k,Kwartierwaarden voor belastingtransformator
3 018 817,df135b44-9eeb-441e-b8db-ce5d6ddef77c,45.00,2026-02-25 19:45:00.000 +0100,W,k,Kwartierwaarden voor belastingtransformator
3 018 817,df135b44-9eeb-441e-b8db-ce5d6ddef77c,44.00,2026-02-25 20:00:00.000 +0100,W,k,Kwartierwaarden voor belastingtransformator
3 018 817,df135b44-9eeb-441e-b8db-ce5d6ddef77c,42.00,2026-02-25 20:15:00.000 +0100,W,k,Kwartierwaarden voor belastingtransformator
3 018 817,df135b44-9eeb-441e-b8db-ce5d6ddef77c,41.00,2026-02-25 20:30:00.000 +0100,W,k,Kwartierwaarden voor belastingtransformator
3 018 817,df135b44-9eeb-441e-b8db-ce5d6ddef77c,40.00,2026-02-25 20:45:00.000 +0100,W,k,Kwartierwaarden voor belastingtransformator
3 018 817,df135b44-9eeb-441e-b8db-ce5d6ddef77c,38.00,2026-02-25 21:00:00.000 +0100,W,k,Kwartierwaarden voor belastingtransformator
3 018 817,df135b44-9eeb-441e-b8db-ce5d6ddef77c,36.00,2026-02-25 21:15:00.000 +0100,W,k,Kwartierwaarden voor belastingtransformator
3 018 817,df135b44-9eeb-441e-b8db-ce5d6ddef77c,35.00,2026-02-25 21:30:00.000 +0100,W,k,Kwartierwaarden voor belastingtransformator
3 018 817,df135b44-9eeb-441e-b8db-ce5d6ddef77c,33.00,2026-02-25 21:45:00.000 +0100,W,k,Kwartierwaarden voor belastingtransformator
3 018 817,df135b44-9eeb-441e-b8db-ce5d6ddef77c,31.00,2026-02-25 22:00:00.000 +0100,W,k,Kwartierwaarden voor belastingtransformator
3 018 817,df135b44-9eeb-441e-b8db-ce5d6ddef77c,30.00,2026-02-25 22:15:00.000 +0100,W,k,Kwartierwaarden voor belastingtransformator
3 018 817,df135b44-9eeb-441e-b8db-ce5d6ddef77c,28.00,2026-02-25 22:30:00.000 +0100,W,k,Kwartierwaarden voor belastingtransformator
3 018 817,df135b44-9eeb-441e-b8db-ce5d6ddef77c,27.00,2026-02-25 22:45:00.000 +0100,W,k,Kwartierwaarden voor belastingtransformator
3 018 817,df135b44-9eeb-441e-b8db-ce5d6ddef77c,26.00,2026-02-25 23:00:00.000 +0100,W,k,Kwartierwaarden voor belastingtransformator
3 018 817,df135b44-9eeb-441e-b8db-ce5d6ddef77c,25.00,2026-02-25 23:15:00.000 +0100,W,k,Kwartierwaarden voor belastingtransformator
3 018 817,df135b44-9eeb-441e-b8db-ce5d6ddef77c,24.00,2026-02-25 23:30:00.000 +0100,W,k,Kwartierwaarden voor belastingtransformator
3 018 817,df135b44-9eeb-441e-b8db-ce5d6ddef77c,23.00,2026-02-25 23:45:00.000 +0100,W,k,Kwartierwaarden voor belastingtransformator
3 024 090,e54a68b0-d348-46d5-8b1e-a57f8261bcf4,83.00,2026-02-23 00:00:00.000 +0100,W,k,Kwartierwaarden voor belastingtransformator
3 024 090,e54a68b0-d348-46d5-8b1e-a57f8261bcf4,80.00,2026-02-23 00:15:00.000 +0100,W,k,Kwartierwaarden voor belastingtransformator
3 024 090,e54a68b0-d348-46d5-8b1e-a57f8261bcf4,77.00,2026-02-23 00:30:00.000 +0100,W,k,Kwartierwaarden voor belastingtransformator
3 024 090,e54a68b0-d348-46d5-8b1e-a57f8261bcf4,75.00,2026-02-23 00:45:00.000 +0100,W,k,Kwartierwaarden voor belastingtransformator
3 024 090,e54a68b0-d348-46d5-8b1e-a57f8261bcf4,74.00,2026-02-23 01:00:00.000 +0100,W,k,Kwartierwaarden voor belastingtransformator
3 024 090,e54a68b0-d348-46d5-8b1e-a57f8261bcf4,72.00,2026-02-23 01:15:00.000 +0100,W,k,Kwartierwaarden voor belastingtransformator
3 024 090,e54a68b0-d348-46d5-8b1e-a57f8261bcf4,71.00,2026-02-23 01:30:00.000 +0100,W,k,Kwartierwaarden voor belastingtransformator
3 024 090,e54a68b0-d348-46d5-8b1e-a57f8261bcf4,69.00,2026-02-23 01:45:00.000 +0100,W,k,Kwartierwaarden voor belastingtransformator
3 024 090,e54a68b0-d348-46d5-8b1e-a57f8261bcf4,69.00,2026-02-23 02:00:00.000 +0100,W,k,Kwartierwaarden voor belastingtransformator
3 024 090,e54a68b0-d348-46d5-8b1e-a57f8261bcf4,68.00,2026-02-23 02:15:00.000 +0100,W,k,Kwartierwaarden voor belastingtransformator
3 024 090,e54a68b0-d348-46d5-8b1e-a57f8261bcf4,67.00,2026-02-23 02:30:00.000 +0100,W,k,Kwartierwaarden voor belastingtransformator
3 024 090,e54a68b0-d348-46d5-8b1e-a57f8261bcf4,66.00,2026-02-23 02:45:00.000 +0100,W,k,Kwartierwaarden voor belastingtransformator
3 024 090,e54a68b0-d348-46d5-8b1e-a57f8261bcf4,66.00,2026-02-23 03:00:00.000 +0100,W,k,Kwartierwaarden voor belastingtransformator
3 024 090,e54a68b0-d348-46d5-8b1e-a57f8261bcf4,65.00,2026-02-23 03:15:00.000 +0100,W,k,Kwartierwaarden voor belastingtransformator
3 024 090,e54a68b0-d348-46d5-8b1e-a57f8261bcf4,65.00,2026-02-23 03:30:00.000 +0100,W,k,Kwartierwaarden voor belastingtransformator
3 024 090,e54a68b0-d348-46d5-8b1e-a57f8261bcf4,65.00,2026-02-23 03:45:00.000 +0100,W,k,Kwartierwaarden voor belastingtransformator
3 024 090,e54a68b0-d348-46d5-8b1e-a57f8261bcf4,65.00,2026-02-23 04:00:00.000 +0100,W,k,Kwartierwaarden voor belastingtransformator
3 024 090,e54a68b0-d348-46d5-8b1e-a57f8261bcf4,66.00,2026-02-23 04:15:00.000 +0100,W,k,Kwartierwaarden voor belastingtransformator
3 024 090,e54a68b0-d348-46d5-8b1e-a57f8261bcf4,67.00,2026-02-23 04:30:00.000 +0100,W,k,Kwartierwaarden voor belastingtransformator
3 024 090,e54a68b0-d348-46d5-8b1e-a57f8261bcf4,69.00,2026-02-23 04:45:00.000 +0100,W,k,Kwartierwaarden voor belastingtransformator
3 024 090,e54a68b0-d348-46d5-8b1e-a57f8261bcf4,71.00,2026-02-23 05:00:00.000 +0100,W,k,Kwartierwaarden voor belastingtransformator
3 024 090,e54a68b0-d348-46d5-8b1e-a57f8261bcf4,74.00,2026-02-23 05:15:00.000 +0100,W,k,Kwartierwaarden voor belastingtransformator
3 024 090,e54a68b0-d348-46d5-8b1e-a57f8261bcf4,78.00,2026-02-23 05:30:00.000 +0100,W,k,Kwartierwaarden voor belastingtransformator
3 024 090,e54a68b0-d348-46d5-8b1e-a57f8261bcf4,83.00,2026-02-23 05:45:00.000 +0100,W,k,Kwartierwaarden voor belastingtransformator
3 024 090,e54a68b0-d348-46d5-8b1e-a57f8261bcf4,89.00,2026-02-23 06:00:00.000 +0100,W,k,Kwartierwaarden voor belastingtransformator
3 024 090,e54a68b0-d348-46d5-8b1e-a57f8261bcf4,93.00,2026-02-23 06:15:00.000 +0100,W,k,Kwartierwaarden voor belastingtransformator
3 024 090,e54a68b0-d348-46d5-8b1e-a57f8261bcf4,96.00,2026-02-23 06:30:00.000 +0100,W,k,Kwartierwaarden voor belastingtransformator
3 024 090,e54a68b0-d348-46d5-8b1e-a57f8261bcf4,98.00,2026-02-23 06:45:00.000 +0100,W,k,Kwartierwaarden voor belastingtransformator
3 024 090,e54a68b0-d348-46d5-8b1e-a57f8261bcf4,99.00,2026-02-23 07:00:00.000 +0100,W,k,Kwartierwaarden voor belastingtransformator
3 024 090,e54a68b0-d348-46d5-8b1e-a57f8261bcf4,93.00,2026-02-23 07:15:00.000 +0100,W,k,Kwartierwaarden voor belastingtransformator
3 024 090,e54a68b0-d348-46d5-8b1e-a57f8261bcf4,88.00,2026-02-23 07:30:00.000 +0100,W,k,Kwartierwaarden voor belastingtransformator
3 024 090,e54a68b0-d348-46d5-8b1e-a57f8261bcf4,83.00,2026-02-23 07:45:00.000 +0100,W,k,Kwartierwaarden voor belastingtransformator
3 024 090,e54a68b0-d348-46d5-8b1e-a57f8261bcf4,77.00,2026-02-23 08:00:00.000 +0100,W,k,Kwartierwaarden voor belastingtransformator
3 024 090,e54a68b0-d348-46d5-8b1e-a57f8261bcf4,70.00,2026-02-23 08:15:00.000 +0100,W,k,Kwartierwaarden voor belastingtransformator
3 024 090,e54a68b0-d348-46d5-8b1e-a57f8261bcf4,63.00,2026-02-23 08:30:00.000 +0100,W,k,Kwartierwaarden voor belastingtransformator
3 024 090,e54a68b0-d348-46d5-8b1e-a57f8261bcf4,57.00,2026-02-23 08:45:00.000 +0100,W,k,Kwartierwaarden voor belastingtransformator
3 024 090,e54a68b0-d348-46d5-8b1e-a57f8261bcf4,49.00,2026-02-23 09:00:00.000 +0100,W,k,Kwartierwaarden voor belastingtransformator
3 024 090,e54a68b0-d348-46d5-8b1e-a57f8261bcf4,49.00,2026-02-23 09:15:00.000 +0100,W,k,Kwartierwaarden voor belastingtransformator
3 024 090,e54a68b0-d348-46d5-8b1e-a57f8261bcf4,51.00,2026-02-23 09:30:00.000 +0100,W,k,Kwartierwaarden voor belastingtransformator
3 024 090,e54a68b0-d348-46d5-8b1e-a57f8261bcf4,52.00,2026-02-23 09:45:00.000 +0100,W,k,Kwartierwaarden voor belastingtransformator
3 024 090,e54a68b0-d348-46d5-8b1e-a57f8261bcf4,55.00,2026-02-23 10:00:00.000 +0100,W,k,Kwartierwaarden voor belastingtransformator
3 024 090,e54a68b0-d348-46d5-8b1e-a57f8261bcf4,55.00,2026-02-23 10:15:00.000 +0100,W,k,Kwartierwaarden voor belastingtransformator
3 024 090,e54a68b0-d348-46d5-8b1e-a57f8261bcf4,56.00,2026-02-23 10:30:00.000 +0100,W,k,Kwartierwaarden voor belastingtransformator
3 024 090,e54a68b0-d348-46d5-8b1e-a57f8261bcf4,58.00,2026-02-23 10:45:00.000 +0100,W,k,Kwartierwaarden voor belastingtransformator
3 024 090,e54a68b0-d348-46d5-8b1e-a57f8261bcf4,61.00,2026-02-23 11:00:00.000 +0100,W,k,Kwartierwaarden voor belastingtransformator
3 024 090,e54a68b0-d348-46d5-8b1e-a57f8261bcf4,53.00,2026-02-23 11:15:00.000 +0100,W,k,Kwartierwaarden voor belastingtransformator
3 024 090,e54a68b0-d348-46d5-8b1e-a57f8261bcf4,45.00,2026-02-23 11:30:00.000 +0100,W,k,Kwartierwaarden voor belastingtransformator
3 024 090,e54a68b0-d348-46d5-8b1e-a57f8261bcf4,36.00,2026-02-23 11:45:00.000 +0100,W,k,Kwartierwaarden voor belastingtransformator
3 024 090,e54a68b0-d348-46d5-8b1e-a57f8261bcf4,28.00,2026-02-23 12:00:00.000 +0100,W,k,Kwartierwaarden voor belastingtransformator
3 024 090,e54a68b0-d348-46d5-8b1e-a57f8261bcf4,34.00,2026-02-23 12:15:00.000 +0100,W,k,Kwartierwaarden voor belastingtransformator
3 024 090,e54a68b0-d348-46d5-8b1e-a57f8261bcf4,40.00,2026-02-23 12:30:00.000 +0100,W,k,Kwartierwaarden voor belastingtransformator
3 024 090,e54a68b0-d348-46d5-8b1e-a57f8261bcf4,46.00,2026-02-23 12:45:00.000 +0100,W,k,Kwartierwaarden voor belastingtransformator
3 024 090,e54a68b0-d348-46d5-8b1e-a57f8261bcf4,53.00,2026-02-23 13:00:00.000 +0100,W,k,Kwartierwaarden voor belastingtransformator
3 024 090,e54a68b0-d348-46d5-8b1e-a57f8261bcf4,58.00,2026-02-23 13:15:00.000 +0100,W,k,Kwartierwaarden voor belastingtransformator
3 024 090,e54a68b0-d348-46d5-8b1e-a57f8261bcf4,63.00,2026-02-23 13:30:00.000 +0100,W,k,Kwartierwaarden voor belastingtransformator
3 024 090,e54a68b0-d348-46d5-8b1e-a57f8261bcf4,68.00,2026-02-23 13:45:00.000 +0100,W,k,Kwartierwaarden voor belastingtransformator
3 024 090,e54a68b0-d348-46d5-8b1e-a57f8261bcf4,73.00,2026-02-23 14:00:00.000 +0100,W,k,Kwartierwaarden voor belastingtransformator
3 024 090,e54a68b0-d348-46d5-8b1e-a57f8261bcf4,75.00,2026-02-23 14:15:00.000 +0100,W,k,Kwartierwaarden voor belastingtransformator
3 024 090,e54a68b0-d348-46d5-8b1e-a57f8261bcf4,77.00,2026-02-23 14:30:00.000 +0100,W,k,Kwartierwaarden voor belastingtransformator
3 024 090,e54a68b0-d348-46d5-8b1e-a57f8261bcf4,80.00,2026-02-23 14:45:00.000 +0100,W,k,Kwartierwaarden voor belastingtransformator
3 024 090,e54a68b0-d348-46d5-8b1e-a57f8261bcf4,85.00,2026-02-23 15:00:00.000 +0100,W,k,Kwartierwaarden voor belastingtransformator
3 024 090,e54a68b0-d348-46d5-8b1e-a57f8261bcf4,87.00,2026-02-23 15:15:00.000 +0100,W,k,Kwartierwaarden voor belastingtransformator
3 024 090,e54a68b0-d348-46d5-8b1e-a57f8261bcf4,91.00,2026-02-23 15:30:00.000 +0100,W,k,Kwartierwaarden voor belastingtransformator
3 024 090,e54a68b0-d348-46d5-8b1e-a57f8261bcf4,98.00,2026-02-23 15:45:00.000 +0100,W,k,Kwartierwaarden voor belastingtransformator
3 024 090,e54a68b0-d348-46d5-8b1e-a57f8261bcf4,108.00,2026-02-23 16:00:00.000 +0100,W,k,Kwartierwaarden voor belastingtransformator
3 024 090,e54a68b0-d348-46d5-8b1e-a57f8261bcf4,127.00,2026-02-23 16:15:00.000 +0100,W,k,Kwartierwaarden voor belastingtransformator
3 024 090,e54a68b0-d348-46d5-8b1e-a57f8261bcf4,144.00,2026-02-23 16:30:00.000 +0100,W,k,Kwartierwaarden voor belastingtransformator
3 024 090,e54a68b0-d348-46d5-8b1e-a57f8261bcf4,158.00,2026-02-23 16:45:00.000 +0100,W,k,Kwartierwaarden voor belastingtransformator
3 024 090,e54a68b0-d348-46d5-8b1e-a57f8261bcf4,168.00,2026-02-23 17:00:00.000 +0100,W,k,Kwartierwaarden voor belastingtransformator
3 024 090,e54a68b0-d348-46d5-8b1e-a57f8261bcf4,171.00,2026-02-23 17:15:00.000 +0100,W,k,Kwartierwaarden voor belastingtransformator
3 024 090,e54a68b0-d348-46d5-8b1e-a57f8261bcf4,173.00,2026-02-23 17:30:00.000 +0100,W,k,Kwartierwaarden voor belastingtransformator
3 024 090,e54a68b0-d348-46d5-8b1e-a57f8261bcf4,173.00,2026-02-23 17:45:00.000 +0100,W,k,Kwartierwaarden voor belastingtransformator
3 024 090,e54a68b0-d348-46d5-8b1e-a57f8261bcf4,171.00,2026-02-23 18:00:00.000 +0100,W,k,Kwartierwaarden voor belastingtransformator
3 024 090,e54a68b0-d348-46d5-8b1e-a57f8261bcf4,168.00,2026-02-23 18:15:00.000 +0100,W,k,Kwartierwaarden voor belastingtransformator
3 024 090,e54a68b0-d348-46d5-8b1e-a57f8261bcf4,165.00,2026-02-23 18:30:00.000 +0100,W,k,Kwartierwaarden voor belastingtransformator
3 024 090,e54a68b0-d348-46d5-8b1e-a57f8261bcf4,163.00,2026-02-23 18:45:00.000 +0100,W,k,Kwartierwaarden voor belastingtransformator
3 024 090,e54a68b0-d348-46d5-8b1e-a57f8261bcf4,159.00,2026-02-23 19:00:00.000 +0100,W,k,Kwartierwaarden voor belastingtransformator
3 024 090,e54a68b0-d348-46d5-8b1e-a57f8261bcf4,157.00,2026-02-23 19:15:00.000 +0100,W,k,Kwartierwaarden voor belastingtransformator
3 024 090,e54a68b0-d348-46d5-8b1e-a57f8261bcf4,153.00,2026-02-23 19:30:00.000 +0100,W,k,Kwartierwaarden voor belastingtransformator
3 024 090,e54a68b0-d348-46d5-8b1e-a57f8261bcf4,150.00,2026-02-23 19:45:00.000 +0100,W,k,Kwartierwaarden voor belastingtransformator
3 024 090,e54a68b0-d348-46d5-8b1e-a57f8261bcf4,146.00,2026-02-23 20:00:00.000 +0100,W,k,Kwartierwaarden voor belastingtransformator
3 024 090,e54a68b0-d348-46d5-8b1e-a57f8261bcf4,144.00,2026-02-23 20:15:00.000 +0100,W,k,Kwartierwaarden voor belastingtransformator
3 024 090,e54a68b0-d348-46d5-8b1e-a57f8261bcf4,141.00,2026-02-23 20:30:00.000 +0100,W,k,Kwartierwaarden voor belastingtransformator
3 024 090,e54a68b0-d348-46d5-8b1e-a57f8261bcf4,138.00,2026-02-23 20:45:00.000 +0100,W,k,Kwartierwaarden voor belastingtransformator
3 024 090,e54a68b0-d348-46d5-8b1e-a57f8261bcf4,135.00,2026-02-23 21:00:00.000 +0100,W,k,Kwartierwaarden voor belastingtransformator
3 024 090,e54a68b0-d348-46d5-8b1e-a57f8261bcf4,131.00,2026-02-23 21:15:00.000 +0100,W,k,Kwartierwaarden voor belastingtransformator
3 024 090,e54a68b0-d348-46d5-8b1e-a57f8261bcf4,128.00,2026-02-23 21:30:00.000 +0100,W,k,Kwartierwaarden voor belastingtransformator
3 024 090,e54a68b0-d348-46d5-8b1e-a57f8261bcf4,124.00,2026-02-23 21:45:00.000 +0100,W,k,Kwartierwaarden voor belastingtransformator
3 024 090,e54a68b0-d348-46d5-8b1e-a57f8261bcf4,123.00,2026-02-23 22:00:00.000 +0100,W,k,Kwartierwaarden voor belastingtransformator
3 024 090,e54a68b0-d348-46d5-8b1e-a57f8261bcf4,119.00,2026-02-23 22:15:00.000 +0100,W,k,Kwartierwaarden voor belastingtransformator
3 024 090,e54a68b0-d348-46d5-8b1e-a57f8261bcf4,114.00,2026-02-23 22:30:00.000 +0100,W,k,Kwartierwaarden voor belastingtransformator
3 024 090,e54a68b0-d348-46d5-8b1e-a57f8261bcf4,109.00,2026-02-23 22:45:00.000 +0100,W,k,Kwartierwaarden voor belastingtransformator
3 024 090,e54a68b0-d348-46d5-8b1e-a57f8261bcf4,105.00,2026-02-23 23:00:00.000 +0100,W,k,Kwartierwaarden voor belastingtransformator
3 024 090,e54a68b0-d348-46d5-8b1e-a57f8261bcf4,101.00,2026-02-23 23:15:00.000 +0100,W,k,Kwartierwaarden voor belastingtransformator
3 024 090,e54a68b0-d348-46d5-8b1e-a57f8261bcf4,96.00,2026-02-23 23:30:00.000 +0100,W,k,Kwartierwaarden voor belastingtransformator
3 024 090,e54a68b0-d348-46d5-8b1e-a57f8261bcf4,92.00,2026-02-23 23:45:00.000 +0100,W,k,Kwartierwaarden voor belastingtransformator
3 024 090,e54a68b0-d348-46d5-8b1e-a57f8261bcf4,89.00,2026-02-24 00:00:00.000 +0100,W,k,Kwartierwaarden voor belastingtransformator
3 024 090,e54a68b0-d348-46d5-8b1e-a57f8261bcf4,86.00,2026-02-24 00:15:00.000 +0100,W,k,Kwartierwaarden voor belastingtransformator
3 024 090,e54a68b0-d348-46d5-8b1e-a57f8261bcf4,83.00,2026-02-24 00:30:00.000 +0100,W,k,Kwartierwaarden voor belastingtransformator
3 024 090,e54a68b0-d348-46d5-8b1e-a57f8261bcf4,81.00,2026-02-24 00:45:00.000 +0100,W,k,Kwartierwaarden voor belastingtransformator
3 024 090,e54a68b0-d348-46d5-8b1e-a57f8261bcf4,79.00,2026-02-24 01:00:00.000 +0100,W,k,Kwartierwaarden voor belastingtransformator
3 024 090,e54a68b0-d348-46d5-8b1e-a57f8261bcf4,77.00,2026-02-24 01:15:00.000 +0100,W,k,Kwartierwaarden voor belastingtransformator
3 024 090,e54a68b0-d348-46d5-8b1e-a57f8261bcf4,75.00,2026-02-24 01:30:00.000 +0100,W,k,Kwartierwaarden voor belastingtransformator
3 024 090,e54a68b0-d348-46d5-8b1e-a57f8261bcf4,74.00,2026-02-24 01:45:00.000 +0100,W,k,Kwartierwaarden voor belastingtransformator
3 024 090,e54a68b0-d348-46d5-8b1e-a57f8261bcf4,73.00,2026-02-24 02:00:00.000 +0100,W,k,Kwartierwaarden voor belastingtransformator
3 024 090,e54a68b0-d348-46d5-8b1e-a57f8261bcf4,71.00,2026-02-24 02:15:00.000 +0100,W,k,Kwartierwaarden voor belastingtransformator
3 024 090,e54a68b0-d348-46d5-8b1e-a57f8261bcf4,70.00,2026-02-24 02:30:00.000 +0100,W,k,Kwartierwaarden voor belastingtransformator
3 024 090,e54a68b0-d348-46d5-8b1e-a57f8261bcf4,69.00,2026-02-24 02:45:00.000 +0100,W,k,Kwartierwaarden voor belastingtransformator
3 024 090,e54a68b0-d348-46d5-8b1e-a57f8261bcf4,68.00,2026-02-24 03:00:00.000 +0100,W,k,Kwartierwaarden voor belastingtransformator
3 024 090,e54a68b0-d348-46d5-8b1e-a57f8261bcf4,68.00,2026-02-24 03:15:00.000 +0100,W,k,Kwartierwaarden voor belastingtransformator
3 024 090,e54a68b0-d348-46d5-8b1e-a57f8261bcf4,67.00,2026-02-24 03:30:00.000 +0100,W,k,Kwartierwaarden voor belastingtransformator
3 024 090,e54a68b0-d348-46d5-8b1e-a57f8261bcf4,67.00,2026-02-24 03:45:00.000 +0100,W,k,Kwartierwaarden voor belastingtransformator
3 024 090,e54a68b0-d348-46d5-8b1e-a57f8261bcf4,68.00,2026-02-24 04:00:00.000 +0100,W,k,Kwartierwaarden voor belastingtransformator
3 024 090,e54a68b0-d348-46d5-8b1e-a57f8261bcf4,68.00,2026-02-24 04:15:00.000 +0100,W,k,Kwartierwaarden voor belastingtransformator
3 024 090,e54a68b0-d348-46d5-8b1e-a57f8261bcf4,69.00,2026-02-24 04:30:00.000 +0100,W,k,Kwartierwaarden voor belastingtransformator
3 024 090,e54a68b0-d348-46d5-8b1e-a57f8261bcf4,71.00,2026-02-24 04:45:00.000 +0100,W,k,Kwartierwaarden voor belastingtransformator
3 024 090,e54a68b0-d348-46d5-8b1e-a57f8261bcf4,74.00,2026-02-24 05:00:00.000 +0100,W,k,Kwartierwaarden voor belastingtransformator
3 024 090,e54a68b0-d348-46d5-8b1e-a57f8261bcf4,77.00,2026-02-24 05:15:00.000 +0100,W,k,Kwartierwaarden voor belastingtransformator
3 024 090,e54a68b0-d348-46d5-8b1e-a57f8261bcf4,81.00,2026-02-24 05:30:00.000 +0100,W,k,Kwartierwaarden voor belastingtransformator
3 024 090,e54a68b0-d348-46d5-8b1e-a57f8261bcf4,86.00,2026-02-24 05:45:00.000 +0100,W,k,Kwartierwaarden voor belastingtransformator
3 024 090,e54a68b0-d348-46d5-8b1e-a57f8261bcf4,92.00,2026-02-24 06:00:00.000 +0100,W,k,Kwartierwaarden voor belastingtransformator
3 024 090,e54a68b0-d348-46d5-8b1e-a57f8261bcf4,97.00,2026-02-24 06:15:00.000 +0100,W,k,Kwartierwaarden voor belastingtransformator
3 024 090,e54a68b0-d348-46d5-8b1e-a57f8261bcf4,98.00,2026-02-24 06:30:00.000 +0100,W,k,Kwartierwaarden voor belastingtransformator
3 024 090,e54a68b0-d348-46d5-8b1e-a57f8261bcf4,98.00,2026-02-24 06:45:00.000 +0100,W,k,Kwartierwaarden voor belastingtransformator
3 024 090,e54a68b0-d348-46d5-8b1e-a57f8261bcf4,95.00,2026-02-24 07:00:00.000 +0100,W,k,Kwartierwaarden voor belastingtransformator
3 024 090,e54a68b0-d348-46d5-8b1e-a57f8261bcf4,92.00,2026-02-24 07:15:00.000 +0100,W,k,Kwartierwaarden voor belastingtransformator
3 024 090,e54a68b0-d348-46d5-8b1e-a57f8261bcf4,90.00,2026-02-24 07:30:00.000 +0100,W,k,Kwartierwaarden voor belastingtransformator
3 024 090,e54a68b0-d348-46d5-8b1e-a57f8261bcf4,89.00,2026-02-24 07:45:00.000 +0100,W,k,Kwartierwaarden voor belastingtransformator
3 024 090,e54a68b0-d348-46d5-8b1e-a57f8261bcf4,87.00,2026-02-24 08:00:00.000 +0100,W,k,Kwartierwaarden voor belastingtransformator
3 024 090,e54a68b0-d348-46d5-8b1e-a57f8261bcf4,86.00,2026-02-24 08:15:00.000 +0100,W,k,Kwartierwaarden voor belastingtransformator
3 024 090,e54a68b0-d348-46d5-8b1e-a57f8261bcf4,86.00,2026-02-24 08:30:00.000 +0100,W,k,Kwartierwaarden voor belastingtransformator
3 024 090,e54a68b0-d348-46d5-8b1e-a57f8261bcf4,85.00,2026-02-24 08:45:00.000 +0100,W,k,Kwartierwaarden voor belastingtransformator
3 024 090,e54a68b0-d348-46d5-8b1e-a57f8261bcf4,84.00,2026-02-24 09:00:00.000 +0100,W,k,Kwartierwaarden voor belastingtransformator
3 024 090,e54a68b0-d348-46d5-8b1e-a57f8261bcf4,84.00,2026-02-24 09:15:00.000 +0100,W,k,Kwartierwaarden voor belastingtransformator
3 024 090,e54a68b0-d348-46d5-8b1e-a57f8261bcf4,83.00,2026-02-24 09:30:00.000 +0100,W,k,Kwartierwaarden voor belastingtransformator
3 024 090,e54a68b0-d348-46d5-8b1e-a57f8261bcf4,83.00,2026-02-24 09:45:00.000 +0100,W,k,Kwartierwaarden voor belastingtransformator
3 024 090,e54a68b0-d348-46d5-8b1e-a57f8261bcf4,83.00,2026-02-24 10:00:00.000 +0100,W,k,Kwartierwaarden voor belastingtransformator
3 024 090,e54a68b0-d348-46d5-8b1e-a57f8261bcf4,82.00,2026-02-24 10:15:00.000 +0100,W,k,Kwartierwaarden voor belastingtransformator
3 024 090,e54a68b0-d348-46d5-8b1e-a57f8261bcf4,83.00,2026-02-24 10:30:00.000 +0100,W,k,Kwartierwaarden voor belastingtransformator
3 024 090,e54a68b0-d348-46d5-8b1e-a57f8261bcf4,83.00,2026-02-24 10:45:00.000 +0100,W,k,Kwartierwaarden voor belastingtransformator
3 024 090,e54a68b0-d348-46d5-8b1e-a57f8261bcf4,84.00,2026-02-24 11:00:00.000 +0100,W,k,Kwartierwaarden voor belastingtransformator
3 024 090,e54a68b0-d348-46d5-8b1e-a57f8261bcf4,83.00,2026-02-24 11:15:00.000 +0100,W,k,Kwartierwaarden voor belastingtransformator
3 024 090,e54a68b0-d348-46d5-8b1e-a57f8261bcf4,82.00,2026-02-24 11:30:00.000 +0100,W,k,Kwartierwaarden voor belastingtransformator
3 024 090,e54a68b0-d348-46d5-8b1e-a57f8261bcf4,81.00,2026-02-24 11:45:00.000 +0100,W,k,Kwartierwaarden voor belastingtransformator
3 024 090,e54a68b0-d348-46d5-8b1e-a57f8261bcf4,80.00,2026-02-24 12:00:00.000 +0100,W,k,Kwartierwaarden voor belastingtransformator
3 024 090,e54a68b0-d348-46d5-8b1e-a57f8261bcf4,79.00,2026-02-24 12:15:00.000 +0100,W,k,Kwartierwaarden voor belastingtransformator
3 024 090,e54a68b0-d348-46d5-8b1e-a57f8261bcf4,77.00,2026-02-24 12:30:00.000 +0100,W,k,Kwartierwaarden voor belastingtransformator
3 024 090,e54a68b0-d348-46d5-8b1e-a57f8261bcf4,76.00,2026-02-24 12:45:00.000 +0100,W,k,Kwartierwaarden voor belastingtransformator
3 024 090,e54a68b0-d348-46d5-8b1e-a57f8261bcf4,74.00,2026-02-24 13:00:00.000 +0100,W,k,Kwartierwaarden voor belastingtransformator
3 024 090,e54a68b0-d348-46d5-8b1e-a57f8261bcf4,75.00,2026-02-24 13:15:00.000 +0100,W,k,Kwartierwaarden voor belastingtransformator
3 024 090,e54a68b0-d348-46d5-8b1e-a57f8261bcf4,76.00,2026-02-24 13:30:00.000 +0100,W,k,Kwartierwaarden voor belastingtransformator
3 024 090,e54a68b0-d348-46d5-8b1e-a57f8261bcf4,76.00,2026-02-24 13:45:00.000 +0100,W,k,Kwartierwaarden voor belastingtransformator
3 024 090,e54a68b0-d348-46d5-8b1e-a57f8261bcf4,75.00,2026-02-24 14:00:00.000 +0100,W,k,Kwartierwaarden voor belastingtransformator
3 024 090,e54a68b0-d348-46d5-8b1e-a57f8261bcf4,75.00,2026-02-24 14:15:00.000 +0100,W,k,Kwartierwaarden voor belastingtransformator
3 024 090,e54a68b0-d348-46d5-8b1e-a57f8261bcf4,74.00,2026-02-24 14:30:00.000 +0100,W,k,Kwartierwaarden voor belastingtransformator
3 024 090,e54a68b0-d348-46d5-8b1e-a57f8261bcf4,76.00,2026-02-24 14:45:00.000 +0100,W,k,Kwartierwaarden voor belastingtransformator
3 024 090,e54a68b0-d348-46d5-8b1e-a57f8261bcf4,79.00,2026-02-24 15:00:00.000 +0100,W,k,Kwartierwaarden voor belastingtransformator
3 024 090,e54a68b0-d348-46d5-8b1e-a57f8261bcf4,84.00,2026-02-24 15:15:00.000 +0100,W,k,Kwartierwaarden voor belastingtransformator
3 024 090,e54a68b0-d348-46d5-8b1e-a57f8261bcf4,90.00,2026-02-24 15:30:00.000 +0100,W,k,Kwartierwaarden voor belastingtransformator
3 024 090,e54a68b0-d348-46d5-8b1e-a57f8261bcf4,100.00,2026-02-24 15:45:00.000 +0100,W,k,Kwartierwaarden voor belastingtransformator
4 003 144,07fbd31c-c94a-41b6-b139-b60adc9e1abf,53.00,2026-02-23 21:45:00.000 +0100,W,k,Kwartierwaarden voor belastingtransformator
4 003 144,07fbd31c-c94a-41b6-b139-b60adc9e1abf,50.00,2026-02-23 22:00:00.000 +0100,W,k,Kwartierwaarden voor belastingtransformator
4 003 144,07fbd31c-c94a-41b6-b139-b60adc9e1abf,47.00,2026-02-23 22:15:00.000 +0100,W,k,Kwartierwaarden voor belastingtransformator
4 003 144,07fbd31c-c94a-41b6-b139-b60adc9e1abf,45.00,2026-02-23 22:30:00.000 +0100,W,k,Kwartierwaarden voor belastingtransformator
4 003 144,07fbd31c-c94a-41b6-b139-b60adc9e1abf,43.00,2026-02-23 22:45:00.000 +0100,W,k,Kwartierwaarden voor belastingtransformator
4 003 144,07fbd31c-c94a-41b6-b139-b60adc9e1abf,41.00,2026-02-23 23:00:00.000 +0100,W,k,Kwartierwaarden voor belastingtransformator
4 003 144,07fbd31c-c94a-41b6-b139-b60adc9e1abf,40.00,2026-02-23 23:15:00.000 +0100,W,k,Kwartierwaarden voor belastingtransformator
4 003 144,07fbd31c-c94a-41b6-b139-b60adc9e1abf,38.00,2026-02-23 23:30:00.000 +0100,W,k,Kwartierwaarden voor belastingtransformator
4 003 144,07fbd31c-c94a-41b6-b139-b60adc9e1abf,37.00,2026-02-23 23:45:00.000 +0100,W,k,Kwartierwaarden voor belastingtransformator
4 003 144,07fbd31c-c94a-41b6-b139-b60adc9e1abf,36.00,2026-02-24 00:00:00.000 +0100,W,k,Kwartierwaarden voor belastingtransformator
4 003 144,07fbd31c-c94a-41b6-b139-b60adc9e1abf,35.00,2026-02-24 00:15:00.000 +0100,W,k,Kwartierwaarden voor belastingtransformator
4 003 144,07fbd31c-c94a-41b6-b139-b60adc9e1abf,35.00,2026-02-24 00:30:00.000 +0100,W,k,Kwartierwaarden voor belastingtransformator
4 003 144,07fbd31c-c94a-41b6-b139-b60adc9e1abf,34.00,2026-02-24 00:45:00.000 +0100,W,k,Kwartierwaarden voor belastingtransformator
4 003 144,07fbd31c-c94a-41b6-b139-b60adc9e1abf,34.00,2026-02-24 01:00:00.000 +0100,W,k,Kwartierwaarden voor belastingtransformator
4 003 144,07fbd31c-c94a-41b6-b139-b60adc9e1abf,34.00,2026-02-24 01:15:00.000 +0100,W,k,Kwartierwaarden voor belastingtransformator
4 003 144,07fbd31c-c94a-41b6-b139-b60adc9e1abf,33.00,2026-02-24 01:30:00.000 +0100,W,k,Kwartierwaarden voor belastingtransformator
4 003 144,07fbd31c-c94a-41b6-b139-b60adc9e1abf,33.00,2026-02-24 01:45:00.000 +0100,W,k,Kwartierwaarden voor belastingtransformator
4 003 144,07fbd31c-c94a-41b6-b139-b60adc9e1abf,34.00,2026-02-24 02:00:00.000 +0100,W,k,Kwartierwaarden voor belastingtransformator
4 003 144,07fbd31c-c94a-41b6-b139-b60adc9e1abf,34.00,2026-02-24 02:15:00.000 +0100,W,k,Kwartierwaarden voor belastingtransformator
4 003 144,07fbd31c-c94a-41b6-b139-b60adc9e1abf,34.00,2026-02-24 02:30:00.000 +0100,W,k,Kwartierwaarden voor belastingtransformator
4 003 144,07fbd31c-c94a-41b6-b139-b60adc9e1abf,33.00,2026-02-24 02:45:00.000 +0100,W,k,Kwartierwaarden voor belastingtransformator
4 003 144,07fbd31c-c94a-41b6-b139-b60adc9e1abf,33.00,2026-02-24 03:00:00.000 +0100,W,k,Kwartierwaarden voor belastingtransformator
4 003 144,07fbd31c-c94a-41b6-b139-b60adc9e1abf,33.00,2026-02-24 03:15:00.000 +0100,W,k,Kwartierwaarden voor belastingtransformator
4 003 144,07fbd31c-c94a-41b6-b139-b60adc9e1abf,33.00,2026-02-24 03:30:00.000 +0100,W,k,Kwartierwaarden voor belastingtransformator
4 003 144,07fbd31c-c94a-41b6-b139-b60adc9e1abf,33.00,2026-02-24 03:45:00.000 +0100,W,k,Kwartierwaarden voor belastingtransformator
4 003 144,07fbd31c-c94a-41b6-b139-b60adc9e1abf,34.00,2026-02-24 04:00:00.000 +0100,W,k,Kwartierwaarden voor belastingtransformator
4 003 144,07fbd31c-c94a-41b6-b139-b60adc9e1abf,34.00,2026-02-24 04:15:00.000 +0100,W,k,Kwartierwaarden voor belastingtransformator
4 003 144,07fbd31c-c94a-41b6-b139-b60adc9e1abf,35.00,2026-02-24 04:30:00.000 +0100,W,k,Kwartierwaarden voor belastingtransformator
4 003 144,07fbd31c-c94a-41b6-b139-b60adc9e1abf,36.00,2026-02-24 04:45:00.000 +0100,W,k,Kwartierwaarden voor belastingtransformator
4 003 144,07fbd31c-c94a-41b6-b139-b60adc9e1abf,38.00,2026-02-24 05:00:00.000 +0100,W,k,Kwartierwaarden voor belastingtransformator
4 003 144,07fbd31c-c94a-41b6-b139-b60adc9e1abf,41.00,2026-02-24 05:15:00.000 +0100,W,k,Kwartierwaarden voor belastingtransformator
4 003 144,07fbd31c-c94a-41b6-b139-b60adc9e1abf,44.00,2026-02-24 05:30:00.000 +0100,W,k,Kwartierwaarden voor belastingtransformator
4 003 144,07fbd31c-c94a-41b6-b139-b60adc9e1abf,48.00,2026-02-24 05:45:00.000 +0100,W,k,Kwartierwaarden voor belastingtransformator
4 003 144,07fbd31c-c94a-41b6-b139-b60adc9e1abf,53.00,2026-02-24 06:00:00.000 +0100,W,k,Kwartierwaarden voor belastingtransformator
4 003 144,07fbd31c-c94a-41b6-b139-b60adc9e1abf,56.00,2026-02-24 06:15:00.000 +0100,W,k,Kwartierwaarden voor belastingtransformator
4 003 144,07fbd31c-c94a-41b6-b139-b60adc9e1abf,60.00,2026-02-24 06:30:00.000 +0100,W,k,Kwartierwaarden voor belastingtransformator
4 003 144,07fbd31c-c94a-41b6-b139-b60adc9e1abf,63.00,2026-02-24 06:45:00.000 +0100,W,k,Kwartierwaarden voor belastingtransformator
4 003 144,07fbd31c-c94a-41b6-b139-b60adc9e1abf,65.00,2026-02-24 07:00:00.000 +0100,W,k,Kwartierwaarden voor belastingtransformator
4 003 144,07fbd31c-c94a-41b6-b139-b60adc9e1abf,64.00,2026-02-24 07:15:00.000 +0100,W,k,Kwartierwaarden voor belastingtransformator
4 003 144,07fbd31c-c94a-41b6-b139-b60adc9e1abf,63.00,2026-02-24 07:30:00.000 +0100,W,k,Kwartierwaarden voor belastingtransformator
4 003 144,07fbd31c-c94a-41b6-b139-b60adc9e1abf,63.00,2026-02-24 07:45:00.000 +0100,W,k,Kwartierwaarden voor belastingtransformator
4 003 144,07fbd31c-c94a-41b6-b139-b60adc9e1abf,61.00,2026-02-24 08:00:00.000 +0100,W,k,Kwartierwaarden voor belastingtransformator
4 003 144,07fbd31c-c94a-41b6-b139-b60adc9e1abf,58.00,2026-02-24 08:15:00.000 +0100,W,k,Kwartierwaarden voor belastingtransformator
4 003 144,07fbd31c-c94a-41b6-b139-b60adc9e1abf,55.00,2026-02-24 08:30:00.000 +0100,W,k,Kwartierwaarden voor belastingtransformator
4 003 144,07fbd31c-c94a-41b6-b139-b60adc9e1abf,51.00,2026-02-24 08:45:00.000 +0100,W,k,Kwartierwaarden voor belastingtransformator
4 003 144,07fbd31c-c94a-41b6-b139-b60adc9e1abf,48.00,2026-02-24 09:00:00.000 +0100,W,k,Kwartierwaarden voor belastingtransformator
4 003 144,07fbd31c-c94a-41b6-b139-b60adc9e1abf,46.00,2026-02-24 09:15:00.000 +0100,W,k,Kwartierwaarden voor belastingtransformator
4 003 144,07fbd31c-c94a-41b6-b139-b60adc9e1abf,44.00,2026-02-24 09:30:00.000 +0100,W,k,Kwartierwaarden voor belastingtransformator
4 003 144,07fbd31c-c94a-41b6-b139-b60adc9e1abf,43.00,2026-02-24 09:45:00.000 +0100,W,k,Kwartierwaarden voor belastingtransformator
4 003 144,07fbd31c-c94a-41b6-b139-b60adc9e1abf,42.00,2026-02-24 10:00:00.000 +0100,W,k,Kwartierwaarden voor belastingtransformator
4 003 144,07fbd31c-c94a-41b6-b139-b60adc9e1abf,42.00,2026-02-24 10:15:00.000 +0100,W,k,Kwartierwaarden voor belastingtransformator
4 003 144,07fbd31c-c94a-41b6-b139-b60adc9e1abf,41.00,2026-02-24 10:30:00.000 +0100,W,k,Kwartierwaarden voor belastingtransformator
4 003 144,07fbd31c-c94a-41b6-b139-b60adc9e1abf,41.00,2026-02-24 10:45:00.000 +0100,W,k,Kwartierwaarden voor belastingtransformator
4 003 144,07fbd31c-c94a-41b6-b139-b60adc9e1abf,41.00,2026-02-24 11:00:00.000 +0100,W,k,Kwartierwaarden voor belastingtransformator
4 003 144,07fbd31c-c94a-41b6-b139-b60adc9e1abf,40.00,2026-02-24 11:15:00.000 +0100,W,k,Kwartierwaarden voor belastingtransformator
4 003 144,07fbd31c-c94a-41b6-b139-b60adc9e1abf,39.00,2026-02-24 11:30:00.000 +0100,W,k,Kwartierwaarden voor belastingtransformator
4 003 144,07fbd31c-c94a-41b6-b139-b60adc9e1abf,39.00,2026-02-24 11:45:00.000 +0100,W,k,Kwartierwaarden voor belastingtransformator
4 003 144,07fbd31c-c94a-41b6-b139-b60adc9e1abf,39.00,2026-02-24 12:00:00.000 +0100,W,k,Kwartierwaarden voor belastingtransformator
4 003 144,07fbd31c-c94a-41b6-b139-b60adc9e1abf,40.00,2026-02-24 12:15:00.000 +0100,W,k,Kwartierwaarden voor belastingtransformator
4 003 144,07fbd31c-c94a-41b6-b139-b60adc9e1abf,39.00,2026-02-24 12:30:00.000 +0100,W,k,Kwartierwaarden voor belastingtransformator
4 003 144,07fbd31c-c94a-41b6-b139-b60adc9e1abf,39.00,2026-02-24 12:45:00.000 +0100,W,k,Kwartierwaarden voor belastingtransformator
4 003 144,07fbd31c-c94a-41b6-b139-b60adc9e1abf,39.00,2026-02-24 13:00:00.000 +0100,W,k,Kwartierwaarden voor belastingtransformator
4 003 144,07fbd31c-c94a-41b6-b139-b60adc9e1abf,39.00,2026-02-24 13:15:00.000 +0100,W,k,Kwartierwaarden voor belastingtransformator
4 003 144,07fbd31c-c94a-41b6-b139-b60adc9e1abf,40.00,2026-02-24 13:30:00.000 +0100,W,k,Kwartierwaarden voor belastingtransformator
4 003 144,07fbd31c-c94a-41b6-b139-b60adc9e1abf,41.00,2026-02-24 13:45:00.000 +0100,W,k,Kwartierwaarden voor belastingtransformator
4 003 144,07fbd31c-c94a-41b6-b139-b60adc9e1abf,41.00,2026-02-24 14:00:00.000 +0100,W,k,Kwartierwaarden voor belastingtransformator
4 003 144,07fbd31c-c94a-41b6-b139-b60adc9e1abf,43.00,2026-02-24 14:15:00.000 +0100,W,k,Kwartierwaarden voor belastingtransformator
4 003 144,07fbd31c-c94a-41b6-b139-b60adc9e1abf,45.00,2026-02-24 14:30:00.000 +0100,W,k,Kwartierwaarden voor belastingtransformator
4 003 144,07fbd31c-c94a-41b6-b139-b60adc9e1abf,48.00,2026-02-24 14:45:00.000 +0100,W,k,Kwartierwaarden voor belastingtransformator
4 003 144,07fbd31c-c94a-41b6-b139-b60adc9e1abf,52.00,2026-02-24 15:00:00.000 +0100,W,k,Kwartierwaarden voor belastingtransformator
4 003 144,07fbd31c-c94a-41b6-b139-b60adc9e1abf,55.00,2026-02-24 15:15:00.000 +0100,W,k,Kwartierwaarden voor belastingtransformator
4 003 144,07fbd31c-c94a-41b6-b139-b60adc9e1abf,59.00,2026-02-24 15:30:00.000 +0100,W,k,Kwartierwaarden voor belastingtransformator
4 003 144,07fbd31c-c94a-41b6-b139-b60adc9e1abf,65.00,2026-02-24 15:45:00.000 +0100,W,k,Kwartierwaarden voor belastingtransformator
4 003 144,07fbd31c-c94a-41b6-b139-b60adc9e1abf,72.00,2026-02-24 16:00:00.000 +0100,W,k,Kwartierwaarden voor belastingtransformator
4 003 144,07fbd31c-c94a-41b6-b139-b60adc9e1abf,80.00,2026-02-24 16:15:00.000 +0100,W,k,Kwartierwaarden voor belastingtransformator
4 003 144,07fbd31c-c94a-41b6-b139-b60adc9e1abf,86.00,2026-02-24 16:30:00.000 +0100,W,k,Kwartierwaarden voor belastingtransformator
4 003 144,07fbd31c-c94a-41b6-b139-b60adc9e1abf,90.00,2026-02-24 16:45:00.000 +0100,W,k,Kwartierwaarden voor belastingtransformator
4 003 144,07fbd31c-c94a-41b6-b139-b60adc9e1abf,89.00,2026-02-24 17:00:00.000 +0100,W,k,Kwartierwaarden voor belastingtransformator
4 003 144,07fbd31c-c94a-41b6-b139-b60adc9e1abf,89.00,2026-02-24 17:15:00.000 +0100,W,k,Kwartierwaarden voor belastingtransformator
4 003 144,07fbd31c-c94a-41b6-b139-b60adc9e1abf,88.00,2026-02-24 17:30:00.000 +0100,W,k,Kwartierwaarden voor belastingtransformator
4 003 144,07fbd31c-c94a-41b6-b139-b60adc9e1abf,88.00,2026-02-24 17:45:00.000 +0100,W,k,Kwartierwaarden voor belastingtransformator
4 003 144,07fbd31c-c94a-41b6-b139-b60adc9e1abf,86.00,2026-02-24 18:00:00.000 +0100,W,k,Kwartierwaarden voor belastingtransformator
4 003 144,07fbd31c-c94a-41b6-b139-b60adc9e1abf,84.00,2026-02-24 18:15:00.000 +0100,W,k,Kwartierwaarden voor belastingtransformator
4 003 144,07fbd31c-c94a-41b6-b139-b60adc9e1abf,81.00,2026-02-24 18:30:00.000 +0100,W,k,Kwartierwaarden voor belastingtransformator
4 003 144,07fbd31c-c94a-41b6-b139-b60adc9e1abf,80.00,2026-02-24 18:45:00.000 +0100,W,k,Kwartierwaarden voor belastingtransformator
4 003 144,07fbd31c-c94a-41b6-b139-b60adc9e1abf,77.00,2026-02-24 19:00:00.000 +0100,W,k,Kwartierwaarden voor belastingtransformator
4 003 144,07fbd31c-c94a-41b6-b139-b60adc9e1abf,74.00,2026-02-24 19:15:00.000 +0100,W,k,Kwartierwaarden voor belastingtransformator
4 003 144,07fbd31c-c94a-41b6-b139-b60adc9e1abf,72.00,2026-02-24 19:30:00.000 +0100,W,k,Kwartierwaarden voor belastingtransformator
3 024 090,e54a68b0-d348-46d5-8b1e-a57f8261bcf4,113.00,2026-02-24 16:00:00.000 +0100,W,k,Kwartierwaarden voor belastingtransformator
3 024 090,e54a68b0-d348-46d5-8b1e-a57f8261bcf4,129.00,2026-02-24 16:15:00.000 +0100,W,k,Kwartierwaarden voor belastingtransformator
3 024 090,e54a68b0-d348-46d5-8b1e-a57f8261bcf4,144.00,2026-02-24 16:30:00.000 +0100,W,k,Kwartierwaarden voor belastingtransformator
3 024 090,e54a68b0-d348-46d5-8b1e-a57f8261bcf4,156.00,2026-02-24 16:45:00.000 +0100,W,k,Kwartierwaarden voor belastingtransformator
3 024 090,e54a68b0-d348-46d5-8b1e-a57f8261bcf4,162.00,2026-02-24 17:00:00.000 +0100,W,k,Kwartierwaarden voor belastingtransformator
3 024 090,e54a68b0-d348-46d5-8b1e-a57f8261bcf4,166.00,2026-02-24 17:15:00.000 +0100,W,k,Kwartierwaarden voor belastingtransformator
3 024 090,e54a68b0-d348-46d5-8b1e-a57f8261bcf4,167.00,2026-02-24 17:30:00.000 +0100,W,k,Kwartierwaarden voor belastingtransformator
3 024 090,e54a68b0-d348-46d5-8b1e-a57f8261bcf4,166.00,2026-02-24 17:45:00.000 +0100,W,k,Kwartierwaarden voor belastingtransformator
3 024 090,e54a68b0-d348-46d5-8b1e-a57f8261bcf4,164.00,2026-02-24 18:00:00.000 +0100,W,k,Kwartierwaarden voor belastingtransformator
3 024 090,e54a68b0-d348-46d5-8b1e-a57f8261bcf4,162.00,2026-02-24 18:15:00.000 +0100,W,k,Kwartierwaarden voor belastingtransformator
3 024 090,e54a68b0-d348-46d5-8b1e-a57f8261bcf4,159.00,2026-02-24 18:30:00.000 +0100,W,k,Kwartierwaarden voor belastingtransformator
3 024 090,e54a68b0-d348-46d5-8b1e-a57f8261bcf4,158.00,2026-02-24 18:45:00.000 +0100,W,k,Kwartierwaarden voor belastingtransformator
3 024 090,e54a68b0-d348-46d5-8b1e-a57f8261bcf4,154.00,2026-02-24 19:00:00.000 +0100,W,k,Kwartierwaarden voor belastingtransformator
3 024 090,e54a68b0-d348-46d5-8b1e-a57f8261bcf4,151.00,2026-02-24 19:15:00.000 +0100,W,k,Kwartierwaarden voor belastingtransformator
3 024 090,e54a68b0-d348-46d5-8b1e-a57f8261bcf4,148.00,2026-02-24 19:30:00.000 +0100,W,k,Kwartierwaarden voor belastingtransformator
3 024 090,e54a68b0-d348-46d5-8b1e-a57f8261bcf4,146.00,2026-02-24 19:45:00.000 +0100,W,k,Kwartierwaarden voor belastingtransformator
3 024 090,e54a68b0-d348-46d5-8b1e-a57f8261bcf4,143.00,2026-02-24 20:00:00.000 +0100,W,k,Kwartierwaarden voor belastingtransformator
3 024 090,e54a68b0-d348-46d5-8b1e-a57f8261bcf4,140.00,2026-02-24 20:15:00.000 +0100,W,k,Kwartierwaarden voor belastingtransformator
3 024 090,e54a68b0-d348-46d5-8b1e-a57f8261bcf4,137.00,2026-02-24 20:30:00.000 +0100,W,k,Kwartierwaarden voor belastingtransformator
3 024 090,e54a68b0-d348-46d5-8b1e-a57f8261bcf4,135.00,2026-02-24 20:45:00.000 +0100,W,k,Kwartierwaarden voor belastingtransformator
3 024 090,e54a68b0-d348-46d5-8b1e-a57f8261bcf4,132.00,2026-02-24 21:00:00.000 +0100,W,k,Kwartierwaarden voor belastingtransformator
3 024 090,e54a68b0-d348-46d5-8b1e-a57f8261bcf4,129.00,2026-02-24 21:15:00.000 +0100,W,k,Kwartierwaarden voor belastingtransformator
3 024 090,e54a68b0-d348-46d5-8b1e-a57f8261bcf4,126.00,2026-02-24 21:30:00.000 +0100,W,k,Kwartierwaarden voor belastingtransformator
3 024 090,e54a68b0-d348-46d5-8b1e-a57f8261bcf4,122.00,2026-02-24 21:45:00.000 +0100,W,k,Kwartierwaarden voor belastingtransformator
3 024 090,e54a68b0-d348-46d5-8b1e-a57f8261bcf4,122.00,2026-02-24 22:00:00.000 +0100,W,k,Kwartierwaarden voor belastingtransformator
3 024 090,e54a68b0-d348-46d5-8b1e-a57f8261bcf4,118.00,2026-02-24 22:15:00.000 +0100,W,k,Kwartierwaarden voor belastingtransformator
3 024 090,e54a68b0-d348-46d5-8b1e-a57f8261bcf4,114.00,2026-02-24 22:30:00.000 +0100,W,k,Kwartierwaarden voor belastingtransformator
3 024 090,e54a68b0-d348-46d5-8b1e-a57f8261bcf4,109.00,2026-02-24 22:45:00.000 +0100,W,k,Kwartierwaarden voor belastingtransformator
3 024 090,e54a68b0-d348-46d5-8b1e-a57f8261bcf4,105.00,2026-02-24 23:00:00.000 +0100,W,k,Kwartierwaarden voor belastingtransformator
3 024 090,e54a68b0-d348-46d5-8b1e-a57f8261bcf4,100.00,2026-02-24 23:15:00.000 +0100,W,k,Kwartierwaarden voor belastingtransformator
3 024 090,e54a68b0-d348-46d5-8b1e-a57f8261bcf4,96.00,2026-02-24 23:30:00.000 +0100,W,k,Kwartierwaarden voor belastingtransformator
3 024 090,e54a68b0-d348-46d5-8b1e-a57f8261bcf4,92.00,2026-02-24 23:45:00.000 +0100,W,k,Kwartierwaarden voor belastingtransformator
3 024 090,e54a68b0-d348-46d5-8b1e-a57f8261bcf4,89.00,2026-02-25 00:00:00.000 +0100,W,k,Kwartierwaarden voor belastingtransformator
3 024 090,e54a68b0-d348-46d5-8b1e-a57f8261bcf4,87.00,2026-02-25 00:15:00.000 +0100,W,k,Kwartierwaarden voor belastingtransformator
3 024 090,e54a68b0-d348-46d5-8b1e-a57f8261bcf4,83.00,2026-02-25 00:30:00.000 +0100,W,k,Kwartierwaarden voor belastingtransformator
3 024 090,e54a68b0-d348-46d5-8b1e-a57f8261bcf4,81.00,2026-02-25 00:45:00.000 +0100,W,k,Kwartierwaarden voor belastingtransformator
3 024 090,e54a68b0-d348-46d5-8b1e-a57f8261bcf4,78.00,2026-02-25 01:00:00.000 +0100,W,k,Kwartierwaarden voor belastingtransformator
3 024 090,e54a68b0-d348-46d5-8b1e-a57f8261bcf4,76.00,2026-02-25 01:15:00.000 +0100,W,k,Kwartierwaarden voor belastingtransformator
3 024 090,e54a68b0-d348-46d5-8b1e-a57f8261bcf4,75.00,2026-02-25 01:30:00.000 +0100,W,k,Kwartierwaarden voor belastingtransformator
3 024 090,e54a68b0-d348-46d5-8b1e-a57f8261bcf4,73.00,2026-02-25 01:45:00.000 +0100,W,k,Kwartierwaarden voor belastingtransformator
3 024 090,e54a68b0-d348-46d5-8b1e-a57f8261bcf4,71.00,2026-02-25 02:00:00.000 +0100,W,k,Kwartierwaarden voor belastingtransformator
3 024 090,e54a68b0-d348-46d5-8b1e-a57f8261bcf4,70.00,2026-02-25 02:15:00.000 +0100,W,k,Kwartierwaarden voor belastingtransformator
3 024 090,e54a68b0-d348-46d5-8b1e-a57f8261bcf4,69.00,2026-02-25 02:30:00.000 +0100,W,k,Kwartierwaarden voor belastingtransformator
3 024 090,e54a68b0-d348-46d5-8b1e-a57f8261bcf4,68.00,2026-02-25 02:45:00.000 +0100,W,k,Kwartierwaarden voor belastingtransformator
3 024 090,e54a68b0-d348-46d5-8b1e-a57f8261bcf4,67.00,2026-02-25 03:00:00.000 +0100,W,k,Kwartierwaarden voor belastingtransformator
3 024 090,e54a68b0-d348-46d5-8b1e-a57f8261bcf4,66.00,2026-02-25 03:15:00.000 +0100,W,k,Kwartierwaarden voor belastingtransformator
3 024 090,e54a68b0-d348-46d5-8b1e-a57f8261bcf4,66.00,2026-02-25 03:30:00.000 +0100,W,k,Kwartierwaarden voor belastingtransformator
3 024 090,e54a68b0-d348-46d5-8b1e-a57f8261bcf4,66.00,2026-02-25 03:45:00.000 +0100,W,k,Kwartierwaarden voor belastingtransformator
3 024 090,e54a68b0-d348-46d5-8b1e-a57f8261bcf4,66.00,2026-02-25 04:00:00.000 +0100,W,k,Kwartierwaarden voor belastingtransformator
3 024 090,e54a68b0-d348-46d5-8b1e-a57f8261bcf4,67.00,2026-02-25 04:15:00.000 +0100,W,k,Kwartierwaarden voor belastingtransformator
3 024 090,e54a68b0-d348-46d5-8b1e-a57f8261bcf4,67.00,2026-02-25 04:30:00.000 +0100,W,k,Kwartierwaarden voor belastingtransformator
3 024 090,e54a68b0-d348-46d5-8b1e-a57f8261bcf4,69.00,2026-02-25 04:45:00.000 +0100,W,k,Kwartierwaarden voor belastingtransformator
3 024 090,e54a68b0-d348-46d5-8b1e-a57f8261bcf4,72.00,2026-02-25 05:00:00.000 +0100,W,k,Kwartierwaarden voor belastingtransformator
3 024 090,e54a68b0-d348-46d5-8b1e-a57f8261bcf4,75.00,2026-02-25 05:15:00.000 +0100,W,k,Kwartierwaarden voor belastingtransformator
3 024 090,e54a68b0-d348-46d5-8b1e-a57f8261bcf4,78.00,2026-02-25 05:30:00.000 +0100,W,k,Kwartierwaarden voor belastingtransformator
3 024 090,e54a68b0-d348-46d5-8b1e-a57f8261bcf4,83.00,2026-02-25 05:45:00.000 +0100,W,k,Kwartierwaarden voor belastingtransformator
3 024 090,e54a68b0-d348-46d5-8b1e-a57f8261bcf4,89.00,2026-02-25 06:00:00.000 +0100,W,k,Kwartierwaarden voor belastingtransformator
3 024 090,e54a68b0-d348-46d5-8b1e-a57f8261bcf4,94.00,2026-02-25 06:15:00.000 +0100,W,k,Kwartierwaarden voor belastingtransformator
3 024 090,e54a68b0-d348-46d5-8b1e-a57f8261bcf4,97.00,2026-02-25 06:30:00.000 +0100,W,k,Kwartierwaarden voor belastingtransformator
3 024 090,e54a68b0-d348-46d5-8b1e-a57f8261bcf4,100.00,2026-02-25 06:45:00.000 +0100,W,k,Kwartierwaarden voor belastingtransformator
3 024 090,e54a68b0-d348-46d5-8b1e-a57f8261bcf4,99.00,2026-02-25 07:00:00.000 +0100,W,k,Kwartierwaarden voor belastingtransformator
3 024 090,e54a68b0-d348-46d5-8b1e-a57f8261bcf4,95.00,2026-02-25 07:15:00.000 +0100,W,k,Kwartierwaarden voor belastingtransformator
3 024 090,e54a68b0-d348-46d5-8b1e-a57f8261bcf4,90.00,2026-02-25 07:30:00.000 +0100,W,k,Kwartierwaarden voor belastingtransformator
3 024 090,e54a68b0-d348-46d5-8b1e-a57f8261bcf4,87.00,2026-02-25 07:45:00.000 +0100,W,k,Kwartierwaarden voor belastingtransformator
3 024 090,e54a68b0-d348-46d5-8b1e-a57f8261bcf4,82.00,2026-02-25 08:00:00.000 +0100,W,k,Kwartierwaarden voor belastingtransformator
3 024 090,e54a68b0-d348-46d5-8b1e-a57f8261bcf4,73.00,2026-02-25 08:15:00.000 +0100,W,k,Kwartierwaarden voor belastingtransformator
3 024 090,e54a68b0-d348-46d5-8b1e-a57f8261bcf4,65.00,2026-02-25 08:30:00.000 +0100,W,k,Kwartierwaarden voor belastingtransformator
3 024 090,e54a68b0-d348-46d5-8b1e-a57f8261bcf4,56.00,2026-02-25 08:45:00.000 +0100,W,k,Kwartierwaarden voor belastingtransformator
3 024 090,e54a68b0-d348-46d5-8b1e-a57f8261bcf4,48.00,2026-02-25 09:00:00.000 +0100,W,k,Kwartierwaarden voor belastingtransformator
3 024 090,e54a68b0-d348-46d5-8b1e-a57f8261bcf4,39.00,2026-02-25 09:15:00.000 +0100,W,k,Kwartierwaarden voor belastingtransformator
3 024 090,e54a68b0-d348-46d5-8b1e-a57f8261bcf4,30.00,2026-02-25 09:30:00.000 +0100,W,k,Kwartierwaarden voor belastingtransformator
3 024 090,e54a68b0-d348-46d5-8b1e-a57f8261bcf4,21.00,2026-02-25 09:45:00.000 +0100,W,k,Kwartierwaarden voor belastingtransformator
3 024 090,e54a68b0-d348-46d5-8b1e-a57f8261bcf4,13.00,2026-02-25 10:00:00.000 +0100,W,k,Kwartierwaarden voor belastingtransformator
3 024 090,e54a68b0-d348-46d5-8b1e-a57f8261bcf4,8.00,2026-02-25 10:15:00.000 +0100,W,k,Kwartierwaarden voor belastingtransformator
3 024 090,e54a68b0-d348-46d5-8b1e-a57f8261bcf4,4.00,2026-02-25 10:30:00.000 +0100,W,k,Kwartierwaarden voor belastingtransformator
3 024 090,e54a68b0-d348-46d5-8b1e-a57f8261bcf4,2.00,2026-02-25 10:45:00.000 +0100,W,k,Kwartierwaarden voor belastingtransformator
3 024 090,e54a68b0-d348-46d5-8b1e-a57f8261bcf4,-1.00,2026-02-25 11:00:00.000 +0100,W,k,Kwartierwaarden voor belastingtransformator
3 024 090,e54a68b0-d348-46d5-8b1e-a57f8261bcf4,-1.00,2026-02-25 11:15:00.000 +0100,W,k,Kwartierwaarden voor belastingtransformator
3 024 090,e54a68b0-d348-46d5-8b1e-a57f8261bcf4,-2.00,2026-02-25 11:30:00.000 +0100,W,k,Kwartierwaarden voor belastingtransformator
3 024 090,e54a68b0-d348-46d5-8b1e-a57f8261bcf4,-3.00,2026-02-25 11:45:00.000 +0100,W,k,Kwartierwaarden voor belastingtransformator
3 024 090,e54a68b0-d348-46d5-8b1e-a57f8261bcf4,-6.00,2026-02-25 12:00:00.000 +0100,W,k,Kwartierwaarden voor belastingtransformator
3 024 090,e54a68b0-d348-46d5-8b1e-a57f8261bcf4,-6.00,2026-02-25 12:15:00.000 +0100,W,k,Kwartierwaarden voor belastingtransformator
3 024 090,e54a68b0-d348-46d5-8b1e-a57f8261bcf4,-5.00,2026-02-25 12:30:00.000 +0100,W,k,Kwartierwaarden voor belastingtransformator
3 024 090,e54a68b0-d348-46d5-8b1e-a57f8261bcf4,-5.00,2026-02-25 12:45:00.000 +0100,W,k,Kwartierwaarden voor belastingtransformator
3 024 090,e54a68b0-d348-46d5-8b1e-a57f8261bcf4,-4.00,2026-02-25 13:00:00.000 +0100,W,k,Kwartierwaarden voor belastingtransformator
3 024 090,e54a68b0-d348-46d5-8b1e-a57f8261bcf4,-1.00,2026-02-25 13:15:00.000 +0100,W,k,Kwartierwaarden voor belastingtransformator
3 024 090,e54a68b0-d348-46d5-8b1e-a57f8261bcf4,3.00,2026-02-25 13:30:00.000 +0100,W,k,Kwartierwaarden voor belastingtransformator
3 024 090,e54a68b0-d348-46d5-8b1e-a57f8261bcf4,7.00,2026-02-25 13:45:00.000 +0100,W,k,Kwartierwaarden voor belastingtransformator
3 024 090,e54a68b0-d348-46d5-8b1e-a57f8261bcf4,10.00,2026-02-25 14:00:00.000 +0100,W,k,Kwartierwaarden voor belastingtransformator
3 024 090,e54a68b0-d348-46d5-8b1e-a57f8261bcf4,16.00,2026-02-25 14:15:00.000 +0100,W,k,Kwartierwaarden voor belastingtransformator
3 024 090,e54a68b0-d348-46d5-8b1e-a57f8261bcf4,23.00,2026-02-25 14:30:00.000 +0100,W,k,Kwartierwaarden voor belastingtransformator
3 024 090,e54a68b0-d348-46d5-8b1e-a57f8261bcf4,30.00,2026-02-25 14:45:00.000 +0100,W,k,Kwartierwaarden voor belastingtransformator
3 024 090,e54a68b0-d348-46d5-8b1e-a57f8261bcf4,39.00,2026-02-25 15:00:00.000 +0100,W,k,Kwartierwaarden voor belastingtransformator
3 024 090,e54a68b0-d348-46d5-8b1e-a57f8261bcf4,50.00,2026-02-25 15:15:00.000 +0100,W,k,Kwartierwaarden voor belastingtransformator
3 024 090,e54a68b0-d348-46d5-8b1e-a57f8261bcf4,63.00,2026-02-25 15:30:00.000 +0100,W,k,Kwartierwaarden voor belastingtransformator
3 024 090,e54a68b0-d348-46d5-8b1e-a57f8261bcf4,78.00,2026-02-25 15:45:00.000 +0100,W,k,Kwartierwaarden voor belastingtransformator
3 024 090,e54a68b0-d348-46d5-8b1e-a57f8261bcf4,97.00,2026-02-25 16:00:00.000 +0100,W,k,Kwartierwaarden voor belastingtransformator
3 024 090,e54a68b0-d348-46d5-8b1e-a57f8261bcf4,117.00,2026-02-25 16:15:00.000 +0100,W,k,Kwartierwaarden voor belastingtransformator
3 024 090,e54a68b0-d348-46d5-8b1e-a57f8261bcf4,135.00,2026-02-25 16:30:00.000 +0100,W,k,Kwartierwaarden voor belastingtransformator
3 024 090,e54a68b0-d348-46d5-8b1e-a57f8261bcf4,150.00,2026-02-25 16:45:00.000 +0100,W,k,Kwartierwaarden voor belastingtransformator
3 024 090,e54a68b0-d348-46d5-8b1e-a57f8261bcf4,161.00,2026-02-25 17:00:00.000 +0100,W,k,Kwartierwaarden voor belastingtransformator
3 024 090,e54a68b0-d348-46d5-8b1e-a57f8261bcf4,163.00,2026-02-25 17:15:00.000 +0100,W,k,Kwartierwaarden voor belastingtransformator
3 024 090,e54a68b0-d348-46d5-8b1e-a57f8261bcf4,164.00,2026-02-25 17:30:00.000 +0100,W,k,Kwartierwaarden voor belastingtransformator
3 024 090,e54a68b0-d348-46d5-8b1e-a57f8261bcf4,164.00,2026-02-25 17:45:00.000 +0100,W,k,Kwartierwaarden voor belastingtransformator
3 024 090,e54a68b0-d348-46d5-8b1e-a57f8261bcf4,162.00,2026-02-25 18:00:00.000 +0100,W,k,Kwartierwaarden voor belastingtransformator
3 024 090,e54a68b0-d348-46d5-8b1e-a57f8261bcf4,160.00,2026-02-25 18:15:00.000 +0100,W,k,Kwartierwaarden voor belastingtransformator
3 024 090,e54a68b0-d348-46d5-8b1e-a57f8261bcf4,157.00,2026-02-25 18:30:00.000 +0100,W,k,Kwartierwaarden voor belastingtransformator
3 024 090,e54a68b0-d348-46d5-8b1e-a57f8261bcf4,155.00,2026-02-25 18:45:00.000 +0100,W,k,Kwartierwaarden voor belastingtransformator
3 024 090,e54a68b0-d348-46d5-8b1e-a57f8261bcf4,152.00,2026-02-25 19:00:00.000 +0100,W,k,Kwartierwaarden voor belastingtransformator
3 024 090,e54a68b0-d348-46d5-8b1e-a57f8261bcf4,149.00,2026-02-25 19:15:00.000 +0100,W,k,Kwartierwaarden voor belastingtransformator
3 024 090,e54a68b0-d348-46d5-8b1e-a57f8261bcf4,147.00,2026-02-25 19:30:00.000 +0100,W,k,Kwartierwaarden voor belastingtransformator
3 024 090,e54a68b0-d348-46d5-8b1e-a57f8261bcf4,144.00,2026-02-25 19:45:00.000 +0100,W,k,Kwartierwaarden voor belastingtransformator
3 024 090,e54a68b0-d348-46d5-8b1e-a57f8261bcf4,141.00,2026-02-25 20:00:00.000 +0100,W,k,Kwartierwaarden voor belastingtransformator
3 024 090,e54a68b0-d348-46d5-8b1e-a57f8261bcf4,139.00,2026-02-25 20:15:00.000 +0100,W,k,Kwartierwaarden voor belastingtransformator
3 024 090,e54a68b0-d348-46d5-8b1e-a57f8261bcf4,136.00,2026-02-25 20:30:00.000 +0100,W,k,Kwartierwaarden voor belastingtransformator
3 024 090,e54a68b0-d348-46d5-8b1e-a57f8261bcf4,134.00,2026-02-25 20:45:00.000 +0100,W,k,Kwartierwaarden voor belastingtransformator
3 024 090,e54a68b0-d348-46d5-8b1e-a57f8261bcf4,131.00,2026-02-25 21:00:00.000 +0100,W,k,Kwartierwaarden voor belastingtransformator
3 024 090,e54a68b0-d348-46d5-8b1e-a57f8261bcf4,128.00,2026-02-25 21:15:00.000 +0100,W,k,Kwartierwaarden voor belastingtransformator
3 024 090,e54a68b0-d348-46d5-8b1e-a57f8261bcf4,125.00,2026-02-25 21:30:00.000 +0100,W,k,Kwartierwaarden voor belastingtransformator
3 024 090,e54a68b0-d348-46d5-8b1e-a57f8261bcf4,121.00,2026-02-25 21:45:00.000 +0100,W,k,Kwartierwaarden voor belastingtransformator
3 024 090,e54a68b0-d348-46d5-8b1e-a57f8261bcf4,121.00,2026-02-25 22:00:00.000 +0100,W,k,Kwartierwaarden voor belastingtransformator
3 024 090,e54a68b0-d348-46d5-8b1e-a57f8261bcf4,117.00,2026-02-25 22:15:00.000 +0100,W,k,Kwartierwaarden voor belastingtransformator
3 024 090,e54a68b0-d348-46d5-8b1e-a57f8261bcf4,112.00,2026-02-25 22:30:00.000 +0100,W,k,Kwartierwaarden voor belastingtransformator
3 024 090,e54a68b0-d348-46d5-8b1e-a57f8261bcf4,108.00,2026-02-25 22:45:00.000 +0100,W,k,Kwartierwaarden voor belastingtransformator
3 024 090,e54a68b0-d348-46d5-8b1e-a57f8261bcf4,104.00,2026-02-25 23:00:00.000 +0100,W,k,Kwartierwaarden voor belastingtransformator
3 024 090,e54a68b0-d348-46d5-8b1e-a57f8261bcf4,100.00,2026-02-25 23:15:00.000 +0100,W,k,Kwartierwaarden voor belastingtransformator
3 024 090,e54a68b0-d348-46d5-8b1e-a57f8261bcf4,95.00,2026-02-25 23:30:00.000 +0100,W,k,Kwartierwaarden voor belastingtransformator
3 024 090,e54a68b0-d348-46d5-8b1e-a57f8261bcf4,91.00,2026-02-25 23:45:00.000 +0100,W,k,Kwartierwaarden voor belastingtransformator
3 024 862,af1ba189-281c-48c9-a7ea-76f04d4348cb,137.00,2026-02-23 00:00:00.000 +0100,W,k,Kwartierwaarden voor belastingtransformator
3 024 862,af1ba189-281c-48c9-a7ea-76f04d4348cb,134.00,2026-02-23 00:15:00.000 +0100,W,k,Kwartierwaarden voor belastingtransformator
3 024 862,af1ba189-281c-48c9-a7ea-76f04d4348cb,131.00,2026-02-23 00:30:00.000 +0100,W,k,Kwartierwaarden voor belastingtransformator
3 024 862,af1ba189-281c-48c9-a7ea-76f04d4348cb,128.00,2026-02-23 00:45:00.000 +0100,W,k,Kwartierwaarden voor belastingtransformator
3 024 862,af1ba189-281c-48c9-a7ea-76f04d4348cb,127.00,2026-02-23 01:00:00.000 +0100,W,k,Kwartierwaarden voor belastingtransformator
3 024 862,af1ba189-281c-48c9-a7ea-76f04d4348cb,126.00,2026-02-23 01:15:00.000 +0100,W,k,Kwartierwaarden voor belastingtransformator
3 024 862,af1ba189-281c-48c9-a7ea-76f04d4348cb,124.00,2026-02-23 01:30:00.000 +0100,W,k,Kwartierwaarden voor belastingtransformator
3 024 862,af1ba189-281c-48c9-a7ea-76f04d4348cb,123.00,2026-02-23 01:45:00.000 +0100,W,k,Kwartierwaarden voor belastingtransformator
3 024 862,af1ba189-281c-48c9-a7ea-76f04d4348cb,122.00,2026-02-23 02:00:00.000 +0100,W,k,Kwartierwaarden voor belastingtransformator
3 024 862,af1ba189-281c-48c9-a7ea-76f04d4348cb,122.00,2026-02-23 02:15:00.000 +0100,W,k,Kwartierwaarden voor belastingtransformator
3 024 862,af1ba189-281c-48c9-a7ea-76f04d4348cb,121.00,2026-02-23 02:30:00.000 +0100,W,k,Kwartierwaarden voor belastingtransformator
3 024 862,af1ba189-281c-48c9-a7ea-76f04d4348cb,120.00,2026-02-23 02:45:00.000 +0100,W,k,Kwartierwaarden voor belastingtransformator
3 024 862,af1ba189-281c-48c9-a7ea-76f04d4348cb,120.00,2026-02-23 03:00:00.000 +0100,W,k,Kwartierwaarden voor belastingtransformator
3 024 862,af1ba189-281c-48c9-a7ea-76f04d4348cb,119.00,2026-02-23 03:15:00.000 +0100,W,k,Kwartierwaarden voor belastingtransformator
3 024 862,af1ba189-281c-48c9-a7ea-76f04d4348cb,119.00,2026-02-23 03:30:00.000 +0100,W,k,Kwartierwaarden voor belastingtransformator
3 024 862,af1ba189-281c-48c9-a7ea-76f04d4348cb,120.00,2026-02-23 03:45:00.000 +0100,W,k,Kwartierwaarden voor belastingtransformator
3 024 862,af1ba189-281c-48c9-a7ea-76f04d4348cb,121.00,2026-02-23 04:00:00.000 +0100,W,k,Kwartierwaarden voor belastingtransformator
3 024 862,af1ba189-281c-48c9-a7ea-76f04d4348cb,122.00,2026-02-23 04:15:00.000 +0100,W,k,Kwartierwaarden voor belastingtransformator
3 024 862,af1ba189-281c-48c9-a7ea-76f04d4348cb,125.00,2026-02-23 04:30:00.000 +0100,W,k,Kwartierwaarden voor belastingtransformator
3 024 862,af1ba189-281c-48c9-a7ea-76f04d4348cb,128.00,2026-02-23 04:45:00.000 +0100,W,k,Kwartierwaarden voor belastingtransformator
3 024 862,af1ba189-281c-48c9-a7ea-76f04d4348cb,133.00,2026-02-23 05:00:00.000 +0100,W,k,Kwartierwaarden voor belastingtransformator
3 024 862,af1ba189-281c-48c9-a7ea-76f04d4348cb,140.00,2026-02-23 05:15:00.000 +0100,W,k,Kwartierwaarden voor belastingtransformator
3 024 862,af1ba189-281c-48c9-a7ea-76f04d4348cb,147.00,2026-02-23 05:30:00.000 +0100,W,k,Kwartierwaarden voor belastingtransformator
3 024 862,af1ba189-281c-48c9-a7ea-76f04d4348cb,155.00,2026-02-23 05:45:00.000 +0100,W,k,Kwartierwaarden voor belastingtransformator
3 024 862,af1ba189-281c-48c9-a7ea-76f04d4348cb,167.00,2026-02-23 06:00:00.000 +0100,W,k,Kwartierwaarden voor belastingtransformator
3 024 862,af1ba189-281c-48c9-a7ea-76f04d4348cb,174.00,2026-02-23 06:15:00.000 +0100,W,k,Kwartierwaarden voor belastingtransformator
3 024 862,af1ba189-281c-48c9-a7ea-76f04d4348cb,181.00,2026-02-23 06:30:00.000 +0100,W,k,Kwartierwaarden voor belastingtransformator
3 024 862,af1ba189-281c-48c9-a7ea-76f04d4348cb,185.00,2026-02-23 06:45:00.000 +0100,W,k,Kwartierwaarden voor belastingtransformator
3 024 862,af1ba189-281c-48c9-a7ea-76f04d4348cb,188.00,2026-02-23 07:00:00.000 +0100,W,k,Kwartierwaarden voor belastingtransformator
3 024 862,af1ba189-281c-48c9-a7ea-76f04d4348cb,178.00,2026-02-23 07:15:00.000 +0100,W,k,Kwartierwaarden voor belastingtransformator
3 024 862,af1ba189-281c-48c9-a7ea-76f04d4348cb,168.00,2026-02-23 07:30:00.000 +0100,W,k,Kwartierwaarden voor belastingtransformator
3 024 862,af1ba189-281c-48c9-a7ea-76f04d4348cb,157.00,2026-02-23 07:45:00.000 +0100,W,k,Kwartierwaarden voor belastingtransformator
3 024 862,af1ba189-281c-48c9-a7ea-76f04d4348cb,145.00,2026-02-23 08:00:00.000 +0100,W,k,Kwartierwaarden voor belastingtransformator
3 024 862,af1ba189-281c-48c9-a7ea-76f04d4348cb,127.00,2026-02-23 08:15:00.000 +0100,W,k,Kwartierwaarden voor belastingtransformator
3 024 862,af1ba189-281c-48c9-a7ea-76f04d4348cb,109.00,2026-02-23 08:30:00.000 +0100,W,k,Kwartierwaarden voor belastingtransformator
3 024 862,af1ba189-281c-48c9-a7ea-76f04d4348cb,90.00,2026-02-23 08:45:00.000 +0100,W,k,Kwartierwaarden voor belastingtransformator
3 024 862,af1ba189-281c-48c9-a7ea-76f04d4348cb,68.00,2026-02-23 09:00:00.000 +0100,W,k,Kwartierwaarden voor belastingtransformator
3 024 862,af1ba189-281c-48c9-a7ea-76f04d4348cb,67.00,2026-02-23 09:15:00.000 +0100,W,k,Kwartierwaarden voor belastingtransformator
3 024 862,af1ba189-281c-48c9-a7ea-76f04d4348cb,66.00,2026-02-23 09:30:00.000 +0100,W,k,Kwartierwaarden voor belastingtransformator
3 024 862,af1ba189-281c-48c9-a7ea-76f04d4348cb,67.00,2026-02-23 09:45:00.000 +0100,W,k,Kwartierwaarden voor belastingtransformator
3 024 862,af1ba189-281c-48c9-a7ea-76f04d4348cb,69.00,2026-02-23 10:00:00.000 +0100,W,k,Kwartierwaarden voor belastingtransformator
3 024 862,af1ba189-281c-48c9-a7ea-76f04d4348cb,69.00,2026-02-23 10:15:00.000 +0100,W,k,Kwartierwaarden voor belastingtransformator
3 024 862,af1ba189-281c-48c9-a7ea-76f04d4348cb,71.00,2026-02-23 10:30:00.000 +0100,W,k,Kwartierwaarden voor belastingtransformator
3 024 862,af1ba189-281c-48c9-a7ea-76f04d4348cb,73.00,2026-02-23 10:45:00.000 +0100,W,k,Kwartierwaarden voor belastingtransformator
3 024 862,af1ba189-281c-48c9-a7ea-76f04d4348cb,76.00,2026-02-23 11:00:00.000 +0100,W,k,Kwartierwaarden voor belastingtransformator
3 024 862,af1ba189-281c-48c9-a7ea-76f04d4348cb,51.00,2026-02-23 11:15:00.000 +0100,W,k,Kwartierwaarden voor belastingtransformator
3 024 862,af1ba189-281c-48c9-a7ea-76f04d4348cb,26.00,2026-02-23 11:30:00.000 +0100,W,k,Kwartierwaarden voor belastingtransformator
4 003 144,07fbd31c-c94a-41b6-b139-b60adc9e1abf,70.00,2026-02-24 19:45:00.000 +0100,W,k,Kwartierwaarden voor belastingtransformator
4 003 144,07fbd31c-c94a-41b6-b139-b60adc9e1abf,68.00,2026-02-24 20:00:00.000 +0100,W,k,Kwartierwaarden voor belastingtransformator
4 003 144,07fbd31c-c94a-41b6-b139-b60adc9e1abf,66.00,2026-02-24 20:15:00.000 +0100,W,k,Kwartierwaarden voor belastingtransformator
4 003 144,07fbd31c-c94a-41b6-b139-b60adc9e1abf,63.00,2026-02-24 20:30:00.000 +0100,W,k,Kwartierwaarden voor belastingtransformator
4 003 144,07fbd31c-c94a-41b6-b139-b60adc9e1abf,62.00,2026-02-24 20:45:00.000 +0100,W,k,Kwartierwaarden voor belastingtransformator
4 003 144,07fbd31c-c94a-41b6-b139-b60adc9e1abf,59.00,2026-02-24 21:00:00.000 +0100,W,k,Kwartierwaarden voor belastingtransformator
4 003 144,07fbd31c-c94a-41b6-b139-b60adc9e1abf,56.00,2026-02-24 21:15:00.000 +0100,W,k,Kwartierwaarden voor belastingtransformator
4 003 144,07fbd31c-c94a-41b6-b139-b60adc9e1abf,54.00,2026-02-24 21:30:00.000 +0100,W,k,Kwartierwaarden voor belastingtransformator
4 003 144,07fbd31c-c94a-41b6-b139-b60adc9e1abf,51.00,2026-02-24 21:45:00.000 +0100,W,k,Kwartierwaarden voor belastingtransformator
4 003 144,07fbd31c-c94a-41b6-b139-b60adc9e1abf,48.00,2026-02-24 22:00:00.000 +0100,W,k,Kwartierwaarden voor belastingtransformator
4 003 144,07fbd31c-c94a-41b6-b139-b60adc9e1abf,46.00,2026-02-24 22:15:00.000 +0100,W,k,Kwartierwaarden voor belastingtransformator
4 003 144,07fbd31c-c94a-41b6-b139-b60adc9e1abf,43.00,2026-02-24 22:30:00.000 +0100,W,k,Kwartierwaarden voor belastingtransformator
4 003 144,07fbd31c-c94a-41b6-b139-b60adc9e1abf,41.00,2026-02-24 22:45:00.000 +0100,W,k,Kwartierwaarden voor belastingtransformator
4 003 144,07fbd31c-c94a-41b6-b139-b60adc9e1abf,40.00,2026-02-24 23:00:00.000 +0100,W,k,Kwartierwaarden voor belastingtransformator
4 003 144,07fbd31c-c94a-41b6-b139-b60adc9e1abf,39.00,2026-02-24 23:15:00.000 +0100,W,k,Kwartierwaarden voor belastingtransformator
4 003 144,07fbd31c-c94a-41b6-b139-b60adc9e1abf,38.00,2026-02-24 23:30:00.000 +0100,W,k,Kwartierwaarden voor belastingtransformator
4 003 144,07fbd31c-c94a-41b6-b139-b60adc9e1abf,37.00,2026-02-24 23:45:00.000 +0100,W,k,Kwartierwaarden voor belastingtransformator
4 003 144,07fbd31c-c94a-41b6-b139-b60adc9e1abf,37.00,2026-02-25 00:00:00.000 +0100,W,k,Kwartierwaarden voor belastingtransformator
4 003 144,07fbd31c-c94a-41b6-b139-b60adc9e1abf,36.00,2026-02-25 00:15:00.000 +0100,W,k,Kwartierwaarden voor belastingtransformator
4 003 144,07fbd31c-c94a-41b6-b139-b60adc9e1abf,35.00,2026-02-25 00:30:00.000 +0100,W,k,Kwartierwaarden voor belastingtransformator
4 003 144,07fbd31c-c94a-41b6-b139-b60adc9e1abf,34.00,2026-02-25 00:45:00.000 +0100,W,k,Kwartierwaarden voor belastingtransformator
4 003 144,07fbd31c-c94a-41b6-b139-b60adc9e1abf,33.00,2026-02-25 01:00:00.000 +0100,W,k,Kwartierwaarden voor belastingtransformator
4 003 144,07fbd31c-c94a-41b6-b139-b60adc9e1abf,33.00,2026-02-25 01:15:00.000 +0100,W,k,Kwartierwaarden voor belastingtransformator
4 003 144,07fbd31c-c94a-41b6-b139-b60adc9e1abf,32.00,2026-02-25 01:30:00.000 +0100,W,k,Kwartierwaarden voor belastingtransformator
4 003 144,07fbd31c-c94a-41b6-b139-b60adc9e1abf,32.00,2026-02-25 01:45:00.000 +0100,W,k,Kwartierwaarden voor belastingtransformator
4 003 144,07fbd31c-c94a-41b6-b139-b60adc9e1abf,32.00,2026-02-25 02:00:00.000 +0100,W,k,Kwartierwaarden voor belastingtransformator
4 003 144,07fbd31c-c94a-41b6-b139-b60adc9e1abf,32.00,2026-02-25 02:15:00.000 +0100,W,k,Kwartierwaarden voor belastingtransformator
4 003 144,07fbd31c-c94a-41b6-b139-b60adc9e1abf,31.00,2026-02-25 02:30:00.000 +0100,W,k,Kwartierwaarden voor belastingtransformator
4 003 144,07fbd31c-c94a-41b6-b139-b60adc9e1abf,31.00,2026-02-25 02:45:00.000 +0100,W,k,Kwartierwaarden voor belastingtransformator
4 003 144,07fbd31c-c94a-41b6-b139-b60adc9e1abf,31.00,2026-02-25 03:00:00.000 +0100,W,k,Kwartierwaarden voor belastingtransformator
4 003 144,07fbd31c-c94a-41b6-b139-b60adc9e1abf,32.00,2026-02-25 03:15:00.000 +0100,W,k,Kwartierwaarden voor belastingtransformator
4 003 144,07fbd31c-c94a-41b6-b139-b60adc9e1abf,31.00,2026-02-25 03:30:00.000 +0100,W,k,Kwartierwaarden voor belastingtransformator
4 003 144,07fbd31c-c94a-41b6-b139-b60adc9e1abf,32.00,2026-02-25 03:45:00.000 +0100,W,k,Kwartierwaarden voor belastingtransformator
4 003 144,07fbd31c-c94a-41b6-b139-b60adc9e1abf,32.00,2026-02-25 04:00:00.000 +0100,W,k,Kwartierwaarden voor belastingtransformator
4 003 144,07fbd31c-c94a-41b6-b139-b60adc9e1abf,33.00,2026-02-25 04:15:00.000 +0100,W,k,Kwartierwaarden voor belastingtransformator
4 003 144,07fbd31c-c94a-41b6-b139-b60adc9e1abf,34.00,2026-02-25 04:30:00.000 +0100,W,k,Kwartierwaarden voor belastingtransformator
4 003 144,07fbd31c-c94a-41b6-b139-b60adc9e1abf,36.00,2026-02-25 04:45:00.000 +0100,W,k,Kwartierwaarden voor belastingtransformator
4 003 144,07fbd31c-c94a-41b6-b139-b60adc9e1abf,38.00,2026-02-25 05:00:00.000 +0100,W,k,Kwartierwaarden voor belastingtransformator
4 003 144,07fbd31c-c94a-41b6-b139-b60adc9e1abf,40.00,2026-02-25 05:15:00.000 +0100,W,k,Kwartierwaarden voor belastingtransformator
4 003 144,07fbd31c-c94a-41b6-b139-b60adc9e1abf,43.00,2026-02-25 05:30:00.000 +0100,W,k,Kwartierwaarden voor belastingtransformator
4 003 144,07fbd31c-c94a-41b6-b139-b60adc9e1abf,47.00,2026-02-25 05:45:00.000 +0100,W,k,Kwartierwaarden voor belastingtransformator
4 003 144,07fbd31c-c94a-41b6-b139-b60adc9e1abf,53.00,2026-02-25 06:00:00.000 +0100,W,k,Kwartierwaarden voor belastingtransformator
4 003 144,07fbd31c-c94a-41b6-b139-b60adc9e1abf,57.00,2026-02-25 06:15:00.000 +0100,W,k,Kwartierwaarden voor belastingtransformator
4 003 144,07fbd31c-c94a-41b6-b139-b60adc9e1abf,62.00,2026-02-25 06:30:00.000 +0100,W,k,Kwartierwaarden voor belastingtransformator
4 003 144,07fbd31c-c94a-41b6-b139-b60adc9e1abf,65.00,2026-02-25 06:45:00.000 +0100,W,k,Kwartierwaarden voor belastingtransformator
4 003 144,07fbd31c-c94a-41b6-b139-b60adc9e1abf,67.00,2026-02-25 07:00:00.000 +0100,W,k,Kwartierwaarden voor belastingtransformator
4 003 144,07fbd31c-c94a-41b6-b139-b60adc9e1abf,64.00,2026-02-25 07:15:00.000 +0100,W,k,Kwartierwaarden voor belastingtransformator
4 003 144,07fbd31c-c94a-41b6-b139-b60adc9e1abf,61.00,2026-02-25 07:30:00.000 +0100,W,k,Kwartierwaarden voor belastingtransformator
4 003 144,07fbd31c-c94a-41b6-b139-b60adc9e1abf,59.00,2026-02-25 07:45:00.000 +0100,W,k,Kwartierwaarden voor belastingtransformator
4 003 144,07fbd31c-c94a-41b6-b139-b60adc9e1abf,54.00,2026-02-25 08:00:00.000 +0100,W,k,Kwartierwaarden voor belastingtransformator
4 003 144,07fbd31c-c94a-41b6-b139-b60adc9e1abf,47.00,2026-02-25 08:15:00.000 +0100,W,k,Kwartierwaarden voor belastingtransformator
4 003 144,07fbd31c-c94a-41b6-b139-b60adc9e1abf,36.00,2026-02-25 08:30:00.000 +0100,W,k,Kwartierwaarden voor belastingtransformator
4 003 144,07fbd31c-c94a-41b6-b139-b60adc9e1abf,26.00,2026-02-25 08:45:00.000 +0100,W,k,Kwartierwaarden voor belastingtransformator
4 003 144,07fbd31c-c94a-41b6-b139-b60adc9e1abf,17.00,2026-02-25 09:00:00.000 +0100,W,k,Kwartierwaarden voor belastingtransformator
4 003 144,07fbd31c-c94a-41b6-b139-b60adc9e1abf,3.00,2026-02-25 09:15:00.000 +0100,W,k,Kwartierwaarden voor belastingtransformator
4 003 144,07fbd31c-c94a-41b6-b139-b60adc9e1abf,-11.00,2026-02-25 09:30:00.000 +0100,W,k,Kwartierwaarden voor belastingtransformator
4 003 144,07fbd31c-c94a-41b6-b139-b60adc9e1abf,-25.00,2026-02-25 09:45:00.000 +0100,W,k,Kwartierwaarden voor belastingtransformator
4 003 144,07fbd31c-c94a-41b6-b139-b60adc9e1abf,-38.00,2026-02-25 10:00:00.000 +0100,W,k,Kwartierwaarden voor belastingtransformator
4 003 144,07fbd31c-c94a-41b6-b139-b60adc9e1abf,-49.00,2026-02-25 10:15:00.000 +0100,W,k,Kwartierwaarden voor belastingtransformator
4 003 144,07fbd31c-c94a-41b6-b139-b60adc9e1abf,-60.00,2026-02-25 10:30:00.000 +0100,W,k,Kwartierwaarden voor belastingtransformator
4 003 144,07fbd31c-c94a-41b6-b139-b60adc9e1abf,-70.00,2026-02-25 10:45:00.000 +0100,W,k,Kwartierwaarden voor belastingtransformator
4 003 144,07fbd31c-c94a-41b6-b139-b60adc9e1abf,-80.00,2026-02-25 11:00:00.000 +0100,W,k,Kwartierwaarden voor belastingtransformator
4 003 144,07fbd31c-c94a-41b6-b139-b60adc9e1abf,-83.00,2026-02-25 11:15:00.000 +0100,W,k,Kwartierwaarden voor belastingtransformator
4 003 144,07fbd31c-c94a-41b6-b139-b60adc9e1abf,-86.00,2026-02-25 11:30:00.000 +0100,W,k,Kwartierwaarden voor belastingtransformator
4 003 144,07fbd31c-c94a-41b6-b139-b60adc9e1abf,-88.00,2026-02-25 11:45:00.000 +0100,W,k,Kwartierwaarden voor belastingtransformator
4 003 144,07fbd31c-c94a-41b6-b139-b60adc9e1abf,-91.00,2026-02-25 12:00:00.000 +0100,W,k,Kwartierwaarden voor belastingtransformator
4 003 144,07fbd31c-c94a-41b6-b139-b60adc9e1abf,-89.00,2026-02-25 12:15:00.000 +0100,W,k,Kwartierwaarden voor belastingtransformator
4 003 144,07fbd31c-c94a-41b6-b139-b60adc9e1abf,-88.00,2026-02-25 12:30:00.000 +0100,W,k,Kwartierwaarden voor belastingtransformator
4 003 144,07fbd31c-c94a-41b6-b139-b60adc9e1abf,-87.00,2026-02-25 12:45:00.000 +0100,W,k,Kwartierwaarden voor belastingtransformator
4 003 144,07fbd31c-c94a-41b6-b139-b60adc9e1abf,-86.00,2026-02-25 13:00:00.000 +0100,W,k,Kwartierwaarden voor belastingtransformator
4 003 144,07fbd31c-c94a-41b6-b139-b60adc9e1abf,-81.00,2026-02-25 13:15:00.000 +0100,W,k,Kwartierwaarden voor belastingtransformator
4 003 144,07fbd31c-c94a-41b6-b139-b60adc9e1abf,-76.00,2026-02-25 13:30:00.000 +0100,W,k,Kwartierwaarden voor belastingtransformator
4 003 144,07fbd31c-c94a-41b6-b139-b60adc9e1abf,-70.00,2026-02-25 13:45:00.000 +0100,W,k,Kwartierwaarden voor belastingtransformator
4 003 144,07fbd31c-c94a-41b6-b139-b60adc9e1abf,-66.00,2026-02-25 14:00:00.000 +0100,W,k,Kwartierwaarden voor belastingtransformator
4 003 144,07fbd31c-c94a-41b6-b139-b60adc9e1abf,-58.00,2026-02-25 14:15:00.000 +0100,W,k,Kwartierwaarden voor belastingtransformator
4 003 144,07fbd31c-c94a-41b6-b139-b60adc9e1abf,-48.00,2026-02-25 14:30:00.000 +0100,W,k,Kwartierwaarden voor belastingtransformator
4 003 144,07fbd31c-c94a-41b6-b139-b60adc9e1abf,-39.00,2026-02-25 14:45:00.000 +0100,W,k,Kwartierwaarden voor belastingtransformator
4 003 144,07fbd31c-c94a-41b6-b139-b60adc9e1abf,-30.00,2026-02-25 15:00:00.000 +0100,W,k,Kwartierwaarden voor belastingtransformator
4 003 144,07fbd31c-c94a-41b6-b139-b60adc9e1abf,-17.00,2026-02-25 15:15:00.000 +0100,W,k,Kwartierwaarden voor belastingtransformator
4 003 144,07fbd31c-c94a-41b6-b139-b60adc9e1abf,-4.00,2026-02-25 15:30:00.000 +0100,W,k,Kwartierwaarden voor belastingtransformator
4 003 144,07fbd31c-c94a-41b6-b139-b60adc9e1abf,10.00,2026-02-25 15:45:00.000 +0100,W,k,Kwartierwaarden voor belastingtransformator
4 003 144,07fbd31c-c94a-41b6-b139-b60adc9e1abf,25.00,2026-02-25 16:00:00.000 +0100,W,k,Kwartierwaarden voor belastingtransformator
4 003 144,07fbd31c-c94a-41b6-b139-b60adc9e1abf,44.00,2026-02-25 16:15:00.000 +0100,W,k,Kwartierwaarden voor belastingtransformator
4 003 144,07fbd31c-c94a-41b6-b139-b60adc9e1abf,59.00,2026-02-25 16:30:00.000 +0100,W,k,Kwartierwaarden voor belastingtransformator
4 003 144,07fbd31c-c94a-41b6-b139-b60adc9e1abf,73.00,2026-02-25 16:45:00.000 +0100,W,k,Kwartierwaarden voor belastingtransformator
4 003 144,07fbd31c-c94a-41b6-b139-b60adc9e1abf,83.00,2026-02-25 17:00:00.000 +0100,W,k,Kwartierwaarden voor belastingtransformator
4 003 144,07fbd31c-c94a-41b6-b139-b60adc9e1abf,84.00,2026-02-25 17:15:00.000 +0100,W,k,Kwartierwaarden voor belastingtransformator
3 024 862,af1ba189-281c-48c9-a7ea-76f04d4348cb,-1.00,2026-02-23 11:45:00.000 +0100,W,k,Kwartierwaarden voor belastingtransformator
3 024 862,af1ba189-281c-48c9-a7ea-76f04d4348cb,-25.00,2026-02-23 12:00:00.000 +0100,W,k,Kwartierwaarden voor belastingtransformator
3 024 862,af1ba189-281c-48c9-a7ea-76f04d4348cb,-7.00,2026-02-23 12:15:00.000 +0100,W,k,Kwartierwaarden voor belastingtransformator
3 024 862,af1ba189-281c-48c9-a7ea-76f04d4348cb,10.00,2026-02-23 12:30:00.000 +0100,W,k,Kwartierwaarden voor belastingtransformator
3 024 862,af1ba189-281c-48c9-a7ea-76f04d4348cb,28.00,2026-02-23 12:45:00.000 +0100,W,k,Kwartierwaarden voor belastingtransformator
3 024 862,af1ba189-281c-48c9-a7ea-76f04d4348cb,45.00,2026-02-23 13:00:00.000 +0100,W,k,Kwartierwaarden voor belastingtransformator
3 024 862,af1ba189-281c-48c9-a7ea-76f04d4348cb,59.00,2026-02-23 13:15:00.000 +0100,W,k,Kwartierwaarden voor belastingtransformator
3 024 862,af1ba189-281c-48c9-a7ea-76f04d4348cb,74.00,2026-02-23 13:30:00.000 +0100,W,k,Kwartierwaarden voor belastingtransformator
3 024 862,af1ba189-281c-48c9-a7ea-76f04d4348cb,90.00,2026-02-23 13:45:00.000 +0100,W,k,Kwartierwaarden voor belastingtransformator
3 024 862,af1ba189-281c-48c9-a7ea-76f04d4348cb,105.00,2026-02-23 14:00:00.000 +0100,W,k,Kwartierwaarden voor belastingtransformator
3 024 862,af1ba189-281c-48c9-a7ea-76f04d4348cb,111.00,2026-02-23 14:15:00.000 +0100,W,k,Kwartierwaarden voor belastingtransformator
3 024 862,af1ba189-281c-48c9-a7ea-76f04d4348cb,117.00,2026-02-23 14:30:00.000 +0100,W,k,Kwartierwaarden voor belastingtransformator
3 024 862,af1ba189-281c-48c9-a7ea-76f04d4348cb,125.00,2026-02-23 14:45:00.000 +0100,W,k,Kwartierwaarden voor belastingtransformator
3 024 862,af1ba189-281c-48c9-a7ea-76f04d4348cb,135.00,2026-02-23 15:00:00.000 +0100,W,k,Kwartierwaarden voor belastingtransformator
3 024 862,af1ba189-281c-48c9-a7ea-76f04d4348cb,130.00,2026-02-23 15:15:00.000 +0100,W,k,Kwartierwaarden voor belastingtransformator
3 024 862,af1ba189-281c-48c9-a7ea-76f04d4348cb,128.00,2026-02-23 15:30:00.000 +0100,W,k,Kwartierwaarden voor belastingtransformator
3 024 862,af1ba189-281c-48c9-a7ea-76f04d4348cb,132.00,2026-02-23 15:45:00.000 +0100,W,k,Kwartierwaarden voor belastingtransformator
3 024 862,af1ba189-281c-48c9-a7ea-76f04d4348cb,139.00,2026-02-23 16:00:00.000 +0100,W,k,Kwartierwaarden voor belastingtransformator
3 024 862,af1ba189-281c-48c9-a7ea-76f04d4348cb,182.00,2026-02-23 16:15:00.000 +0100,W,k,Kwartierwaarden voor belastingtransformator
3 024 862,af1ba189-281c-48c9-a7ea-76f04d4348cb,222.00,2026-02-23 16:30:00.000 +0100,W,k,Kwartierwaarden voor belastingtransformator
3 024 862,af1ba189-281c-48c9-a7ea-76f04d4348cb,258.00,2026-02-23 16:45:00.000 +0100,W,k,Kwartierwaarden voor belastingtransformator
3 024 862,af1ba189-281c-48c9-a7ea-76f04d4348cb,286.00,2026-02-23 17:00:00.000 +0100,W,k,Kwartierwaarden voor belastingtransformator
3 024 862,af1ba189-281c-48c9-a7ea-76f04d4348cb,291.00,2026-02-23 17:15:00.000 +0100,W,k,Kwartierwaarden voor belastingtransformator
3 024 862,af1ba189-281c-48c9-a7ea-76f04d4348cb,295.00,2026-02-23 17:30:00.000 +0100,W,k,Kwartierwaarden voor belastingtransformator
3 024 862,af1ba189-281c-48c9-a7ea-76f04d4348cb,295.00,2026-02-23 17:45:00.000 +0100,W,k,Kwartierwaarden voor belastingtransformator
3 024 862,af1ba189-281c-48c9-a7ea-76f04d4348cb,293.00,2026-02-23 18:00:00.000 +0100,W,k,Kwartierwaarden voor belastingtransformator
3 024 862,af1ba189-281c-48c9-a7ea-76f04d4348cb,287.00,2026-02-23 18:15:00.000 +0100,W,k,Kwartierwaarden voor belastingtransformator
3 024 862,af1ba189-281c-48c9-a7ea-76f04d4348cb,281.00,2026-02-23 18:30:00.000 +0100,W,k,Kwartierwaarden voor belastingtransformator
3 024 862,af1ba189-281c-48c9-a7ea-76f04d4348cb,278.00,2026-02-23 18:45:00.000 +0100,W,k,Kwartierwaarden voor belastingtransformator
3 024 862,af1ba189-281c-48c9-a7ea-76f04d4348cb,271.00,2026-02-23 19:00:00.000 +0100,W,k,Kwartierwaarden voor belastingtransformator
3 024 862,af1ba189-281c-48c9-a7ea-76f04d4348cb,265.00,2026-02-23 19:15:00.000 +0100,W,k,Kwartierwaarden voor belastingtransformator
3 024 862,af1ba189-281c-48c9-a7ea-76f04d4348cb,258.00,2026-02-23 19:30:00.000 +0100,W,k,Kwartierwaarden voor belastingtransformator
3 024 862,af1ba189-281c-48c9-a7ea-76f04d4348cb,250.00,2026-02-23 19:45:00.000 +0100,W,k,Kwartierwaarden voor belastingtransformator
3 024 862,af1ba189-281c-48c9-a7ea-76f04d4348cb,243.00,2026-02-23 20:00:00.000 +0100,W,k,Kwartierwaarden voor belastingtransformator
3 024 862,af1ba189-281c-48c9-a7ea-76f04d4348cb,237.00,2026-02-23 20:15:00.000 +0100,W,k,Kwartierwaarden voor belastingtransformator
3 024 862,af1ba189-281c-48c9-a7ea-76f04d4348cb,231.00,2026-02-23 20:30:00.000 +0100,W,k,Kwartierwaarden voor belastingtransformator
3 024 862,af1ba189-281c-48c9-a7ea-76f04d4348cb,226.00,2026-02-23 20:45:00.000 +0100,W,k,Kwartierwaarden voor belastingtransformator
3 024 862,af1ba189-281c-48c9-a7ea-76f04d4348cb,218.00,2026-02-23 21:00:00.000 +0100,W,k,Kwartierwaarden voor belastingtransformator
3 024 862,af1ba189-281c-48c9-a7ea-76f04d4348cb,211.00,2026-02-23 21:15:00.000 +0100,W,k,Kwartierwaarden voor belastingtransformator
3 024 862,af1ba189-281c-48c9-a7ea-76f04d4348cb,203.00,2026-02-23 21:30:00.000 +0100,W,k,Kwartierwaarden voor belastingtransformator
3 024 862,af1ba189-281c-48c9-a7ea-76f04d4348cb,196.00,2026-02-23 21:45:00.000 +0100,W,k,Kwartierwaarden voor belastingtransformator
3 024 862,af1ba189-281c-48c9-a7ea-76f04d4348cb,190.00,2026-02-23 22:00:00.000 +0100,W,k,Kwartierwaarden voor belastingtransformator
3 024 862,af1ba189-281c-48c9-a7ea-76f04d4348cb,183.00,2026-02-23 22:15:00.000 +0100,W,k,Kwartierwaarden voor belastingtransformator
3 024 862,af1ba189-281c-48c9-a7ea-76f04d4348cb,175.00,2026-02-23 22:30:00.000 +0100,W,k,Kwartierwaarden voor belastingtransformator
3 024 862,af1ba189-281c-48c9-a7ea-76f04d4348cb,168.00,2026-02-23 22:45:00.000 +0100,W,k,Kwartierwaarden voor belastingtransformator
3 024 862,af1ba189-281c-48c9-a7ea-76f04d4348cb,163.00,2026-02-23 23:00:00.000 +0100,W,k,Kwartierwaarden voor belastingtransformator
3 024 862,af1ba189-281c-48c9-a7ea-76f04d4348cb,158.00,2026-02-23 23:15:00.000 +0100,W,k,Kwartierwaarden voor belastingtransformator
3 024 862,af1ba189-281c-48c9-a7ea-76f04d4348cb,154.00,2026-02-23 23:30:00.000 +0100,W,k,Kwartierwaarden voor belastingtransformator
3 024 862,af1ba189-281c-48c9-a7ea-76f04d4348cb,149.00,2026-02-23 23:45:00.000 +0100,W,k,Kwartierwaarden voor belastingtransformator
3 024 862,af1ba189-281c-48c9-a7ea-76f04d4348cb,146.00,2026-02-24 00:00:00.000 +0100,W,k,Kwartierwaarden voor belastingtransformator
3 024 862,af1ba189-281c-48c9-a7ea-76f04d4348cb,143.00,2026-02-24 00:15:00.000 +0100,W,k,Kwartierwaarden voor belastingtransformator
3 024 862,af1ba189-281c-48c9-a7ea-76f04d4348cb,140.00,2026-02-24 00:30:00.000 +0100,W,k,Kwartierwaarden voor belastingtransformator
3 024 862,af1ba189-281c-48c9-a7ea-76f04d4348cb,137.00,2026-02-24 00:45:00.000 +0100,W,k,Kwartierwaarden voor belastingtransformator
3 024 862,af1ba189-281c-48c9-a7ea-76f04d4348cb,136.00,2026-02-24 01:00:00.000 +0100,W,k,Kwartierwaarden voor belastingtransformator
3 024 862,af1ba189-281c-48c9-a7ea-76f04d4348cb,134.00,2026-02-24 01:15:00.000 +0100,W,k,Kwartierwaarden voor belastingtransformator
3 024 862,af1ba189-281c-48c9-a7ea-76f04d4348cb,131.00,2026-02-24 01:30:00.000 +0100,W,k,Kwartierwaarden voor belastingtransformator
3 024 862,af1ba189-281c-48c9-a7ea-76f04d4348cb,130.00,2026-02-24 01:45:00.000 +0100,W,k,Kwartierwaarden voor belastingtransformator
3 024 862,af1ba189-281c-48c9-a7ea-76f04d4348cb,129.00,2026-02-24 02:00:00.000 +0100,W,k,Kwartierwaarden voor belastingtransformator
3 024 862,af1ba189-281c-48c9-a7ea-76f04d4348cb,128.00,2026-02-24 02:15:00.000 +0100,W,k,Kwartierwaarden voor belastingtransformator
3 024 862,af1ba189-281c-48c9-a7ea-76f04d4348cb,127.00,2026-02-24 02:30:00.000 +0100,W,k,Kwartierwaarden voor belastingtransformator
3 024 862,af1ba189-281c-48c9-a7ea-76f04d4348cb,125.00,2026-02-24 02:45:00.000 +0100,W,k,Kwartierwaarden voor belastingtransformator
3 024 862,af1ba189-281c-48c9-a7ea-76f04d4348cb,125.00,2026-02-24 03:00:00.000 +0100,W,k,Kwartierwaarden voor belastingtransformator
3 024 862,af1ba189-281c-48c9-a7ea-76f04d4348cb,124.00,2026-02-24 03:15:00.000 +0100,W,k,Kwartierwaarden voor belastingtransformator
3 024 862,af1ba189-281c-48c9-a7ea-76f04d4348cb,124.00,2026-02-24 03:30:00.000 +0100,W,k,Kwartierwaarden voor belastingtransformator
3 024 862,af1ba189-281c-48c9-a7ea-76f04d4348cb,125.00,2026-02-24 03:45:00.000 +0100,W,k,Kwartierwaarden voor belastingtransformator
3 024 862,af1ba189-281c-48c9-a7ea-76f04d4348cb,126.00,2026-02-24 04:00:00.000 +0100,W,k,Kwartierwaarden voor belastingtransformator
3 024 862,af1ba189-281c-48c9-a7ea-76f04d4348cb,127.00,2026-02-24 04:15:00.000 +0100,W,k,Kwartierwaarden voor belastingtransformator
3 024 862,af1ba189-281c-48c9-a7ea-76f04d4348cb,130.00,2026-02-24 04:30:00.000 +0100,W,k,Kwartierwaarden voor belastingtransformator
3 024 862,af1ba189-281c-48c9-a7ea-76f04d4348cb,134.00,2026-02-24 04:45:00.000 +0100,W,k,Kwartierwaarden voor belastingtransformator
3 024 862,af1ba189-281c-48c9-a7ea-76f04d4348cb,140.00,2026-02-24 05:00:00.000 +0100,W,k,Kwartierwaarden voor belastingtransformator
3 024 862,af1ba189-281c-48c9-a7ea-76f04d4348cb,146.00,2026-02-24 05:15:00.000 +0100,W,k,Kwartierwaarden voor belastingtransformator
3 024 862,af1ba189-281c-48c9-a7ea-76f04d4348cb,154.00,2026-02-24 05:30:00.000 +0100,W,k,Kwartierwaarden voor belastingtransformator
3 024 862,af1ba189-281c-48c9-a7ea-76f04d4348cb,162.00,2026-02-24 05:45:00.000 +0100,W,k,Kwartierwaarden voor belastingtransformator
3 024 862,af1ba189-281c-48c9-a7ea-76f04d4348cb,174.00,2026-02-24 06:00:00.000 +0100,W,k,Kwartierwaarden voor belastingtransformator
3 024 862,af1ba189-281c-48c9-a7ea-76f04d4348cb,183.00,2026-02-24 06:15:00.000 +0100,W,k,Kwartierwaarden voor belastingtransformator
3 024 862,af1ba189-281c-48c9-a7ea-76f04d4348cb,187.00,2026-02-24 06:30:00.000 +0100,W,k,Kwartierwaarden voor belastingtransformator
3 024 862,af1ba189-281c-48c9-a7ea-76f04d4348cb,189.00,2026-02-24 06:45:00.000 +0100,W,k,Kwartierwaarden voor belastingtransformator
3 024 862,af1ba189-281c-48c9-a7ea-76f04d4348cb,187.00,2026-02-24 07:00:00.000 +0100,W,k,Kwartierwaarden voor belastingtransformator
3 024 862,af1ba189-281c-48c9-a7ea-76f04d4348cb,181.00,2026-02-24 07:15:00.000 +0100,W,k,Kwartierwaarden voor belastingtransformator
3 024 862,af1ba189-281c-48c9-a7ea-76f04d4348cb,179.00,2026-02-24 07:30:00.000 +0100,W,k,Kwartierwaarden voor belastingtransformator
3 024 862,af1ba189-281c-48c9-a7ea-76f04d4348cb,178.00,2026-02-24 07:45:00.000 +0100,W,k,Kwartierwaarden voor belastingtransformator
3 024 862,af1ba189-281c-48c9-a7ea-76f04d4348cb,175.00,2026-02-24 08:00:00.000 +0100,W,k,Kwartierwaarden voor belastingtransformator
3 024 862,af1ba189-281c-48c9-a7ea-76f04d4348cb,174.00,2026-02-24 08:15:00.000 +0100,W,k,Kwartierwaarden voor belastingtransformator
3 024 862,af1ba189-281c-48c9-a7ea-76f04d4348cb,172.00,2026-02-24 08:30:00.000 +0100,W,k,Kwartierwaarden voor belastingtransformator
3 024 862,af1ba189-281c-48c9-a7ea-76f04d4348cb,170.00,2026-02-24 08:45:00.000 +0100,W,k,Kwartierwaarden voor belastingtransformator
3 024 862,af1ba189-281c-48c9-a7ea-76f04d4348cb,168.00,2026-02-24 09:00:00.000 +0100,W,k,Kwartierwaarden voor belastingtransformator
3 024 862,af1ba189-281c-48c9-a7ea-76f04d4348cb,167.00,2026-02-24 09:15:00.000 +0100,W,k,Kwartierwaarden voor belastingtransformator
3 024 862,af1ba189-281c-48c9-a7ea-76f04d4348cb,164.00,2026-02-24 09:30:00.000 +0100,W,k,Kwartierwaarden voor belastingtransformator
3 024 862,af1ba189-281c-48c9-a7ea-76f04d4348cb,163.00,2026-02-24 09:45:00.000 +0100,W,k,Kwartierwaarden voor belastingtransformator
3 024 862,af1ba189-281c-48c9-a7ea-76f04d4348cb,162.00,2026-02-24 10:00:00.000 +0100,W,k,Kwartierwaarden voor belastingtransformator
3 024 862,af1ba189-281c-48c9-a7ea-76f04d4348cb,162.00,2026-02-24 10:15:00.000 +0100,W,k,Kwartierwaarden voor belastingtransformator
3 024 862,af1ba189-281c-48c9-a7ea-76f04d4348cb,162.00,2026-02-24 10:30:00.000 +0100,W,k,Kwartierwaarden voor belastingtransformator
3 024 862,af1ba189-281c-48c9-a7ea-76f04d4348cb,163.00,2026-02-24 10:45:00.000 +0100,W,k,Kwartierwaarden voor belastingtransformator
3 024 862,af1ba189-281c-48c9-a7ea-76f04d4348cb,162.00,2026-02-24 11:00:00.000 +0100,W,k,Kwartierwaarden voor belastingtransformator
3 024 862,af1ba189-281c-48c9-a7ea-76f04d4348cb,159.00,2026-02-24 11:15:00.000 +0100,W,k,Kwartierwaarden voor belastingtransformator
3 024 862,af1ba189-281c-48c9-a7ea-76f04d4348cb,154.00,2026-02-24 11:30:00.000 +0100,W,k,Kwartierwaarden voor belastingtransformator
3 024 862,af1ba189-281c-48c9-a7ea-76f04d4348cb,152.00,2026-02-24 11:45:00.000 +0100,W,k,Kwartierwaarden voor belastingtransformator
3 024 862,af1ba189-281c-48c9-a7ea-76f04d4348cb,148.00,2026-02-24 12:00:00.000 +0100,W,k,Kwartierwaarden voor belastingtransformator
3 024 862,af1ba189-281c-48c9-a7ea-76f04d4348cb,145.00,2026-02-24 12:15:00.000 +0100,W,k,Kwartierwaarden voor belastingtransformator
3 024 862,af1ba189-281c-48c9-a7ea-76f04d4348cb,141.00,2026-02-24 12:30:00.000 +0100,W,k,Kwartierwaarden voor belastingtransformator
3 024 862,af1ba189-281c-48c9-a7ea-76f04d4348cb,138.00,2026-02-24 12:45:00.000 +0100,W,k,Kwartierwaarden voor belastingtransformator
3 024 862,af1ba189-281c-48c9-a7ea-76f04d4348cb,135.00,2026-02-24 13:00:00.000 +0100,W,k,Kwartierwaarden voor belastingtransformator
3 024 862,af1ba189-281c-48c9-a7ea-76f04d4348cb,136.00,2026-02-24 13:15:00.000 +0100,W,k,Kwartierwaarden voor belastingtransformator
3 024 862,af1ba189-281c-48c9-a7ea-76f04d4348cb,137.00,2026-02-24 13:30:00.000 +0100,W,k,Kwartierwaarden voor belastingtransformator
3 024 862,af1ba189-281c-48c9-a7ea-76f04d4348cb,136.00,2026-02-24 13:45:00.000 +0100,W,k,Kwartierwaarden voor belastingtransformator
3 024 862,af1ba189-281c-48c9-a7ea-76f04d4348cb,136.00,2026-02-24 14:00:00.000 +0100,W,k,Kwartierwaarden voor belastingtransformator
3 024 862,af1ba189-281c-48c9-a7ea-76f04d4348cb,135.00,2026-02-24 14:15:00.000 +0100,W,k,Kwartierwaarden voor belastingtransformator
3 024 862,af1ba189-281c-48c9-a7ea-76f04d4348cb,134.00,2026-02-24 14:30:00.000 +0100,W,k,Kwartierwaarden voor belastingtransformator
3 024 862,af1ba189-281c-48c9-a7ea-76f04d4348cb,137.00,2026-02-24 14:45:00.000 +0100,W,k,Kwartierwaarden voor belastingtransformator
3 024 862,af1ba189-281c-48c9-a7ea-76f04d4348cb,142.00,2026-02-24 15:00:00.000 +0100,W,k,Kwartierwaarden voor belastingtransformator
3 024 862,af1ba189-281c-48c9-a7ea-76f04d4348cb,150.00,2026-02-24 15:15:00.000 +0100,W,k,Kwartierwaarden voor belastingtransformator
3 024 862,af1ba189-281c-48c9-a7ea-76f04d4348cb,162.00,2026-02-24 15:30:00.000 +0100,W,k,Kwartierwaarden voor belastingtransformator
3 024 862,af1ba189-281c-48c9-a7ea-76f04d4348cb,179.00,2026-02-24 15:45:00.000 +0100,W,k,Kwartierwaarden voor belastingtransformator
3 024 862,af1ba189-281c-48c9-a7ea-76f04d4348cb,201.00,2026-02-24 16:00:00.000 +0100,W,k,Kwartierwaarden voor belastingtransformator
3 024 862,af1ba189-281c-48c9-a7ea-76f04d4348cb,228.00,2026-02-24 16:15:00.000 +0100,W,k,Kwartierwaarden voor belastingtransformator
3 024 862,af1ba189-281c-48c9-a7ea-76f04d4348cb,252.00,2026-02-24 16:30:00.000 +0100,W,k,Kwartierwaarden voor belastingtransformator
3 024 862,af1ba189-281c-48c9-a7ea-76f04d4348cb,270.00,2026-02-24 16:45:00.000 +0100,W,k,Kwartierwaarden voor belastingtransformator
3 024 862,af1ba189-281c-48c9-a7ea-76f04d4348cb,279.00,2026-02-24 17:00:00.000 +0100,W,k,Kwartierwaarden voor belastingtransformator
3 024 862,af1ba189-281c-48c9-a7ea-76f04d4348cb,284.00,2026-02-24 17:15:00.000 +0100,W,k,Kwartierwaarden voor belastingtransformator
3 024 862,af1ba189-281c-48c9-a7ea-76f04d4348cb,286.00,2026-02-24 17:30:00.000 +0100,W,k,Kwartierwaarden voor belastingtransformator
3 024 862,af1ba189-281c-48c9-a7ea-76f04d4348cb,286.00,2026-02-24 17:45:00.000 +0100,W,k,Kwartierwaarden voor belastingtransformator
3 024 862,af1ba189-281c-48c9-a7ea-76f04d4348cb,283.00,2026-02-24 18:00:00.000 +0100,W,k,Kwartierwaarden voor belastingtransformator
3 024 862,af1ba189-281c-48c9-a7ea-76f04d4348cb,278.00,2026-02-24 18:15:00.000 +0100,W,k,Kwartierwaarden voor belastingtransformator
3 024 862,af1ba189-281c-48c9-a7ea-76f04d4348cb,271.00,2026-02-24 18:30:00.000 +0100,W,k,Kwartierwaarden voor belastingtransformator
3 024 862,af1ba189-281c-48c9-a7ea-76f04d4348cb,268.00,2026-02-24 18:45:00.000 +0100,W,k,Kwartierwaarden voor belastingtransformator
3 024 862,af1ba189-281c-48c9-a7ea-76f04d4348cb,261.00,2026-02-24 19:00:00.000 +0100,W,k,Kwartierwaarden voor belastingtransformator
3 024 862,af1ba189-281c-48c9-a7ea-76f04d4348cb,256.00,2026-02-24 19:15:00.000 +0100,W,k,Kwartierwaarden voor belastingtransformator
3 024 862,af1ba189-281c-48c9-a7ea-76f04d4348cb,249.00,2026-02-24 19:30:00.000 +0100,W,k,Kwartierwaarden voor belastingtransformator
3 024 862,af1ba189-281c-48c9-a7ea-76f04d4348cb,244.00,2026-02-24 19:45:00.000 +0100,W,k,Kwartierwaarden voor belastingtransformator
3 024 862,af1ba189-281c-48c9-a7ea-76f04d4348cb,237.00,2026-02-24 20:00:00.000 +0100,W,k,Kwartierwaarden voor belastingtransformator
3 024 862,af1ba189-281c-48c9-a7ea-76f04d4348cb,231.00,2026-02-24 20:15:00.000 +0100,W,k,Kwartierwaarden voor belastingtransformator
3 024 862,af1ba189-281c-48c9-a7ea-76f04d4348cb,225.00,2026-02-24 20:30:00.000 +0100,W,k,Kwartierwaarden voor belastingtransformator
3 024 862,af1ba189-281c-48c9-a7ea-76f04d4348cb,220.00,2026-02-24 20:45:00.000 +0100,W,k,Kwartierwaarden voor belastingtransformator
3 024 862,af1ba189-281c-48c9-a7ea-76f04d4348cb,214.00,2026-02-24 21:00:00.000 +0100,W,k,Kwartierwaarden voor belastingtransformator
3 024 862,af1ba189-281c-48c9-a7ea-76f04d4348cb,208.00,2026-02-24 21:15:00.000 +0100,W,k,Kwartierwaarden voor belastingtransformator
3 024 862,af1ba189-281c-48c9-a7ea-76f04d4348cb,201.00,2026-02-24 21:30:00.000 +0100,W,k,Kwartierwaarden voor belastingtransformator
3 024 862,af1ba189-281c-48c9-a7ea-76f04d4348cb,193.00,2026-02-24 21:45:00.000 +0100,W,k,Kwartierwaarden voor belastingtransformator
3 024 862,af1ba189-281c-48c9-a7ea-76f04d4348cb,189.00,2026-02-24 22:00:00.000 +0100,W,k,Kwartierwaarden voor belastingtransformator
3 024 862,af1ba189-281c-48c9-a7ea-76f04d4348cb,182.00,2026-02-24 22:15:00.000 +0100,W,k,Kwartierwaarden voor belastingtransformator
3 024 862,af1ba189-281c-48c9-a7ea-76f04d4348cb,174.00,2026-02-24 22:30:00.000 +0100,W,k,Kwartierwaarden voor belastingtransformator
3 024 862,af1ba189-281c-48c9-a7ea-76f04d4348cb,167.00,2026-02-24 22:45:00.000 +0100,W,k,Kwartierwaarden voor belastingtransformator
3 024 862,af1ba189-281c-48c9-a7ea-76f04d4348cb,162.00,2026-02-24 23:00:00.000 +0100,W,k,Kwartierwaarden voor belastingtransformator
3 024 862,af1ba189-281c-48c9-a7ea-76f04d4348cb,157.00,2026-02-24 23:15:00.000 +0100,W,k,Kwartierwaarden voor belastingtransformator
3 024 862,af1ba189-281c-48c9-a7ea-76f04d4348cb,152.00,2026-02-24 23:30:00.000 +0100,W,k,Kwartierwaarden voor belastingtransformator
3 024 862,af1ba189-281c-48c9-a7ea-76f04d4348cb,148.00,2026-02-24 23:45:00.000 +0100,W,k,Kwartierwaarden voor belastingtransformator
3 024 862,af1ba189-281c-48c9-a7ea-76f04d4348cb,145.00,2026-02-25 00:00:00.000 +0100,W,k,Kwartierwaarden voor belastingtransformator
3 024 862,af1ba189-281c-48c9-a7ea-76f04d4348cb,142.00,2026-02-25 00:15:00.000 +0100,W,k,Kwartierwaarden voor belastingtransformator
3 024 862,af1ba189-281c-48c9-a7ea-76f04d4348cb,138.00,2026-02-25 00:30:00.000 +0100,W,k,Kwartierwaarden voor belastingtransformator
3 024 862,af1ba189-281c-48c9-a7ea-76f04d4348cb,135.00,2026-02-25 00:45:00.000 +0100,W,k,Kwartierwaarden voor belastingtransformator
3 024 862,af1ba189-281c-48c9-a7ea-76f04d4348cb,133.00,2026-02-25 01:00:00.000 +0100,W,k,Kwartierwaarden voor belastingtransformator
3 024 862,af1ba189-281c-48c9-a7ea-76f04d4348cb,131.00,2026-02-25 01:15:00.000 +0100,W,k,Kwartierwaarden voor belastingtransformator
3 024 862,af1ba189-281c-48c9-a7ea-76f04d4348cb,129.00,2026-02-25 01:30:00.000 +0100,W,k,Kwartierwaarden voor belastingtransformator
3 024 862,af1ba189-281c-48c9-a7ea-76f04d4348cb,127.00,2026-02-25 01:45:00.000 +0100,W,k,Kwartierwaarden voor belastingtransformator
3 024 862,af1ba189-281c-48c9-a7ea-76f04d4348cb,126.00,2026-02-25 02:00:00.000 +0100,W,k,Kwartierwaarden voor belastingtransformator
3 024 862,af1ba189-281c-48c9-a7ea-76f04d4348cb,124.00,2026-02-25 02:15:00.000 +0100,W,k,Kwartierwaarden voor belastingtransformator
3 024 862,af1ba189-281c-48c9-a7ea-76f04d4348cb,123.00,2026-02-25 02:30:00.000 +0100,W,k,Kwartierwaarden voor belastingtransformator
3 024 862,af1ba189-281c-48c9-a7ea-76f04d4348cb,122.00,2026-02-25 02:45:00.000 +0100,W,k,Kwartierwaarden voor belastingtransformator
3 024 862,af1ba189-281c-48c9-a7ea-76f04d4348cb,121.00,2026-02-25 03:00:00.000 +0100,W,k,Kwartierwaarden voor belastingtransformator
3 024 862,af1ba189-281c-48c9-a7ea-76f04d4348cb,121.00,2026-02-25 03:15:00.000 +0100,W,k,Kwartierwaarden voor belastingtransformator
3 024 862,af1ba189-281c-48c9-a7ea-76f04d4348cb,121.00,2026-02-25 03:30:00.000 +0100,W,k,Kwartierwaarden voor belastingtransformator
3 024 862,af1ba189-281c-48c9-a7ea-76f04d4348cb,121.00,2026-02-25 03:45:00.000 +0100,W,k,Kwartierwaarden voor belastingtransformator
3 024 862,af1ba189-281c-48c9-a7ea-76f04d4348cb,122.00,2026-02-25 04:00:00.000 +0100,W,k,Kwartierwaarden voor belastingtransformator
3 024 862,af1ba189-281c-48c9-a7ea-76f04d4348cb,123.00,2026-02-25 04:15:00.000 +0100,W,k,Kwartierwaarden voor belastingtransformator
3 024 862,af1ba189-281c-48c9-a7ea-76f04d4348cb,126.00,2026-02-25 04:30:00.000 +0100,W,k,Kwartierwaarden voor belastingtransformator
3 024 862,af1ba189-281c-48c9-a7ea-76f04d4348cb,129.00,2026-02-25 04:45:00.000 +0100,W,k,Kwartierwaarden voor belastingtransformator
3 024 862,af1ba189-281c-48c9-a7ea-76f04d4348cb,135.00,2026-02-25 05:00:00.000 +0100,W,k,Kwartierwaarden voor belastingtransformator
3 024 862,af1ba189-281c-48c9-a7ea-76f04d4348cb,140.00,2026-02-25 05:15:00.000 +0100,W,k,Kwartierwaarden voor belastingtransformator
3 024 862,af1ba189-281c-48c9-a7ea-76f04d4348cb,147.00,2026-02-25 05:30:00.000 +0100,W,k,Kwartierwaarden voor belastingtransformator
3 024 862,af1ba189-281c-48c9-a7ea-76f04d4348cb,155.00,2026-02-25 05:45:00.000 +0100,W,k,Kwartierwaarden voor belastingtransformator
3 024 862,af1ba189-281c-48c9-a7ea-76f04d4348cb,167.00,2026-02-25 06:00:00.000 +0100,W,k,Kwartierwaarden voor belastingtransformator
3 024 862,af1ba189-281c-48c9-a7ea-76f04d4348cb,176.00,2026-02-25 06:15:00.000 +0100,W,k,Kwartierwaarden voor belastingtransformator
3 024 862,af1ba189-281c-48c9-a7ea-76f04d4348cb,183.00,2026-02-25 06:30:00.000 +0100,W,k,Kwartierwaarden voor belastingtransformator
3 024 862,af1ba189-281c-48c9-a7ea-76f04d4348cb,189.00,2026-02-25 06:45:00.000 +0100,W,k,Kwartierwaarden voor belastingtransformator
3 024 862,af1ba189-281c-48c9-a7ea-76f04d4348cb,191.00,2026-02-25 07:00:00.000 +0100,W,k,Kwartierwaarden voor belastingtransformator
3 024 862,af1ba189-281c-48c9-a7ea-76f04d4348cb,181.00,2026-02-25 07:15:00.000 +0100,W,k,Kwartierwaarden voor belastingtransformator
3 024 862,af1ba189-281c-48c9-a7ea-76f04d4348cb,172.00,2026-02-25 07:30:00.000 +0100,W,k,Kwartierwaarden voor belastingtransformator
3 024 862,af1ba189-281c-48c9-a7ea-76f04d4348cb,163.00,2026-02-25 07:45:00.000 +0100,W,k,Kwartierwaarden voor belastingtransformator
3 024 862,af1ba189-281c-48c9-a7ea-76f04d4348cb,151.00,2026-02-25 08:00:00.000 +0100,W,k,Kwartierwaarden voor belastingtransformator
3 024 862,af1ba189-281c-48c9-a7ea-76f04d4348cb,129.00,2026-02-25 08:15:00.000 +0100,W,k,Kwartierwaarden voor belastingtransformator
3 024 862,af1ba189-281c-48c9-a7ea-76f04d4348cb,105.00,2026-02-25 08:30:00.000 +0100,W,k,Kwartierwaarden voor belastingtransformator
3 024 862,af1ba189-281c-48c9-a7ea-76f04d4348cb,81.00,2026-02-25 08:45:00.000 +0100,W,k,Kwartierwaarden voor belastingtransformator
3 024 862,af1ba189-281c-48c9-a7ea-76f04d4348cb,59.00,2026-02-25 09:00:00.000 +0100,W,k,Kwartierwaarden voor belastingtransformator
3 024 862,af1ba189-281c-48c9-a7ea-76f04d4348cb,34.00,2026-02-25 09:15:00.000 +0100,W,k,Kwartierwaarden voor belastingtransformator
3 024 862,af1ba189-281c-48c9-a7ea-76f04d4348cb,8.00,2026-02-25 09:30:00.000 +0100,W,k,Kwartierwaarden voor belastingtransformator
3 024 862,af1ba189-281c-48c9-a7ea-76f04d4348cb,-17.00,2026-02-25 09:45:00.000 +0100,W,k,Kwartierwaarden voor belastingtransformator
3 024 862,af1ba189-281c-48c9-a7ea-76f04d4348cb,-40.00,2026-02-25 10:00:00.000 +0100,W,k,Kwartierwaarden voor belastingtransformator
3 024 862,af1ba189-281c-48c9-a7ea-76f04d4348cb,-55.00,2026-02-25 10:15:00.000 +0100,W,k,Kwartierwaarden voor belastingtransformator
3 024 862,af1ba189-281c-48c9-a7ea-76f04d4348cb,-71.00,2026-02-25 10:30:00.000 +0100,W,k,Kwartierwaarden voor belastingtransformator
3 024 862,af1ba189-281c-48c9-a7ea-76f04d4348cb,-82.00,2026-02-25 10:45:00.000 +0100,W,k,Kwartierwaarden voor belastingtransformator
3 024 862,af1ba189-281c-48c9-a7ea-76f04d4348cb,-94.00,2026-02-25 11:00:00.000 +0100,W,k,Kwartierwaarden voor belastingtransformator
3 024 862,af1ba189-281c-48c9-a7ea-76f04d4348cb,-100.00,2026-02-25 11:15:00.000 +0100,W,k,Kwartierwaarden voor belastingtransformator
3 024 862,af1ba189-281c-48c9-a7ea-76f04d4348cb,-108.00,2026-02-25 11:30:00.000 +0100,W,k,Kwartierwaarden voor belastingtransformator
3 024 862,af1ba189-281c-48c9-a7ea-76f04d4348cb,-115.00,2026-02-25 11:45:00.000 +0100,W,k,Kwartierwaarden voor belastingtransformator
3 024 862,af1ba189-281c-48c9-a7ea-76f04d4348cb,-124.00,2026-02-25 12:00:00.000 +0100,W,k,Kwartierwaarden voor belastingtransformator
3 024 862,af1ba189-281c-48c9-a7ea-76f04d4348cb,-125.00,2026-02-25 12:15:00.000 +0100,W,k,Kwartierwaarden voor belastingtransformator
3 024 862,af1ba189-281c-48c9-a7ea-76f04d4348cb,-127.00,2026-02-25 12:30:00.000 +0100,W,k,Kwartierwaarden voor belastingtransformator
3 024 862,af1ba189-281c-48c9-a7ea-76f04d4348cb,-128.00,2026-02-25 12:45:00.000 +0100,W,k,Kwartierwaarden voor belastingtransformator
3 024 862,af1ba189-281c-48c9-a7ea-76f04d4348cb,-129.00,2026-02-25 13:00:00.000 +0100,W,k,Kwartierwaarden voor belastingtransformator
3 024 862,af1ba189-281c-48c9-a7ea-76f04d4348cb,-122.00,2026-02-25 13:15:00.000 +0100,W,k,Kwartierwaarden voor belastingtransformator
3 024 862,af1ba189-281c-48c9-a7ea-76f04d4348cb,-114.00,2026-02-25 13:30:00.000 +0100,W,k,Kwartierwaarden voor belastingtransformator
3 024 862,af1ba189-281c-48c9-a7ea-76f04d4348cb,-106.00,2026-02-25 13:45:00.000 +0100,W,k,Kwartierwaarden voor belastingtransformator
3 024 862,af1ba189-281c-48c9-a7ea-76f04d4348cb,-99.00,2026-02-25 14:00:00.000 +0100,W,k,Kwartierwaarden voor belastingtransformator
3 024 862,af1ba189-281c-48c9-a7ea-76f04d4348cb,-86.00,2026-02-25 14:15:00.000 +0100,W,k,Kwartierwaarden voor belastingtransformator
3 024 862,af1ba189-281c-48c9-a7ea-76f04d4348cb,-68.00,2026-02-25 14:30:00.000 +0100,W,k,Kwartierwaarden voor belastingtransformator
3 024 862,af1ba189-281c-48c9-a7ea-76f04d4348cb,-51.00,2026-02-25 14:45:00.000 +0100,W,k,Kwartierwaarden voor belastingtransformator
3 024 862,af1ba189-281c-48c9-a7ea-76f04d4348cb,-32.00,2026-02-25 15:00:00.000 +0100,W,k,Kwartierwaarden voor belastingtransformator
3 024 862,af1ba189-281c-48c9-a7ea-76f04d4348cb,-8.00,2026-02-25 15:15:00.000 +0100,W,k,Kwartierwaarden voor belastingtransformator
3 024 862,af1ba189-281c-48c9-a7ea-76f04d4348cb,22.00,2026-02-25 15:30:00.000 +0100,W,k,Kwartierwaarden voor belastingtransformator
3 024 862,af1ba189-281c-48c9-a7ea-76f04d4348cb,53.00,2026-02-25 15:45:00.000 +0100,W,k,Kwartierwaarden voor belastingtransformator
3 024 862,af1ba189-281c-48c9-a7ea-76f04d4348cb,92.00,2026-02-25 16:00:00.000 +0100,W,k,Kwartierwaarden voor belastingtransformator
3 024 862,af1ba189-281c-48c9-a7ea-76f04d4348cb,145.00,2026-02-25 16:15:00.000 +0100,W,k,Kwartierwaarden voor belastingtransformator
3 024 862,af1ba189-281c-48c9-a7ea-76f04d4348cb,192.00,2026-02-25 16:30:00.000 +0100,W,k,Kwartierwaarden voor belastingtransformator
3 024 862,af1ba189-281c-48c9-a7ea-76f04d4348cb,235.00,2026-02-25 16:45:00.000 +0100,W,k,Kwartierwaarden voor belastingtransformator
3 024 862,af1ba189-281c-48c9-a7ea-76f04d4348cb,270.00,2026-02-25 17:00:00.000 +0100,W,k,Kwartierwaarden voor belastingtransformator
3 024 862,af1ba189-281c-48c9-a7ea-76f04d4348cb,275.00,2026-02-25 17:15:00.000 +0100,W,k,Kwartierwaarden voor belastingtransformator
3 024 862,af1ba189-281c-48c9-a7ea-76f04d4348cb,278.00,2026-02-25 17:30:00.000 +0100,W,k,Kwartierwaarden voor belastingtransformator
3 024 862,af1ba189-281c-48c9-a7ea-76f04d4348cb,280.00,2026-02-25 17:45:00.000 +0100,W,k,Kwartierwaarden voor belastingtransformator
3 024 862,af1ba189-281c-48c9-a7ea-76f04d4348cb,278.00,2026-02-25 18:00:00.000 +0100,W,k,Kwartierwaarden voor belastingtransformator
3 024 862,af1ba189-281c-48c9-a7ea-76f04d4348cb,273.00,2026-02-25 18:15:00.000 +0100,W,k,Kwartierwaarden voor belastingtransformator
3 024 862,af1ba189-281c-48c9-a7ea-76f04d4348cb,267.00,2026-02-25 18:30:00.000 +0100,W,k,Kwartierwaarden voor belastingtransformator
3 024 862,af1ba189-281c-48c9-a7ea-76f04d4348cb,264.00,2026-02-25 18:45:00.000 +0100,W,k,Kwartierwaarden voor belastingtransformator
3 024 862,af1ba189-281c-48c9-a7ea-76f04d4348cb,257.00,2026-02-25 19:00:00.000 +0100,W,k,Kwartierwaarden voor belastingtransformator
3 024 862,af1ba189-281c-48c9-a7ea-76f04d4348cb,252.00,2026-02-25 19:15:00.000 +0100,W,k,Kwartierwaarden voor belastingtransformator
3 024 862,af1ba189-281c-48c9-a7ea-76f04d4348cb,246.00,2026-02-25 19:30:00.000 +0100,W,k,Kwartierwaarden voor belastingtransformator
3 024 862,af1ba189-281c-48c9-a7ea-76f04d4348cb,240.00,2026-02-25 19:45:00.000 +0100,W,k,Kwartierwaarden voor belastingtransformator
3 024 862,af1ba189-281c-48c9-a7ea-76f04d4348cb,234.00,2026-02-25 20:00:00.000 +0100,W,k,Kwartierwaarden voor belastingtransformator
3 024 862,af1ba189-281c-48c9-a7ea-76f04d4348cb,228.00,2026-02-25 20:15:00.000 +0100,W,k,Kwartierwaarden voor belastingtransformator
3 024 862,af1ba189-281c-48c9-a7ea-76f04d4348cb,223.00,2026-02-25 20:30:00.000 +0100,W,k,Kwartierwaarden voor belastingtransformator
3 024 862,af1ba189-281c-48c9-a7ea-76f04d4348cb,218.00,2026-02-25 20:45:00.000 +0100,W,k,Kwartierwaarden voor belastingtransformator
3 024 862,af1ba189-281c-48c9-a7ea-76f04d4348cb,211.00,2026-02-25 21:00:00.000 +0100,W,k,Kwartierwaarden voor belastingtransformator
3 024 862,af1ba189-281c-48c9-a7ea-76f04d4348cb,205.00,2026-02-25 21:15:00.000 +0100,W,k,Kwartierwaarden voor belastingtransformator
3 024 862,af1ba189-281c-48c9-a7ea-76f04d4348cb,198.00,2026-02-25 21:30:00.000 +0100,W,k,Kwartierwaarden voor belastingtransformator
3 024 862,af1ba189-281c-48c9-a7ea-76f04d4348cb,191.00,2026-02-25 21:45:00.000 +0100,W,k,Kwartierwaarden voor belastingtransformator
3 024 862,af1ba189-281c-48c9-a7ea-76f04d4348cb,186.00,2026-02-25 22:00:00.000 +0100,W,k,Kwartierwaarden voor belastingtransformator
3 024 862,af1ba189-281c-48c9-a7ea-76f04d4348cb,179.00,2026-02-25 22:15:00.000 +0100,W,k,Kwartierwaarden voor belastingtransformator
3 024 862,af1ba189-281c-48c9-a7ea-76f04d4348cb,172.00,2026-02-25 22:30:00.000 +0100,W,k,Kwartierwaarden voor belastingtransformator
3 024 862,af1ba189-281c-48c9-a7ea-76f04d4348cb,165.00,2026-02-25 22:45:00.000 +0100,W,k,Kwartierwaarden voor belastingtransformator
3 024 862,af1ba189-281c-48c9-a7ea-76f04d4348cb,160.00,2026-02-25 23:00:00.000 +0100,W,k,Kwartierwaarden voor belastingtransformator
3 024 862,af1ba189-281c-48c9-a7ea-76f04d4348cb,155.00,2026-02-25 23:15:00.000 +0100,W,k,Kwartierwaarden voor belastingtransformator
3 024 862,af1ba189-281c-48c9-a7ea-76f04d4348cb,149.00,2026-02-25 23:30:00.000 +0100,W,k,Kwartierwaarden voor belastingtransformator
3 024 862,af1ba189-281c-48c9-a7ea-76f04d4348cb,145.00,2026-02-25 23:45:00.000 +0100,W,k,Kwartierwaarden voor belastingtransformator
3 026 792,c85622d0-243f-4ada-a8a4-529da1860cd9,71.00,2026-02-23 00:00:00.000 +0100,W,k,Kwartierwaarden voor belastingtransformator
3 026 792,c85622d0-243f-4ada-a8a4-529da1860cd9,69.00,2026-02-23 00:15:00.000 +0100,W,k,Kwartierwaarden voor belastingtransformator
3 026 792,c85622d0-243f-4ada-a8a4-529da1860cd9,68.00,2026-02-23 00:30:00.000 +0100,W,k,Kwartierwaarden voor belastingtransformator
3 026 792,c85622d0-243f-4ada-a8a4-529da1860cd9,66.00,2026-02-23 00:45:00.000 +0100,W,k,Kwartierwaarden voor belastingtransformator
3 026 792,c85622d0-243f-4ada-a8a4-529da1860cd9,66.00,2026-02-23 01:00:00.000 +0100,W,k,Kwartierwaarden voor belastingtransformator
3 026 792,c85622d0-243f-4ada-a8a4-529da1860cd9,65.00,2026-02-23 01:15:00.000 +0100,W,k,Kwartierwaarden voor belastingtransformator
3 026 792,c85622d0-243f-4ada-a8a4-529da1860cd9,64.00,2026-02-23 01:30:00.000 +0100,W,k,Kwartierwaarden voor belastingtransformator
3 026 792,c85622d0-243f-4ada-a8a4-529da1860cd9,63.00,2026-02-23 01:45:00.000 +0100,W,k,Kwartierwaarden voor belastingtransformator
3 026 792,c85622d0-243f-4ada-a8a4-529da1860cd9,63.00,2026-02-23 02:00:00.000 +0100,W,k,Kwartierwaarden voor belastingtransformator
3 026 792,c85622d0-243f-4ada-a8a4-529da1860cd9,62.00,2026-02-23 02:15:00.000 +0100,W,k,Kwartierwaarden voor belastingtransformator
3 026 792,c85622d0-243f-4ada-a8a4-529da1860cd9,62.00,2026-02-23 02:30:00.000 +0100,W,k,Kwartierwaarden voor belastingtransformator
3 026 792,c85622d0-243f-4ada-a8a4-529da1860cd9,62.00,2026-02-23 02:45:00.000 +0100,W,k,Kwartierwaarden voor belastingtransformator
3 026 792,c85622d0-243f-4ada-a8a4-529da1860cd9,61.00,2026-02-23 03:00:00.000 +0100,W,k,Kwartierwaarden voor belastingtransformator
3 026 792,c85622d0-243f-4ada-a8a4-529da1860cd9,61.00,2026-02-23 03:15:00.000 +0100,W,k,Kwartierwaarden voor belastingtransformator
3 026 792,c85622d0-243f-4ada-a8a4-529da1860cd9,61.00,2026-02-23 03:30:00.000 +0100,W,k,Kwartierwaarden voor belastingtransformator
3 026 792,c85622d0-243f-4ada-a8a4-529da1860cd9,61.00,2026-02-23 03:45:00.000 +0100,W,k,Kwartierwaarden voor belastingtransformator
3 026 792,c85622d0-243f-4ada-a8a4-529da1860cd9,62.00,2026-02-23 04:00:00.000 +0100,W,k,Kwartierwaarden voor belastingtransformator
3 026 792,c85622d0-243f-4ada-a8a4-529da1860cd9,63.00,2026-02-23 04:15:00.000 +0100,W,k,Kwartierwaarden voor belastingtransformator
3 026 792,c85622d0-243f-4ada-a8a4-529da1860cd9,65.00,2026-02-23 04:30:00.000 +0100,W,k,Kwartierwaarden voor belastingtransformator
3 026 792,c85622d0-243f-4ada-a8a4-529da1860cd9,66.00,2026-02-23 04:45:00.000 +0100,W,k,Kwartierwaarden voor belastingtransformator
3 026 792,c85622d0-243f-4ada-a8a4-529da1860cd9,70.00,2026-02-23 05:00:00.000 +0100,W,k,Kwartierwaarden voor belastingtransformator
3 026 792,c85622d0-243f-4ada-a8a4-529da1860cd9,73.00,2026-02-23 05:15:00.000 +0100,W,k,Kwartierwaarden voor belastingtransformator
3 026 792,c85622d0-243f-4ada-a8a4-529da1860cd9,78.00,2026-02-23 05:30:00.000 +0100,W,k,Kwartierwaarden voor belastingtransformator
3 026 792,c85622d0-243f-4ada-a8a4-529da1860cd9,83.00,2026-02-23 05:45:00.000 +0100,W,k,Kwartierwaarden voor belastingtransformator
3 026 792,c85622d0-243f-4ada-a8a4-529da1860cd9,90.00,2026-02-23 06:00:00.000 +0100,W,k,Kwartierwaarden voor belastingtransformator
3 026 792,c85622d0-243f-4ada-a8a4-529da1860cd9,95.00,2026-02-23 06:15:00.000 +0100,W,k,Kwartierwaarden voor belastingtransformator
3 026 792,c85622d0-243f-4ada-a8a4-529da1860cd9,98.00,2026-02-23 06:30:00.000 +0100,W,k,Kwartierwaarden voor belastingtransformator
3 026 792,c85622d0-243f-4ada-a8a4-529da1860cd9,101.00,2026-02-23 06:45:00.000 +0100,W,k,Kwartierwaarden voor belastingtransformator
3 026 792,c85622d0-243f-4ada-a8a4-529da1860cd9,104.00,2026-02-23 07:00:00.000 +0100,W,k,Kwartierwaarden voor belastingtransformator
3 026 792,c85622d0-243f-4ada-a8a4-529da1860cd9,97.00,2026-02-23 07:15:00.000 +0100,W,k,Kwartierwaarden voor belastingtransformator
3 026 792,c85622d0-243f-4ada-a8a4-529da1860cd9,90.00,2026-02-23 07:30:00.000 +0100,W,k,Kwartierwaarden voor belastingtransformator
3 026 792,c85622d0-243f-4ada-a8a4-529da1860cd9,82.00,2026-02-23 07:45:00.000 +0100,W,k,Kwartierwaarden voor belastingtransformator
3 026 792,c85622d0-243f-4ada-a8a4-529da1860cd9,74.00,2026-02-23 08:00:00.000 +0100,W,k,Kwartierwaarden voor belastingtransformator
3 026 792,c85622d0-243f-4ada-a8a4-529da1860cd9,66.00,2026-02-23 08:15:00.000 +0100,W,k,Kwartierwaarden voor belastingtransformator
3 026 792,c85622d0-243f-4ada-a8a4-529da1860cd9,59.00,2026-02-23 08:30:00.000 +0100,W,k,Kwartierwaarden voor belastingtransformator
3 026 792,c85622d0-243f-4ada-a8a4-529da1860cd9,50.00,2026-02-23 08:45:00.000 +0100,W,k,Kwartierwaarden voor belastingtransformator
3 026 792,c85622d0-243f-4ada-a8a4-529da1860cd9,40.00,2026-02-23 09:00:00.000 +0100,W,k,Kwartierwaarden voor belastingtransformator
3 026 792,c85622d0-243f-4ada-a8a4-529da1860cd9,36.00,2026-02-23 09:15:00.000 +0100,W,k,Kwartierwaarden voor belastingtransformator
3 026 792,c85622d0-243f-4ada-a8a4-529da1860cd9,32.00,2026-02-23 09:30:00.000 +0100,W,k,Kwartierwaarden voor belastingtransformator
3 026 792,c85622d0-243f-4ada-a8a4-529da1860cd9,29.00,2026-02-23 09:45:00.000 +0100,W,k,Kwartierwaarden voor belastingtransformator
3 026 792,c85622d0-243f-4ada-a8a4-529da1860cd9,27.00,2026-02-23 10:00:00.000 +0100,W,k,Kwartierwaarden voor belastingtransformator
3 026 792,c85622d0-243f-4ada-a8a4-529da1860cd9,17.00,2026-02-23 10:15:00.000 +0100,W,k,Kwartierwaarden voor belastingtransformator
3 026 792,c85622d0-243f-4ada-a8a4-529da1860cd9,7.00,2026-02-23 10:30:00.000 +0100,W,k,Kwartierwaarden voor belastingtransformator
3 026 792,c85622d0-243f-4ada-a8a4-529da1860cd9,-2.00,2026-02-23 10:45:00.000 +0100,W,k,Kwartierwaarden voor belastingtransformator
3 026 792,c85622d0-243f-4ada-a8a4-529da1860cd9,-10.00,2026-02-23 11:00:00.000 +0100,W,k,Kwartierwaarden voor belastingtransformator
3 026 792,c85622d0-243f-4ada-a8a4-529da1860cd9,-18.00,2026-02-23 11:15:00.000 +0100,W,k,Kwartierwaarden voor belastingtransformator
3 026 792,c85622d0-243f-4ada-a8a4-529da1860cd9,-27.00,2026-02-23 11:30:00.000 +0100,W,k,Kwartierwaarden voor belastingtransformator
3 026 792,c85622d0-243f-4ada-a8a4-529da1860cd9,-35.00,2026-02-23 11:45:00.000 +0100,W,k,Kwartierwaarden voor belastingtransformator
3 026 792,c85622d0-243f-4ada-a8a4-529da1860cd9,-43.00,2026-02-23 12:00:00.000 +0100,W,k,Kwartierwaarden voor belastingtransformator
3 026 792,c85622d0-243f-4ada-a8a4-529da1860cd9,-31.00,2026-02-23 12:15:00.000 +0100,W,k,Kwartierwaarden voor belastingtransformator
3 026 792,c85622d0-243f-4ada-a8a4-529da1860cd9,-19.00,2026-02-23 12:30:00.000 +0100,W,k,Kwartierwaarden voor belastingtransformator
3 026 792,c85622d0-243f-4ada-a8a4-529da1860cd9,-6.00,2026-02-23 12:45:00.000 +0100,W,k,Kwartierwaarden voor belastingtransformator
3 026 792,c85622d0-243f-4ada-a8a4-529da1860cd9,6.00,2026-02-23 13:00:00.000 +0100,W,k,Kwartierwaarden voor belastingtransformator
3 026 792,c85622d0-243f-4ada-a8a4-529da1860cd9,17.00,2026-02-23 13:15:00.000 +0100,W,k,Kwartierwaarden voor belastingtransformator
3 026 792,c85622d0-243f-4ada-a8a4-529da1860cd9,29.00,2026-02-23 13:30:00.000 +0100,W,k,Kwartierwaarden voor belastingtransformator
3 026 792,c85622d0-243f-4ada-a8a4-529da1860cd9,42.00,2026-02-23 13:45:00.000 +0100,W,k,Kwartierwaarden voor belastingtransformator
3 026 792,c85622d0-243f-4ada-a8a4-529da1860cd9,53.00,2026-02-23 14:00:00.000 +0100,W,k,Kwartierwaarden voor belastingtransformator
3 026 792,c85622d0-243f-4ada-a8a4-529da1860cd9,54.00,2026-02-23 14:15:00.000 +0100,W,k,Kwartierwaarden voor belastingtransformator
3 026 792,c85622d0-243f-4ada-a8a4-529da1860cd9,55.00,2026-02-23 14:30:00.000 +0100,W,k,Kwartierwaarden voor belastingtransformator
3 026 792,c85622d0-243f-4ada-a8a4-529da1860cd9,57.00,2026-02-23 14:45:00.000 +0100,W,k,Kwartierwaarden voor belastingtransformator
3 026 792,c85622d0-243f-4ada-a8a4-529da1860cd9,60.00,2026-02-23 15:00:00.000 +0100,W,k,Kwartierwaarden voor belastingtransformator
3 026 792,c85622d0-243f-4ada-a8a4-529da1860cd9,65.00,2026-02-23 15:15:00.000 +0100,W,k,Kwartierwaarden voor belastingtransformator
3 026 792,c85622d0-243f-4ada-a8a4-529da1860cd9,73.00,2026-02-23 15:30:00.000 +0100,W,k,Kwartierwaarden voor belastingtransformator
3 026 792,c85622d0-243f-4ada-a8a4-529da1860cd9,83.00,2026-02-23 15:45:00.000 +0100,W,k,Kwartierwaarden voor belastingtransformator
3 026 792,c85622d0-243f-4ada-a8a4-529da1860cd9,95.00,2026-02-23 16:00:00.000 +0100,W,k,Kwartierwaarden voor belastingtransformator
3 026 792,c85622d0-243f-4ada-a8a4-529da1860cd9,115.00,2026-02-23 16:15:00.000 +0100,W,k,Kwartierwaarden voor belastingtransformator
3 026 792,c85622d0-243f-4ada-a8a4-529da1860cd9,133.00,2026-02-23 16:30:00.000 +0100,W,k,Kwartierwaarden voor belastingtransformator
3 026 792,c85622d0-243f-4ada-a8a4-529da1860cd9,148.00,2026-02-23 16:45:00.000 +0100,W,k,Kwartierwaarden voor belastingtransformator
3 026 792,c85622d0-243f-4ada-a8a4-529da1860cd9,159.00,2026-02-23 17:00:00.000 +0100,W,k,Kwartierwaarden voor belastingtransformator
3 026 792,c85622d0-243f-4ada-a8a4-529da1860cd9,162.00,2026-02-23 17:15:00.000 +0100,W,k,Kwartierwaarden voor belastingtransformator
3 026 792,c85622d0-243f-4ada-a8a4-529da1860cd9,166.00,2026-02-23 17:30:00.000 +0100,W,k,Kwartierwaarden voor belastingtransformator
3 026 792,c85622d0-243f-4ada-a8a4-529da1860cd9,165.00,2026-02-23 17:45:00.000 +0100,W,k,Kwartierwaarden voor belastingtransformator
3 026 792,c85622d0-243f-4ada-a8a4-529da1860cd9,163.00,2026-02-23 18:00:00.000 +0100,W,k,Kwartierwaarden voor belastingtransformator
3 026 792,c85622d0-243f-4ada-a8a4-529da1860cd9,159.00,2026-02-23 18:15:00.000 +0100,W,k,Kwartierwaarden voor belastingtransformator
3 026 792,c85622d0-243f-4ada-a8a4-529da1860cd9,156.00,2026-02-23 18:30:00.000 +0100,W,k,Kwartierwaarden voor belastingtransformator
3 026 792,c85622d0-243f-4ada-a8a4-529da1860cd9,154.00,2026-02-23 18:45:00.000 +0100,W,k,Kwartierwaarden voor belastingtransformator
3 026 792,c85622d0-243f-4ada-a8a4-529da1860cd9,149.00,2026-02-23 19:00:00.000 +0100,W,k,Kwartierwaarden voor belastingtransformator
3 026 792,c85622d0-243f-4ada-a8a4-529da1860cd9,146.00,2026-02-23 19:15:00.000 +0100,W,k,Kwartierwaarden voor belastingtransformator
3 026 792,c85622d0-243f-4ada-a8a4-529da1860cd9,141.00,2026-02-23 19:30:00.000 +0100,W,k,Kwartierwaarden voor belastingtransformator
3 026 792,c85622d0-243f-4ada-a8a4-529da1860cd9,137.00,2026-02-23 19:45:00.000 +0100,W,k,Kwartierwaarden voor belastingtransformator
3 026 792,c85622d0-243f-4ada-a8a4-529da1860cd9,133.00,2026-02-23 20:00:00.000 +0100,W,k,Kwartierwaarden voor belastingtransformator
3 026 792,c85622d0-243f-4ada-a8a4-529da1860cd9,130.00,2026-02-23 20:15:00.000 +0100,W,k,Kwartierwaarden voor belastingtransformator
3 026 792,c85622d0-243f-4ada-a8a4-529da1860cd9,126.00,2026-02-23 20:30:00.000 +0100,W,k,Kwartierwaarden voor belastingtransformator
3 026 792,c85622d0-243f-4ada-a8a4-529da1860cd9,123.00,2026-02-23 20:45:00.000 +0100,W,k,Kwartierwaarden voor belastingtransformator
3 026 792,c85622d0-243f-4ada-a8a4-529da1860cd9,119.00,2026-02-23 21:00:00.000 +0100,W,k,Kwartierwaarden voor belastingtransformator
3 026 792,c85622d0-243f-4ada-a8a4-529da1860cd9,114.00,2026-02-23 21:15:00.000 +0100,W,k,Kwartierwaarden voor belastingtransformator
3 026 792,c85622d0-243f-4ada-a8a4-529da1860cd9,110.00,2026-02-23 21:30:00.000 +0100,W,k,Kwartierwaarden voor belastingtransformator
3 026 792,c85622d0-243f-4ada-a8a4-529da1860cd9,105.00,2026-02-23 21:45:00.000 +0100,W,k,Kwartierwaarden voor belastingtransformator
3 026 792,c85622d0-243f-4ada-a8a4-529da1860cd9,103.00,2026-02-23 22:00:00.000 +0100,W,k,Kwartierwaarden voor belastingtransformator
3 026 792,c85622d0-243f-4ada-a8a4-529da1860cd9,98.00,2026-02-23 22:15:00.000 +0100,W,k,Kwartierwaarden voor belastingtransformator
3 026 792,c85622d0-243f-4ada-a8a4-529da1860cd9,94.00,2026-02-23 22:30:00.000 +0100,W,k,Kwartierwaarden voor belastingtransformator
3 026 792,c85622d0-243f-4ada-a8a4-529da1860cd9,90.00,2026-02-23 22:45:00.000 +0100,W,k,Kwartierwaarden voor belastingtransformator
3 026 792,c85622d0-243f-4ada-a8a4-529da1860cd9,87.00,2026-02-23 23:00:00.000 +0100,W,k,Kwartierwaarden voor belastingtransformator
3 026 792,c85622d0-243f-4ada-a8a4-529da1860cd9,84.00,2026-02-23 23:15:00.000 +0100,W,k,Kwartierwaarden voor belastingtransformator
3 026 792,c85622d0-243f-4ada-a8a4-529da1860cd9,81.00,2026-02-23 23:30:00.000 +0100,W,k,Kwartierwaarden voor belastingtransformator
3 026 792,c85622d0-243f-4ada-a8a4-529da1860cd9,78.00,2026-02-23 23:45:00.000 +0100,W,k,Kwartierwaarden voor belastingtransformator
3 026 792,c85622d0-243f-4ada-a8a4-529da1860cd9,76.00,2026-02-24 00:00:00.000 +0100,W,k,Kwartierwaarden voor belastingtransformator
3 026 792,c85622d0-243f-4ada-a8a4-529da1860cd9,75.00,2026-02-24 00:15:00.000 +0100,W,k,Kwartierwaarden voor belastingtransformator
3 026 792,c85622d0-243f-4ada-a8a4-529da1860cd9,73.00,2026-02-24 00:30:00.000 +0100,W,k,Kwartierwaarden voor belastingtransformator
3 026 792,c85622d0-243f-4ada-a8a4-529da1860cd9,71.00,2026-02-24 00:45:00.000 +0100,W,k,Kwartierwaarden voor belastingtransformator
3 026 792,c85622d0-243f-4ada-a8a4-529da1860cd9,70.00,2026-02-24 01:00:00.000 +0100,W,k,Kwartierwaarden voor belastingtransformator
3 026 792,c85622d0-243f-4ada-a8a4-529da1860cd9,69.00,2026-02-24 01:15:00.000 +0100,W,k,Kwartierwaarden voor belastingtransformator
3 026 792,c85622d0-243f-4ada-a8a4-529da1860cd9,68.00,2026-02-24 01:30:00.000 +0100,W,k,Kwartierwaarden voor belastingtransformator
3 026 792,c85622d0-243f-4ada-a8a4-529da1860cd9,67.00,2026-02-24 01:45:00.000 +0100,W,k,Kwartierwaarden voor belastingtransformator
3 026 792,c85622d0-243f-4ada-a8a4-529da1860cd9,66.00,2026-02-24 02:00:00.000 +0100,W,k,Kwartierwaarden voor belastingtransformator
3 026 792,c85622d0-243f-4ada-a8a4-529da1860cd9,65.00,2026-02-24 02:15:00.000 +0100,W,k,Kwartierwaarden voor belastingtransformator
3 026 792,c85622d0-243f-4ada-a8a4-529da1860cd9,65.00,2026-02-24 02:30:00.000 +0100,W,k,Kwartierwaarden voor belastingtransformator
3 026 792,c85622d0-243f-4ada-a8a4-529da1860cd9,64.00,2026-02-24 02:45:00.000 +0100,W,k,Kwartierwaarden voor belastingtransformator
3 026 792,c85622d0-243f-4ada-a8a4-529da1860cd9,64.00,2026-02-24 03:00:00.000 +0100,W,k,Kwartierwaarden voor belastingtransformator
3 026 792,c85622d0-243f-4ada-a8a4-529da1860cd9,64.00,2026-02-24 03:15:00.000 +0100,W,k,Kwartierwaarden voor belastingtransformator
3 026 792,c85622d0-243f-4ada-a8a4-529da1860cd9,64.00,2026-02-24 03:30:00.000 +0100,W,k,Kwartierwaarden voor belastingtransformator
3 026 792,c85622d0-243f-4ada-a8a4-529da1860cd9,64.00,2026-02-24 03:45:00.000 +0100,W,k,Kwartierwaarden voor belastingtransformator
3 026 792,c85622d0-243f-4ada-a8a4-529da1860cd9,65.00,2026-02-24 04:00:00.000 +0100,W,k,Kwartierwaarden voor belastingtransformator
3 026 792,c85622d0-243f-4ada-a8a4-529da1860cd9,65.00,2026-02-24 04:15:00.000 +0100,W,k,Kwartierwaarden voor belastingtransformator
3 026 792,c85622d0-243f-4ada-a8a4-529da1860cd9,67.00,2026-02-24 04:30:00.000 +0100,W,k,Kwartierwaarden voor belastingtransformator
3 026 792,c85622d0-243f-4ada-a8a4-529da1860cd9,69.00,2026-02-24 04:45:00.000 +0100,W,k,Kwartierwaarden voor belastingtransformator
3 026 792,c85622d0-243f-4ada-a8a4-529da1860cd9,72.00,2026-02-24 05:00:00.000 +0100,W,k,Kwartierwaarden voor belastingtransformator
3 026 792,c85622d0-243f-4ada-a8a4-529da1860cd9,76.00,2026-02-24 05:15:00.000 +0100,W,k,Kwartierwaarden voor belastingtransformator
3 026 792,c85622d0-243f-4ada-a8a4-529da1860cd9,81.00,2026-02-24 05:30:00.000 +0100,W,k,Kwartierwaarden voor belastingtransformator
3 026 792,c85622d0-243f-4ada-a8a4-529da1860cd9,86.00,2026-02-24 05:45:00.000 +0100,W,k,Kwartierwaarden voor belastingtransformator
3 026 792,c85622d0-243f-4ada-a8a4-529da1860cd9,93.00,2026-02-24 06:00:00.000 +0100,W,k,Kwartierwaarden voor belastingtransformator
3 026 792,c85622d0-243f-4ada-a8a4-529da1860cd9,97.00,2026-02-24 06:15:00.000 +0100,W,k,Kwartierwaarden voor belastingtransformator
3 026 792,c85622d0-243f-4ada-a8a4-529da1860cd9,99.00,2026-02-24 06:30:00.000 +0100,W,k,Kwartierwaarden voor belastingtransformator
3 026 792,c85622d0-243f-4ada-a8a4-529da1860cd9,101.00,2026-02-24 06:45:00.000 +0100,W,k,Kwartierwaarden voor belastingtransformator
3 026 792,c85622d0-243f-4ada-a8a4-529da1860cd9,100.00,2026-02-24 07:00:00.000 +0100,W,k,Kwartierwaarden voor belastingtransformator
3 026 792,c85622d0-243f-4ada-a8a4-529da1860cd9,97.00,2026-02-24 07:15:00.000 +0100,W,k,Kwartierwaarden voor belastingtransformator
3 026 792,c85622d0-243f-4ada-a8a4-529da1860cd9,96.00,2026-02-24 07:30:00.000 +0100,W,k,Kwartierwaarden voor belastingtransformator
3 026 792,c85622d0-243f-4ada-a8a4-529da1860cd9,95.00,2026-02-24 07:45:00.000 +0100,W,k,Kwartierwaarden voor belastingtransformator
3 026 792,c85622d0-243f-4ada-a8a4-529da1860cd9,93.00,2026-02-24 08:00:00.000 +0100,W,k,Kwartierwaarden voor belastingtransformator
3 026 792,c85622d0-243f-4ada-a8a4-529da1860cd9,91.00,2026-02-24 08:15:00.000 +0100,W,k,Kwartierwaarden voor belastingtransformator
3 026 792,c85622d0-243f-4ada-a8a4-529da1860cd9,89.00,2026-02-24 08:30:00.000 +0100,W,k,Kwartierwaarden voor belastingtransformator
3 026 792,c85622d0-243f-4ada-a8a4-529da1860cd9,87.00,2026-02-24 08:45:00.000 +0100,W,k,Kwartierwaarden voor belastingtransformator
3 026 792,c85622d0-243f-4ada-a8a4-529da1860cd9,84.00,2026-02-24 09:00:00.000 +0100,W,k,Kwartierwaarden voor belastingtransformator
3 026 792,c85622d0-243f-4ada-a8a4-529da1860cd9,84.00,2026-02-24 09:15:00.000 +0100,W,k,Kwartierwaarden voor belastingtransformator
3 026 792,c85622d0-243f-4ada-a8a4-529da1860cd9,82.00,2026-02-24 09:30:00.000 +0100,W,k,Kwartierwaarden voor belastingtransformator
3 026 792,c85622d0-243f-4ada-a8a4-529da1860cd9,82.00,2026-02-24 09:45:00.000 +0100,W,k,Kwartierwaarden voor belastingtransformator
3 026 792,c85622d0-243f-4ada-a8a4-529da1860cd9,83.00,2026-02-24 10:00:00.000 +0100,W,k,Kwartierwaarden voor belastingtransformator
3 026 792,c85622d0-243f-4ada-a8a4-529da1860cd9,83.00,2026-02-24 10:15:00.000 +0100,W,k,Kwartierwaarden voor belastingtransformator
3 026 792,c85622d0-243f-4ada-a8a4-529da1860cd9,84.00,2026-02-24 10:30:00.000 +0100,W,k,Kwartierwaarden voor belastingtransformator
3 026 792,c85622d0-243f-4ada-a8a4-529da1860cd9,85.00,2026-02-24 10:45:00.000 +0100,W,k,Kwartierwaarden voor belastingtransformator
3 026 792,c85622d0-243f-4ada-a8a4-529da1860cd9,85.00,2026-02-24 11:00:00.000 +0100,W,k,Kwartierwaarden voor belastingtransformator
3 026 792,c85622d0-243f-4ada-a8a4-529da1860cd9,84.00,2026-02-24 11:15:00.000 +0100,W,k,Kwartierwaarden voor belastingtransformator
3 026 792,c85622d0-243f-4ada-a8a4-529da1860cd9,83.00,2026-02-24 11:30:00.000 +0100,W,k,Kwartierwaarden voor belastingtransformator
3 026 792,c85622d0-243f-4ada-a8a4-529da1860cd9,82.00,2026-02-24 11:45:00.000 +0100,W,k,Kwartierwaarden voor belastingtransformator
3 026 792,c85622d0-243f-4ada-a8a4-529da1860cd9,81.00,2026-02-24 12:00:00.000 +0100,W,k,Kwartierwaarden voor belastingtransformator
3 026 792,c85622d0-243f-4ada-a8a4-529da1860cd9,79.00,2026-02-24 12:15:00.000 +0100,W,k,Kwartierwaarden voor belastingtransformator
3 026 792,c85622d0-243f-4ada-a8a4-529da1860cd9,77.00,2026-02-24 12:30:00.000 +0100,W,k,Kwartierwaarden voor belastingtransformator
3 026 792,c85622d0-243f-4ada-a8a4-529da1860cd9,75.00,2026-02-24 12:45:00.000 +0100,W,k,Kwartierwaarden voor belastingtransformator
3 026 792,c85622d0-243f-4ada-a8a4-529da1860cd9,74.00,2026-02-24 13:00:00.000 +0100,W,k,Kwartierwaarden voor belastingtransformator
3 026 792,c85622d0-243f-4ada-a8a4-529da1860cd9,74.00,2026-02-24 13:15:00.000 +0100,W,k,Kwartierwaarden voor belastingtransformator
3 026 792,c85622d0-243f-4ada-a8a4-529da1860cd9,74.00,2026-02-24 13:30:00.000 +0100,W,k,Kwartierwaarden voor belastingtransformator
3 026 792,c85622d0-243f-4ada-a8a4-529da1860cd9,74.00,2026-02-24 13:45:00.000 +0100,W,k,Kwartierwaarden voor belastingtransformator
3 026 792,c85622d0-243f-4ada-a8a4-529da1860cd9,73.00,2026-02-24 14:00:00.000 +0100,W,k,Kwartierwaarden voor belastingtransformator
3 026 792,c85622d0-243f-4ada-a8a4-529da1860cd9,72.00,2026-02-24 14:15:00.000 +0100,W,k,Kwartierwaarden voor belastingtransformator
3 026 792,c85622d0-243f-4ada-a8a4-529da1860cd9,72.00,2026-02-24 14:30:00.000 +0100,W,k,Kwartierwaarden voor belastingtransformator
3 026 792,c85622d0-243f-4ada-a8a4-529da1860cd9,73.00,2026-02-24 14:45:00.000 +0100,W,k,Kwartierwaarden voor belastingtransformator
3 026 792,c85622d0-243f-4ada-a8a4-529da1860cd9,76.00,2026-02-24 15:00:00.000 +0100,W,k,Kwartierwaarden voor belastingtransformator
3 026 792,c85622d0-243f-4ada-a8a4-529da1860cd9,81.00,2026-02-24 15:15:00.000 +0100,W,k,Kwartierwaarden voor belastingtransformator
3 026 792,c85622d0-243f-4ada-a8a4-529da1860cd9,87.00,2026-02-24 15:30:00.000 +0100,W,k,Kwartierwaarden voor belastingtransformator
3 026 792,c85622d0-243f-4ada-a8a4-529da1860cd9,97.00,2026-02-24 15:45:00.000 +0100,W,k,Kwartierwaarden voor belastingtransformator
3 026 792,c85622d0-243f-4ada-a8a4-529da1860cd9,110.00,2026-02-24 16:00:00.000 +0100,W,k,Kwartierwaarden voor belastingtransformator
3 026 792,c85622d0-243f-4ada-a8a4-529da1860cd9,126.00,2026-02-24 16:15:00.000 +0100,W,k,Kwartierwaarden voor belastingtransformator
3 026 792,c85622d0-243f-4ada-a8a4-529da1860cd9,139.00,2026-02-24 16:30:00.000 +0100,W,k,Kwartierwaarden voor belastingtransformator
3 026 792,c85622d0-243f-4ada-a8a4-529da1860cd9,148.00,2026-02-24 16:45:00.000 +0100,W,k,Kwartierwaarden voor belastingtransformator
3 026 792,c85622d0-243f-4ada-a8a4-529da1860cd9,153.00,2026-02-24 17:00:00.000 +0100,W,k,Kwartierwaarden voor belastingtransformator
3 026 792,c85622d0-243f-4ada-a8a4-529da1860cd9,156.00,2026-02-24 17:15:00.000 +0100,W,k,Kwartierwaarden voor belastingtransformator
3 026 792,c85622d0-243f-4ada-a8a4-529da1860cd9,159.00,2026-02-24 17:30:00.000 +0100,W,k,Kwartierwaarden voor belastingtransformator
3 026 792,c85622d0-243f-4ada-a8a4-529da1860cd9,159.00,2026-02-24 17:45:00.000 +0100,W,k,Kwartierwaarden voor belastingtransformator
3 026 792,c85622d0-243f-4ada-a8a4-529da1860cd9,157.00,2026-02-24 18:00:00.000 +0100,W,k,Kwartierwaarden voor belastingtransformator
3 026 792,c85622d0-243f-4ada-a8a4-529da1860cd9,154.00,2026-02-24 18:15:00.000 +0100,W,k,Kwartierwaarden voor belastingtransformator
3 026 792,c85622d0-243f-4ada-a8a4-529da1860cd9,150.00,2026-02-24 18:30:00.000 +0100,W,k,Kwartierwaarden voor belastingtransformator
3 026 792,c85622d0-243f-4ada-a8a4-529da1860cd9,149.00,2026-02-24 18:45:00.000 +0100,W,k,Kwartierwaarden voor belastingtransformator
3 026 792,c85622d0-243f-4ada-a8a4-529da1860cd9,144.00,2026-02-24 19:00:00.000 +0100,W,k,Kwartierwaarden voor belastingtransformator
3 026 792,c85622d0-243f-4ada-a8a4-529da1860cd9,141.00,2026-02-24 19:15:00.000 +0100,W,k,Kwartierwaarden voor belastingtransformator
3 026 792,c85622d0-243f-4ada-a8a4-529da1860cd9,137.00,2026-02-24 19:30:00.000 +0100,W,k,Kwartierwaarden voor belastingtransformator
3 026 792,c85622d0-243f-4ada-a8a4-529da1860cd9,134.00,2026-02-24 19:45:00.000 +0100,W,k,Kwartierwaarden voor belastingtransformator
3 026 792,c85622d0-243f-4ada-a8a4-529da1860cd9,130.00,2026-02-24 20:00:00.000 +0100,W,k,Kwartierwaarden voor belastingtransformator
3 026 792,c85622d0-243f-4ada-a8a4-529da1860cd9,127.00,2026-02-24 20:15:00.000 +0100,W,k,Kwartierwaarden voor belastingtransformator
3 026 792,c85622d0-243f-4ada-a8a4-529da1860cd9,124.00,2026-02-24 20:30:00.000 +0100,W,k,Kwartierwaarden voor belastingtransformator
3 026 792,c85622d0-243f-4ada-a8a4-529da1860cd9,121.00,2026-02-24 20:45:00.000 +0100,W,k,Kwartierwaarden voor belastingtransformator
3 026 792,c85622d0-243f-4ada-a8a4-529da1860cd9,117.00,2026-02-24 21:00:00.000 +0100,W,k,Kwartierwaarden voor belastingtransformator
3 026 792,c85622d0-243f-4ada-a8a4-529da1860cd9,113.00,2026-02-24 21:15:00.000 +0100,W,k,Kwartierwaarden voor belastingtransformator
3 026 792,c85622d0-243f-4ada-a8a4-529da1860cd9,109.00,2026-02-24 21:30:00.000 +0100,W,k,Kwartierwaarden voor belastingtransformator
3 026 792,c85622d0-243f-4ada-a8a4-529da1860cd9,105.00,2026-02-24 21:45:00.000 +0100,W,k,Kwartierwaarden voor belastingtransformator
3 026 792,c85622d0-243f-4ada-a8a4-529da1860cd9,102.00,2026-02-24 22:00:00.000 +0100,W,k,Kwartierwaarden voor belastingtransformator
3 026 792,c85622d0-243f-4ada-a8a4-529da1860cd9,98.00,2026-02-24 22:15:00.000 +0100,W,k,Kwartierwaarden voor belastingtransformator
3 026 792,c85622d0-243f-4ada-a8a4-529da1860cd9,94.00,2026-02-24 22:30:00.000 +0100,W,k,Kwartierwaarden voor belastingtransformator
3 026 792,c85622d0-243f-4ada-a8a4-529da1860cd9,90.00,2026-02-24 22:45:00.000 +0100,W,k,Kwartierwaarden voor belastingtransformator
3 026 792,c85622d0-243f-4ada-a8a4-529da1860cd9,87.00,2026-02-24 23:00:00.000 +0100,W,k,Kwartierwaarden voor belastingtransformator
3 026 792,c85622d0-243f-4ada-a8a4-529da1860cd9,84.00,2026-02-24 23:15:00.000 +0100,W,k,Kwartierwaarden voor belastingtransformator
3 026 792,c85622d0-243f-4ada-a8a4-529da1860cd9,81.00,2026-02-24 23:30:00.000 +0100,W,k,Kwartierwaarden voor belastingtransformator
3 026 792,c85622d0-243f-4ada-a8a4-529da1860cd9,78.00,2026-02-24 23:45:00.000 +0100,W,k,Kwartierwaarden voor belastingtransformator
3 026 792,c85622d0-243f-4ada-a8a4-529da1860cd9,76.00,2026-02-25 00:00:00.000 +0100,W,k,Kwartierwaarden voor belastingtransformator
3 026 792,c85622d0-243f-4ada-a8a4-529da1860cd9,74.00,2026-02-25 00:15:00.000 +0100,W,k,Kwartierwaarden voor belastingtransformator
3 026 792,c85622d0-243f-4ada-a8a4-529da1860cd9,72.00,2026-02-25 00:30:00.000 +0100,W,k,Kwartierwaarden voor belastingtransformator
3 026 792,c85622d0-243f-4ada-a8a4-529da1860cd9,71.00,2026-02-25 00:45:00.000 +0100,W,k,Kwartierwaarden voor belastingtransformator
3 026 792,c85622d0-243f-4ada-a8a4-529da1860cd9,69.00,2026-02-25 01:00:00.000 +0100,W,k,Kwartierwaarden voor belastingtransformator
3 026 792,c85622d0-243f-4ada-a8a4-529da1860cd9,68.00,2026-02-25 01:15:00.000 +0100,W,k,Kwartierwaarden voor belastingtransformator
3 026 792,c85622d0-243f-4ada-a8a4-529da1860cd9,67.00,2026-02-25 01:30:00.000 +0100,W,k,Kwartierwaarden voor belastingtransformator
3 026 792,c85622d0-243f-4ada-a8a4-529da1860cd9,66.00,2026-02-25 01:45:00.000 +0100,W,k,Kwartierwaarden voor belastingtransformator
3 026 792,c85622d0-243f-4ada-a8a4-529da1860cd9,65.00,2026-02-25 02:00:00.000 +0100,W,k,Kwartierwaarden voor belastingtransformator
3 026 792,c85622d0-243f-4ada-a8a4-529da1860cd9,64.00,2026-02-25 02:15:00.000 +0100,W,k,Kwartierwaarden voor belastingtransformator
3 026 792,c85622d0-243f-4ada-a8a4-529da1860cd9,63.00,2026-02-25 02:30:00.000 +0100,W,k,Kwartierwaarden voor belastingtransformator
3 026 792,c85622d0-243f-4ada-a8a4-529da1860cd9,63.00,2026-02-25 02:45:00.000 +0100,W,k,Kwartierwaarden voor belastingtransformator
3 026 792,c85622d0-243f-4ada-a8a4-529da1860cd9,62.00,2026-02-25 03:00:00.000 +0100,W,k,Kwartierwaarden voor belastingtransformator
3 026 792,c85622d0-243f-4ada-a8a4-529da1860cd9,62.00,2026-02-25 03:15:00.000 +0100,W,k,Kwartierwaarden voor belastingtransformator
3 026 792,c85622d0-243f-4ada-a8a4-529da1860cd9,62.00,2026-02-25 03:30:00.000 +0100,W,k,Kwartierwaarden voor belastingtransformator
3 026 792,c85622d0-243f-4ada-a8a4-529da1860cd9,62.00,2026-02-25 03:45:00.000 +0100,W,k,Kwartierwaarden voor belastingtransformator
3 026 792,c85622d0-243f-4ada-a8a4-529da1860cd9,63.00,2026-02-25 04:00:00.000 +0100,W,k,Kwartierwaarden voor belastingtransformator
3 026 792,c85622d0-243f-4ada-a8a4-529da1860cd9,64.00,2026-02-25 04:15:00.000 +0100,W,k,Kwartierwaarden voor belastingtransformator
3 026 792,c85622d0-243f-4ada-a8a4-529da1860cd9,65.00,2026-02-25 04:30:00.000 +0100,W,k,Kwartierwaarden voor belastingtransformator
3 026 792,c85622d0-243f-4ada-a8a4-529da1860cd9,67.00,2026-02-25 04:45:00.000 +0100,W,k,Kwartierwaarden voor belastingtransformator
3 026 792,c85622d0-243f-4ada-a8a4-529da1860cd9,70.00,2026-02-25 05:00:00.000 +0100,W,k,Kwartierwaarden voor belastingtransformator
3 026 792,c85622d0-243f-4ada-a8a4-529da1860cd9,73.00,2026-02-25 05:15:00.000 +0100,W,k,Kwartierwaarden voor belastingtransformator
3 026 792,c85622d0-243f-4ada-a8a4-529da1860cd9,78.00,2026-02-25 05:30:00.000 +0100,W,k,Kwartierwaarden voor belastingtransformator
3 026 792,c85622d0-243f-4ada-a8a4-529da1860cd9,83.00,2026-02-25 05:45:00.000 +0100,W,k,Kwartierwaarden voor belastingtransformator
3 026 792,c85622d0-243f-4ada-a8a4-529da1860cd9,90.00,2026-02-25 06:00:00.000 +0100,W,k,Kwartierwaarden voor belastingtransformator
3 026 792,c85622d0-243f-4ada-a8a4-529da1860cd9,95.00,2026-02-25 06:15:00.000 +0100,W,k,Kwartierwaarden voor belastingtransformator
3 026 792,c85622d0-243f-4ada-a8a4-529da1860cd9,98.00,2026-02-25 06:30:00.000 +0100,W,k,Kwartierwaarden voor belastingtransformator
3 026 792,c85622d0-243f-4ada-a8a4-529da1860cd9,102.00,2026-02-25 06:45:00.000 +0100,W,k,Kwartierwaarden voor belastingtransformator
3 026 792,c85622d0-243f-4ada-a8a4-529da1860cd9,104.00,2026-02-25 07:00:00.000 +0100,W,k,Kwartierwaarden voor belastingtransformator
3 026 792,c85622d0-243f-4ada-a8a4-529da1860cd9,98.00,2026-02-25 07:15:00.000 +0100,W,k,Kwartierwaarden voor belastingtransformator
3 026 792,c85622d0-243f-4ada-a8a4-529da1860cd9,93.00,2026-02-25 07:30:00.000 +0100,W,k,Kwartierwaarden voor belastingtransformator
3 026 792,c85622d0-243f-4ada-a8a4-529da1860cd9,87.00,2026-02-25 07:45:00.000 +0100,W,k,Kwartierwaarden voor belastingtransformator
3 026 792,c85622d0-243f-4ada-a8a4-529da1860cd9,80.00,2026-02-25 08:00:00.000 +0100,W,k,Kwartierwaarden voor belastingtransformator
3 026 792,c85622d0-243f-4ada-a8a4-529da1860cd9,67.00,2026-02-25 08:15:00.000 +0100,W,k,Kwartierwaarden voor belastingtransformator
3 026 792,c85622d0-243f-4ada-a8a4-529da1860cd9,52.00,2026-02-25 08:30:00.000 +0100,W,k,Kwartierwaarden voor belastingtransformator
3 026 792,c85622d0-243f-4ada-a8a4-529da1860cd9,38.00,2026-02-25 08:45:00.000 +0100,W,k,Kwartierwaarden voor belastingtransformator
3 026 792,c85622d0-243f-4ada-a8a4-529da1860cd9,24.00,2026-02-25 09:00:00.000 +0100,W,k,Kwartierwaarden voor belastingtransformator
3 026 792,c85622d0-243f-4ada-a8a4-529da1860cd9,10.00,2026-02-25 09:15:00.000 +0100,W,k,Kwartierwaarden voor belastingtransformator
3 026 792,c85622d0-243f-4ada-a8a4-529da1860cd9,-4.00,2026-02-25 09:30:00.000 +0100,W,k,Kwartierwaarden voor belastingtransformator
3 026 792,c85622d0-243f-4ada-a8a4-529da1860cd9,-17.00,2026-02-25 09:45:00.000 +0100,W,k,Kwartierwaarden voor belastingtransformator
3 026 792,c85622d0-243f-4ada-a8a4-529da1860cd9,-30.00,2026-02-25 10:00:00.000 +0100,W,k,Kwartierwaarden voor belastingtransformator
3 026 792,c85622d0-243f-4ada-a8a4-529da1860cd9,-40.00,2026-02-25 10:15:00.000 +0100,W,k,Kwartierwaarden voor belastingtransformator
3 026 792,c85622d0-243f-4ada-a8a4-529da1860cd9,-49.00,2026-02-25 10:30:00.000 +0100,W,k,Kwartierwaarden voor belastingtransformator
3 026 792,c85622d0-243f-4ada-a8a4-529da1860cd9,-56.00,2026-02-25 10:45:00.000 +0100,W,k,Kwartierwaarden voor belastingtransformator
3 026 792,c85622d0-243f-4ada-a8a4-529da1860cd9,-65.00,2026-02-25 11:00:00.000 +0100,W,k,Kwartierwaarden voor belastingtransformator
3 026 792,c85622d0-243f-4ada-a8a4-529da1860cd9,-67.00,2026-02-25 11:15:00.000 +0100,W,k,Kwartierwaarden voor belastingtransformator
3 026 792,c85622d0-243f-4ada-a8a4-529da1860cd9,-69.00,2026-02-25 11:30:00.000 +0100,W,k,Kwartierwaarden voor belastingtransformator
3 026 792,c85622d0-243f-4ada-a8a4-529da1860cd9,-70.00,2026-02-25 11:45:00.000 +0100,W,k,Kwartierwaarden voor belastingtransformator
3 026 792,c85622d0-243f-4ada-a8a4-529da1860cd9,-74.00,2026-02-25 12:00:00.000 +0100,W,k,Kwartierwaarden voor belastingtransformator
3 026 792,c85622d0-243f-4ada-a8a4-529da1860cd9,-72.00,2026-02-25 12:15:00.000 +0100,W,k,Kwartierwaarden voor belastingtransformator
3 026 792,c85622d0-243f-4ada-a8a4-529da1860cd9,-72.00,2026-02-25 12:30:00.000 +0100,W,k,Kwartierwaarden voor belastingtransformator
3 026 792,c85622d0-243f-4ada-a8a4-529da1860cd9,-71.00,2026-02-25 12:45:00.000 +0100,W,k,Kwartierwaarden voor belastingtransformator
3 026 792,c85622d0-243f-4ada-a8a4-529da1860cd9,-69.00,2026-02-25 13:00:00.000 +0100,W,k,Kwartierwaarden voor belastingtransformator
3 026 792,c85622d0-243f-4ada-a8a4-529da1860cd9,-64.00,2026-02-25 13:15:00.000 +0100,W,k,Kwartierwaarden voor belastingtransformator
3 026 792,c85622d0-243f-4ada-a8a4-529da1860cd9,-59.00,2026-02-25 13:30:00.000 +0100,W,k,Kwartierwaarden voor belastingtransformator
3 026 792,c85622d0-243f-4ada-a8a4-529da1860cd9,-53.00,2026-02-25 13:45:00.000 +0100,W,k,Kwartierwaarden voor belastingtransformator
3 026 792,c85622d0-243f-4ada-a8a4-529da1860cd9,-48.00,2026-02-25 14:00:00.000 +0100,W,k,Kwartierwaarden voor belastingtransformator
3 026 792,c85622d0-243f-4ada-a8a4-529da1860cd9,-39.00,2026-02-25 14:15:00.000 +0100,W,k,Kwartierwaarden voor belastingtransformator
3 026 792,c85622d0-243f-4ada-a8a4-529da1860cd9,-28.00,2026-02-25 14:30:00.000 +0100,W,k,Kwartierwaarden voor belastingtransformator
3 026 792,c85622d0-243f-4ada-a8a4-529da1860cd9,-18.00,2026-02-25 14:45:00.000 +0100,W,k,Kwartierwaarden voor belastingtransformator
3 026 792,c85622d0-243f-4ada-a8a4-529da1860cd9,-7.00,2026-02-25 15:00:00.000 +0100,W,k,Kwartierwaarden voor belastingtransformator
3 026 792,c85622d0-243f-4ada-a8a4-529da1860cd9,8.00,2026-02-25 15:15:00.000 +0100,W,k,Kwartierwaarden voor belastingtransformator
3 026 792,c85622d0-243f-4ada-a8a4-529da1860cd9,25.00,2026-02-25 15:30:00.000 +0100,W,k,Kwartierwaarden voor belastingtransformator
3 026 792,c85622d0-243f-4ada-a8a4-529da1860cd9,44.00,2026-02-25 15:45:00.000 +0100,W,k,Kwartierwaarden voor belastingtransformator
3 026 792,c85622d0-243f-4ada-a8a4-529da1860cd9,66.00,2026-02-25 16:00:00.000 +0100,W,k,Kwartierwaarden voor belastingtransformator
3 026 792,c85622d0-243f-4ada-a8a4-529da1860cd9,92.00,2026-02-25 16:15:00.000 +0100,W,k,Kwartierwaarden voor belastingtransformator
3 026 792,c85622d0-243f-4ada-a8a4-529da1860cd9,115.00,2026-02-25 16:30:00.000 +0100,W,k,Kwartierwaarden voor belastingtransformator
3 026 792,c85622d0-243f-4ada-a8a4-529da1860cd9,135.00,2026-02-25 16:45:00.000 +0100,W,k,Kwartierwaarden voor belastingtransformator
3 026 792,c85622d0-243f-4ada-a8a4-529da1860cd9,151.00,2026-02-25 17:00:00.000 +0100,W,k,Kwartierwaarden voor belastingtransformator
3 026 792,c85622d0-243f-4ada-a8a4-529da1860cd9,154.00,2026-02-25 17:15:00.000 +0100,W,k,Kwartierwaarden voor belastingtransformator
3 026 792,c85622d0-243f-4ada-a8a4-529da1860cd9,157.00,2026-02-25 17:30:00.000 +0100,W,k,Kwartierwaarden voor belastingtransformator
3 026 792,c85622d0-243f-4ada-a8a4-529da1860cd9,157.00,2026-02-25 17:45:00.000 +0100,W,k,Kwartierwaarden voor belastingtransformator
3 026 792,c85622d0-243f-4ada-a8a4-529da1860cd9,155.00,2026-02-25 18:00:00.000 +0100,W,k,Kwartierwaarden voor belastingtransformator
3 026 792,c85622d0-243f-4ada-a8a4-529da1860cd9,152.00,2026-02-25 18:15:00.000 +0100,W,k,Kwartierwaarden voor belastingtransformator
3 026 792,c85622d0-243f-4ada-a8a4-529da1860cd9,148.00,2026-02-25 18:30:00.000 +0100,W,k,Kwartierwaarden voor belastingtransformator
3 026 792,c85622d0-243f-4ada-a8a4-529da1860cd9,147.00,2026-02-25 18:45:00.000 +0100,W,k,Kwartierwaarden voor belastingtransformator
3 026 792,c85622d0-243f-4ada-a8a4-529da1860cd9,142.00,2026-02-25 19:00:00.000 +0100,W,k,Kwartierwaarden voor belastingtransformator
3 026 792,c85622d0-243f-4ada-a8a4-529da1860cd9,139.00,2026-02-25 19:15:00.000 +0100,W,k,Kwartierwaarden voor belastingtransformator
3 026 792,c85622d0-243f-4ada-a8a4-529da1860cd9,136.00,2026-02-25 19:30:00.000 +0100,W,k,Kwartierwaarden voor belastingtransformator
3 026 792,c85622d0-243f-4ada-a8a4-529da1860cd9,132.00,2026-02-25 19:45:00.000 +0100,W,k,Kwartierwaarden voor belastingtransformator
3 026 792,c85622d0-243f-4ada-a8a4-529da1860cd9,128.00,2026-02-25 20:00:00.000 +0100,W,k,Kwartierwaarden voor belastingtransformator
3 026 792,c85622d0-243f-4ada-a8a4-529da1860cd9,126.00,2026-02-25 20:15:00.000 +0100,W,k,Kwartierwaarden voor belastingtransformator
3 026 792,c85622d0-243f-4ada-a8a4-529da1860cd9,122.00,2026-02-25 20:30:00.000 +0100,W,k,Kwartierwaarden voor belastingtransformator
3 026 792,c85622d0-243f-4ada-a8a4-529da1860cd9,119.00,2026-02-25 20:45:00.000 +0100,W,k,Kwartierwaarden voor belastingtransformator
3 026 792,c85622d0-243f-4ada-a8a4-529da1860cd9,115.00,2026-02-25 21:00:00.000 +0100,W,k,Kwartierwaarden voor belastingtransformator
3 026 792,c85622d0-243f-4ada-a8a4-529da1860cd9,112.00,2026-02-25 21:15:00.000 +0100,W,k,Kwartierwaarden voor belastingtransformator
3 026 792,c85622d0-243f-4ada-a8a4-529da1860cd9,107.00,2026-02-25 21:30:00.000 +0100,W,k,Kwartierwaarden voor belastingtransformator
3 026 792,c85622d0-243f-4ada-a8a4-529da1860cd9,103.00,2026-02-25 21:45:00.000 +0100,W,k,Kwartierwaarden voor belastingtransformator
3 026 792,c85622d0-243f-4ada-a8a4-529da1860cd9,101.00,2026-02-25 22:00:00.000 +0100,W,k,Kwartierwaarden voor belastingtransformator
3 026 792,c85622d0-243f-4ada-a8a4-529da1860cd9,97.00,2026-02-25 22:15:00.000 +0100,W,k,Kwartierwaarden voor belastingtransformator
3 026 792,c85622d0-243f-4ada-a8a4-529da1860cd9,93.00,2026-02-25 22:30:00.000 +0100,W,k,Kwartierwaarden voor belastingtransformator
3 026 792,c85622d0-243f-4ada-a8a4-529da1860cd9,89.00,2026-02-25 22:45:00.000 +0100,W,k,Kwartierwaarden voor belastingtransformator
3 026 792,c85622d0-243f-4ada-a8a4-529da1860cd9,86.00,2026-02-25 23:00:00.000 +0100,W,k,Kwartierwaarden voor belastingtransformator
3 026 792,c85622d0-243f-4ada-a8a4-529da1860cd9,83.00,2026-02-25 23:15:00.000 +0100,W,k,Kwartierwaarden voor belastingtransformator
3 026 792,c85622d0-243f-4ada-a8a4-529da1860cd9,80.00,2026-02-25 23:30:00.000 +0100,W,k,Kwartierwaarden voor belastingtransformator
3 026 792,c85622d0-243f-4ada-a8a4-529da1860cd9,77.00,2026-02-25 23:45:00.000 +0100,W,k,Kwartierwaarden voor belastingtransformator
4 003 144,07fbd31c-c94a-41b6-b139-b60adc9e1abf,84.00,2026-02-25 17:30:00.000 +0100,W,k,Kwartierwaarden voor belastingtransformator
4 003 144,07fbd31c-c94a-41b6-b139-b60adc9e1abf,84.00,2026-02-25 17:45:00.000 +0100,W,k,Kwartierwaarden voor belastingtransformator
4 003 144,07fbd31c-c94a-41b6-b139-b60adc9e1abf,83.00,2026-02-25 18:00:00.000 +0100,W,k,Kwartierwaarden voor belastingtransformator
4 003 144,07fbd31c-c94a-41b6-b139-b60adc9e1abf,81.00,2026-02-25 18:15:00.000 +0100,W,k,Kwartierwaarden voor belastingtransformator
4 003 144,07fbd31c-c94a-41b6-b139-b60adc9e1abf,79.00,2026-02-25 18:30:00.000 +0100,W,k,Kwartierwaarden voor belastingtransformator
4 003 144,07fbd31c-c94a-41b6-b139-b60adc9e1abf,78.00,2026-02-25 18:45:00.000 +0100,W,k,Kwartierwaarden voor belastingtransformator
4 003 144,07fbd31c-c94a-41b6-b139-b60adc9e1abf,75.00,2026-02-25 19:00:00.000 +0100,W,k,Kwartierwaarden voor belastingtransformator
4 003 144,07fbd31c-c94a-41b6-b139-b60adc9e1abf,73.00,2026-02-25 19:15:00.000 +0100,W,k,Kwartierwaarden voor belastingtransformator
4 003 144,07fbd31c-c94a-41b6-b139-b60adc9e1abf,72.00,2026-02-25 19:30:00.000 +0100,W,k,Kwartierwaarden voor belastingtransformator
4 003 144,07fbd31c-c94a-41b6-b139-b60adc9e1abf,70.00,2026-02-25 19:45:00.000 +0100,W,k,Kwartierwaarden voor belastingtransformator
4 003 144,07fbd31c-c94a-41b6-b139-b60adc9e1abf,67.00,2026-02-25 20:00:00.000 +0100,W,k,Kwartierwaarden voor belastingtransformator
4 003 144,07fbd31c-c94a-41b6-b139-b60adc9e1abf,65.00,2026-02-25 20:15:00.000 +0100,W,k,Kwartierwaarden voor belastingtransformator
4 003 144,07fbd31c-c94a-41b6-b139-b60adc9e1abf,63.00,2026-02-25 20:30:00.000 +0100,W,k,Kwartierwaarden voor belastingtransformator
4 003 144,07fbd31c-c94a-41b6-b139-b60adc9e1abf,61.00,2026-02-25 20:45:00.000 +0100,W,k,Kwartierwaarden voor belastingtransformator
4 003 144,07fbd31c-c94a-41b6-b139-b60adc9e1abf,58.00,2026-02-25 21:00:00.000 +0100,W,k,Kwartierwaarden voor belastingtransformator
4 003 144,07fbd31c-c94a-41b6-b139-b60adc9e1abf,56.00,2026-02-25 21:15:00.000 +0100,W,k,Kwartierwaarden voor belastingtransformator
4 003 144,07fbd31c-c94a-41b6-b139-b60adc9e1abf,53.00,2026-02-25 21:30:00.000 +0100,W,k,Kwartierwaarden voor belastingtransformator
4 003 144,07fbd31c-c94a-41b6-b139-b60adc9e1abf,50.00,2026-02-25 21:45:00.000 +0100,W,k,Kwartierwaarden voor belastingtransformator
4 003 144,07fbd31c-c94a-41b6-b139-b60adc9e1abf,48.00,2026-02-25 22:00:00.000 +0100,W,k,Kwartierwaarden voor belastingtransformator
4 003 144,07fbd31c-c94a-41b6-b139-b60adc9e1abf,45.00,2026-02-25 22:15:00.000 +0100,W,k,Kwartierwaarden voor belastingtransformator
4 003 144,07fbd31c-c94a-41b6-b139-b60adc9e1abf,43.00,2026-02-25 22:30:00.000 +0100,W,k,Kwartierwaarden voor belastingtransformator
4 003 144,07fbd31c-c94a-41b6-b139-b60adc9e1abf,41.00,2026-02-25 22:45:00.000 +0100,W,k,Kwartierwaarden voor belastingtransformator
4 003 144,07fbd31c-c94a-41b6-b139-b60adc9e1abf,39.00,2026-02-25 23:00:00.000 +0100,W,k,Kwartierwaarden voor belastingtransformator
4 003 144,07fbd31c-c94a-41b6-b139-b60adc9e1abf,38.00,2026-02-25 23:15:00.000 +0100,W,k,Kwartierwaarden voor belastingtransformator
4 003 144,07fbd31c-c94a-41b6-b139-b60adc9e1abf,37.00,2026-02-25 23:30:00.000 +0100,W,k,Kwartierwaarden voor belastingtransformator
4 003 144,07fbd31c-c94a-41b6-b139-b60adc9e1abf,35.00,2026-02-25 23:45:00.000 +0100,W,k,Kwartierwaarden voor belastingtransformator
4 006 064,c4aaa250-a39d-4b3c-8b8d-1ea707dab759,55.00,2026-02-23 00:00:00.000 +0100,W,k,Kwartierwaarden voor belastingtransformator
4 006 064,c4aaa250-a39d-4b3c-8b8d-1ea707dab759,54.00,2026-02-23 00:15:00.000 +0100,W,k,Kwartierwaarden voor belastingtransformator
4 006 064,c4aaa250-a39d-4b3c-8b8d-1ea707dab759,53.00,2026-02-23 00:30:00.000 +0100,W,k,Kwartierwaarden voor belastingtransformator
4 006 064,c4aaa250-a39d-4b3c-8b8d-1ea707dab759,51.00,2026-02-23 00:45:00.000 +0100,W,k,Kwartierwaarden voor belastingtransformator
4 006 064,c4aaa250-a39d-4b3c-8b8d-1ea707dab759,51.00,2026-02-23 01:00:00.000 +0100,W,k,Kwartierwaarden voor belastingtransformator
4 006 064,c4aaa250-a39d-4b3c-8b8d-1ea707dab759,50.00,2026-02-23 01:15:00.000 +0100,W,k,Kwartierwaarden voor belastingtransformator
4 006 064,c4aaa250-a39d-4b3c-8b8d-1ea707dab759,50.00,2026-02-23 01:30:00.000 +0100,W,k,Kwartierwaarden voor belastingtransformator
4 006 064,c4aaa250-a39d-4b3c-8b8d-1ea707dab759,49.00,2026-02-23 01:45:00.000 +0100,W,k,Kwartierwaarden voor belastingtransformator
4 006 064,c4aaa250-a39d-4b3c-8b8d-1ea707dab759,49.00,2026-02-23 02:00:00.000 +0100,W,k,Kwartierwaarden voor belastingtransformator
4 006 064,c4aaa250-a39d-4b3c-8b8d-1ea707dab759,49.00,2026-02-23 02:15:00.000 +0100,W,k,Kwartierwaarden voor belastingtransformator
4 006 064,c4aaa250-a39d-4b3c-8b8d-1ea707dab759,49.00,2026-02-23 02:30:00.000 +0100,W,k,Kwartierwaarden voor belastingtransformator
4 006 064,c4aaa250-a39d-4b3c-8b8d-1ea707dab759,48.00,2026-02-23 02:45:00.000 +0100,W,k,Kwartierwaarden voor belastingtransformator
4 006 064,c4aaa250-a39d-4b3c-8b8d-1ea707dab759,48.00,2026-02-23 03:00:00.000 +0100,W,k,Kwartierwaarden voor belastingtransformator
4 006 064,c4aaa250-a39d-4b3c-8b8d-1ea707dab759,48.00,2026-02-23 03:15:00.000 +0100,W,k,Kwartierwaarden voor belastingtransformator
4 006 064,c4aaa250-a39d-4b3c-8b8d-1ea707dab759,48.00,2026-02-23 03:30:00.000 +0100,W,k,Kwartierwaarden voor belastingtransformator
4 006 064,c4aaa250-a39d-4b3c-8b8d-1ea707dab759,49.00,2026-02-23 03:45:00.000 +0100,W,k,Kwartierwaarden voor belastingtransformator
4 006 064,c4aaa250-a39d-4b3c-8b8d-1ea707dab759,49.00,2026-02-23 04:00:00.000 +0100,W,k,Kwartierwaarden voor belastingtransformator
4 006 064,c4aaa250-a39d-4b3c-8b8d-1ea707dab759,50.00,2026-02-23 04:15:00.000 +0100,W,k,Kwartierwaarden voor belastingtransformator
4 006 064,c4aaa250-a39d-4b3c-8b8d-1ea707dab759,52.00,2026-02-23 04:30:00.000 +0100,W,k,Kwartierwaarden voor belastingtransformator
4 006 064,c4aaa250-a39d-4b3c-8b8d-1ea707dab759,54.00,2026-02-23 04:45:00.000 +0100,W,k,Kwartierwaarden voor belastingtransformator
4 006 064,c4aaa250-a39d-4b3c-8b8d-1ea707dab759,57.00,2026-02-23 05:00:00.000 +0100,W,k,Kwartierwaarden voor belastingtransformator
4 006 064,c4aaa250-a39d-4b3c-8b8d-1ea707dab759,60.00,2026-02-23 05:15:00.000 +0100,W,k,Kwartierwaarden voor belastingtransformator
4 006 064,c4aaa250-a39d-4b3c-8b8d-1ea707dab759,65.00,2026-02-23 05:30:00.000 +0100,W,k,Kwartierwaarden voor belastingtransformator
4 006 064,c4aaa250-a39d-4b3c-8b8d-1ea707dab759,69.00,2026-02-23 05:45:00.000 +0100,W,k,Kwartierwaarden voor belastingtransformator
4 006 064,c4aaa250-a39d-4b3c-8b8d-1ea707dab759,76.00,2026-02-23 06:00:00.000 +0100,W,k,Kwartierwaarden voor belastingtransformator
4 006 064,c4aaa250-a39d-4b3c-8b8d-1ea707dab759,82.00,2026-02-23 06:15:00.000 +0100,W,k,Kwartierwaarden voor belastingtransformator
4 006 064,c4aaa250-a39d-4b3c-8b8d-1ea707dab759,86.00,2026-02-23 06:30:00.000 +0100,W,k,Kwartierwaarden voor belastingtransformator
4 006 064,c4aaa250-a39d-4b3c-8b8d-1ea707dab759,89.00,2026-02-23 06:45:00.000 +0100,W,k,Kwartierwaarden voor belastingtransformator
4 006 064,c4aaa250-a39d-4b3c-8b8d-1ea707dab759,91.00,2026-02-23 07:00:00.000 +0100,W,k,Kwartierwaarden voor belastingtransformator
4 006 064,c4aaa250-a39d-4b3c-8b8d-1ea707dab759,91.00,2026-02-23 07:15:00.000 +0100,W,k,Kwartierwaarden voor belastingtransformator
4 006 064,c4aaa250-a39d-4b3c-8b8d-1ea707dab759,91.00,2026-02-23 07:30:00.000 +0100,W,k,Kwartierwaarden voor belastingtransformator
4 006 064,c4aaa250-a39d-4b3c-8b8d-1ea707dab759,91.00,2026-02-23 07:45:00.000 +0100,W,k,Kwartierwaarden voor belastingtransformator
4 006 064,c4aaa250-a39d-4b3c-8b8d-1ea707dab759,90.00,2026-02-23 08:00:00.000 +0100,W,k,Kwartierwaarden voor belastingtransformator
4 006 064,c4aaa250-a39d-4b3c-8b8d-1ea707dab759,89.00,2026-02-23 08:15:00.000 +0100,W,k,Kwartierwaarden voor belastingtransformator
4 006 064,c4aaa250-a39d-4b3c-8b8d-1ea707dab759,87.00,2026-02-23 08:30:00.000 +0100,W,k,Kwartierwaarden voor belastingtransformator
4 006 064,c4aaa250-a39d-4b3c-8b8d-1ea707dab759,85.00,2026-02-23 08:45:00.000 +0100,W,k,Kwartierwaarden voor belastingtransformator
4 006 064,c4aaa250-a39d-4b3c-8b8d-1ea707dab759,82.00,2026-02-23 09:00:00.000 +0100,W,k,Kwartierwaarden voor belastingtransformator
4 006 064,c4aaa250-a39d-4b3c-8b8d-1ea707dab759,80.00,2026-02-23 09:15:00.000 +0100,W,k,Kwartierwaarden voor belastingtransformator
4 006 064,c4aaa250-a39d-4b3c-8b8d-1ea707dab759,78.00,2026-02-23 09:30:00.000 +0100,W,k,Kwartierwaarden voor belastingtransformator
4 006 064,c4aaa250-a39d-4b3c-8b8d-1ea707dab759,77.00,2026-02-23 09:45:00.000 +0100,W,k,Kwartierwaarden voor belastingtransformator
4 006 064,c4aaa250-a39d-4b3c-8b8d-1ea707dab759,76.00,2026-02-23 10:00:00.000 +0100,W,k,Kwartierwaarden voor belastingtransformator
4 006 064,c4aaa250-a39d-4b3c-8b8d-1ea707dab759,74.00,2026-02-23 10:15:00.000 +0100,W,k,Kwartierwaarden voor belastingtransformator
4 006 064,c4aaa250-a39d-4b3c-8b8d-1ea707dab759,73.00,2026-02-23 10:30:00.000 +0100,W,k,Kwartierwaarden voor belastingtransformator
4 006 064,c4aaa250-a39d-4b3c-8b8d-1ea707dab759,73.00,2026-02-23 10:45:00.000 +0100,W,k,Kwartierwaarden voor belastingtransformator
4 006 064,c4aaa250-a39d-4b3c-8b8d-1ea707dab759,73.00,2026-02-23 11:00:00.000 +0100,W,k,Kwartierwaarden voor belastingtransformator
4 006 064,c4aaa250-a39d-4b3c-8b8d-1ea707dab759,68.00,2026-02-23 11:15:00.000 +0100,W,k,Kwartierwaarden voor belastingtransformator
4 006 064,c4aaa250-a39d-4b3c-8b8d-1ea707dab759,63.00,2026-02-23 11:30:00.000 +0100,W,k,Kwartierwaarden voor belastingtransformator
4 006 064,c4aaa250-a39d-4b3c-8b8d-1ea707dab759,57.00,2026-02-23 11:45:00.000 +0100,W,k,Kwartierwaarden voor belastingtransformator
4 006 064,c4aaa250-a39d-4b3c-8b8d-1ea707dab759,51.00,2026-02-23 12:00:00.000 +0100,W,k,Kwartierwaarden voor belastingtransformator
4 006 064,c4aaa250-a39d-4b3c-8b8d-1ea707dab759,46.00,2026-02-23 12:15:00.000 +0100,W,k,Kwartierwaarden voor belastingtransformator
4 006 064,c4aaa250-a39d-4b3c-8b8d-1ea707dab759,40.00,2026-02-23 12:30:00.000 +0100,W,k,Kwartierwaarden voor belastingtransformator
4 006 064,c4aaa250-a39d-4b3c-8b8d-1ea707dab759,35.00,2026-02-23 12:45:00.000 +0100,W,k,Kwartierwaarden voor belastingtransformator
4 006 064,c4aaa250-a39d-4b3c-8b8d-1ea707dab759,30.00,2026-02-23 13:00:00.000 +0100,W,k,Kwartierwaarden voor belastingtransformator
4 006 064,c4aaa250-a39d-4b3c-8b8d-1ea707dab759,27.00,2026-02-23 13:15:00.000 +0100,W,k,Kwartierwaarden voor belastingtransformator
4 006 064,c4aaa250-a39d-4b3c-8b8d-1ea707dab759,25.00,2026-02-23 13:30:00.000 +0100,W,k,Kwartierwaarden voor belastingtransformator
4 006 064,c4aaa250-a39d-4b3c-8b8d-1ea707dab759,23.00,2026-02-23 13:45:00.000 +0100,W,k,Kwartierwaarden voor belastingtransformator
4 006 064,c4aaa250-a39d-4b3c-8b8d-1ea707dab759,21.00,2026-02-23 14:00:00.000 +0100,W,k,Kwartierwaarden voor belastingtransformator
4 006 064,c4aaa250-a39d-4b3c-8b8d-1ea707dab759,25.00,2026-02-23 14:15:00.000 +0100,W,k,Kwartierwaarden voor belastingtransformator
4 006 064,c4aaa250-a39d-4b3c-8b8d-1ea707dab759,30.00,2026-02-23 14:30:00.000 +0100,W,k,Kwartierwaarden voor belastingtransformator
4 006 064,c4aaa250-a39d-4b3c-8b8d-1ea707dab759,36.00,2026-02-23 14:45:00.000 +0100,W,k,Kwartierwaarden voor belastingtransformator
4 006 064,c4aaa250-a39d-4b3c-8b8d-1ea707dab759,44.00,2026-02-23 15:00:00.000 +0100,W,k,Kwartierwaarden voor belastingtransformator
4 006 064,c4aaa250-a39d-4b3c-8b8d-1ea707dab759,50.00,2026-02-23 15:15:00.000 +0100,W,k,Kwartierwaarden voor belastingtransformator
4 006 064,c4aaa250-a39d-4b3c-8b8d-1ea707dab759,60.00,2026-02-23 15:30:00.000 +0100,W,k,Kwartierwaarden voor belastingtransformator
4 006 064,c4aaa250-a39d-4b3c-8b8d-1ea707dab759,73.00,2026-02-23 15:45:00.000 +0100,W,k,Kwartierwaarden voor belastingtransformator
4 006 064,c4aaa250-a39d-4b3c-8b8d-1ea707dab759,88.00,2026-02-23 16:00:00.000 +0100,W,k,Kwartierwaarden voor belastingtransformator
4 006 064,c4aaa250-a39d-4b3c-8b8d-1ea707dab759,109.00,2026-02-23 16:15:00.000 +0100,W,k,Kwartierwaarden voor belastingtransformator
4 006 064,c4aaa250-a39d-4b3c-8b8d-1ea707dab759,126.00,2026-02-23 16:30:00.000 +0100,W,k,Kwartierwaarden voor belastingtransformator
4 006 064,c4aaa250-a39d-4b3c-8b8d-1ea707dab759,140.00,2026-02-23 16:45:00.000 +0100,W,k,Kwartierwaarden voor belastingtransformator
4 006 064,c4aaa250-a39d-4b3c-8b8d-1ea707dab759,150.00,2026-02-23 17:00:00.000 +0100,W,k,Kwartierwaarden voor belastingtransformator
4 006 064,c4aaa250-a39d-4b3c-8b8d-1ea707dab759,151.00,2026-02-23 17:15:00.000 +0100,W,k,Kwartierwaarden voor belastingtransformator
4 006 064,c4aaa250-a39d-4b3c-8b8d-1ea707dab759,151.00,2026-02-23 17:30:00.000 +0100,W,k,Kwartierwaarden voor belastingtransformator
4 006 064,c4aaa250-a39d-4b3c-8b8d-1ea707dab759,150.00,2026-02-23 17:45:00.000 +0100,W,k,Kwartierwaarden voor belastingtransformator
4 006 064,c4aaa250-a39d-4b3c-8b8d-1ea707dab759,147.00,2026-02-23 18:00:00.000 +0100,W,k,Kwartierwaarden voor belastingtransformator
4 006 064,c4aaa250-a39d-4b3c-8b8d-1ea707dab759,143.00,2026-02-23 18:15:00.000 +0100,W,k,Kwartierwaarden voor belastingtransformator
4 006 064,c4aaa250-a39d-4b3c-8b8d-1ea707dab759,140.00,2026-02-23 18:30:00.000 +0100,W,k,Kwartierwaarden voor belastingtransformator
4 006 064,c4aaa250-a39d-4b3c-8b8d-1ea707dab759,138.00,2026-02-23 18:45:00.000 +0100,W,k,Kwartierwaarden voor belastingtransformator
4 006 064,c4aaa250-a39d-4b3c-8b8d-1ea707dab759,134.00,2026-02-23 19:00:00.000 +0100,W,k,Kwartierwaarden voor belastingtransformator
4 006 064,c4aaa250-a39d-4b3c-8b8d-1ea707dab759,130.00,2026-02-23 19:15:00.000 +0100,W,k,Kwartierwaarden voor belastingtransformator
4 006 064,c4aaa250-a39d-4b3c-8b8d-1ea707dab759,126.00,2026-02-23 19:30:00.000 +0100,W,k,Kwartierwaarden voor belastingtransformator
4 006 064,c4aaa250-a39d-4b3c-8b8d-1ea707dab759,122.00,2026-02-23 19:45:00.000 +0100,W,k,Kwartierwaarden voor belastingtransformator
4 006 064,c4aaa250-a39d-4b3c-8b8d-1ea707dab759,118.00,2026-02-23 20:00:00.000 +0100,W,k,Kwartierwaarden voor belastingtransformator
4 006 064,c4aaa250-a39d-4b3c-8b8d-1ea707dab759,115.00,2026-02-23 20:15:00.000 +0100,W,k,Kwartierwaarden voor belastingtransformator
4 006 064,c4aaa250-a39d-4b3c-8b8d-1ea707dab759,111.00,2026-02-23 20:30:00.000 +0100,W,k,Kwartierwaarden voor belastingtransformator
4 006 064,c4aaa250-a39d-4b3c-8b8d-1ea707dab759,107.00,2026-02-23 20:45:00.000 +0100,W,k,Kwartierwaarden voor belastingtransformator
4 006 064,c4aaa250-a39d-4b3c-8b8d-1ea707dab759,103.00,2026-02-23 21:00:00.000 +0100,W,k,Kwartierwaarden voor belastingtransformator
4 006 064,c4aaa250-a39d-4b3c-8b8d-1ea707dab759,98.00,2026-02-23 21:15:00.000 +0100,W,k,Kwartierwaarden voor belastingtransformator
4 006 064,c4aaa250-a39d-4b3c-8b8d-1ea707dab759,93.00,2026-02-23 21:30:00.000 +0100,W,k,Kwartierwaarden voor belastingtransformator
4 006 064,c4aaa250-a39d-4b3c-8b8d-1ea707dab759,88.00,2026-02-23 21:45:00.000 +0100,W,k,Kwartierwaarden voor belastingtransformator
4 006 064,c4aaa250-a39d-4b3c-8b8d-1ea707dab759,83.00,2026-02-23 22:00:00.000 +0100,W,k,Kwartierwaarden voor belastingtransformator
4 006 064,c4aaa250-a39d-4b3c-8b8d-1ea707dab759,78.00,2026-02-23 22:15:00.000 +0100,W,k,Kwartierwaarden voor belastingtransformator
4 006 064,c4aaa250-a39d-4b3c-8b8d-1ea707dab759,74.00,2026-02-23 22:30:00.000 +0100,W,k,Kwartierwaarden voor belastingtransformator
4 006 064,c4aaa250-a39d-4b3c-8b8d-1ea707dab759,70.00,2026-02-23 22:45:00.000 +0100,W,k,Kwartierwaarden voor belastingtransformator
4 006 064,c4aaa250-a39d-4b3c-8b8d-1ea707dab759,67.00,2026-02-23 23:00:00.000 +0100,W,k,Kwartierwaarden voor belastingtransformator
4 006 064,c4aaa250-a39d-4b3c-8b8d-1ea707dab759,64.00,2026-02-23 23:15:00.000 +0100,W,k,Kwartierwaarden voor belastingtransformator
4 006 064,c4aaa250-a39d-4b3c-8b8d-1ea707dab759,62.00,2026-02-23 23:30:00.000 +0100,W,k,Kwartierwaarden voor belastingtransformator
4 006 064,c4aaa250-a39d-4b3c-8b8d-1ea707dab759,60.00,2026-02-23 23:45:00.000 +0100,W,k,Kwartierwaarden voor belastingtransformator
4 006 064,c4aaa250-a39d-4b3c-8b8d-1ea707dab759,58.00,2026-02-24 00:00:00.000 +0100,W,k,Kwartierwaarden voor belastingtransformator
4 006 064,c4aaa250-a39d-4b3c-8b8d-1ea707dab759,57.00,2026-02-24 00:15:00.000 +0100,W,k,Kwartierwaarden voor belastingtransformator
4 006 064,c4aaa250-a39d-4b3c-8b8d-1ea707dab759,55.00,2026-02-24 00:30:00.000 +0100,W,k,Kwartierwaarden voor belastingtransformator
4 006 064,c4aaa250-a39d-4b3c-8b8d-1ea707dab759,54.00,2026-02-24 00:45:00.000 +0100,W,k,Kwartierwaarden voor belastingtransformator
4 006 064,c4aaa250-a39d-4b3c-8b8d-1ea707dab759,53.00,2026-02-24 01:00:00.000 +0100,W,k,Kwartierwaarden voor belastingtransformator
4 006 064,c4aaa250-a39d-4b3c-8b8d-1ea707dab759,52.00,2026-02-24 01:15:00.000 +0100,W,k,Kwartierwaarden voor belastingtransformator
4 006 064,c4aaa250-a39d-4b3c-8b8d-1ea707dab759,52.00,2026-02-24 01:30:00.000 +0100,W,k,Kwartierwaarden voor belastingtransformator
4 006 064,c4aaa250-a39d-4b3c-8b8d-1ea707dab759,51.00,2026-02-24 01:45:00.000 +0100,W,k,Kwartierwaarden voor belastingtransformator
4 006 064,c4aaa250-a39d-4b3c-8b8d-1ea707dab759,51.00,2026-02-24 02:00:00.000 +0100,W,k,Kwartierwaarden voor belastingtransformator
4 006 064,c4aaa250-a39d-4b3c-8b8d-1ea707dab759,50.00,2026-02-24 02:15:00.000 +0100,W,k,Kwartierwaarden voor belastingtransformator
4 006 064,c4aaa250-a39d-4b3c-8b8d-1ea707dab759,50.00,2026-02-24 02:30:00.000 +0100,W,k,Kwartierwaarden voor belastingtransformator
4 006 064,c4aaa250-a39d-4b3c-8b8d-1ea707dab759,50.00,2026-02-24 02:45:00.000 +0100,W,k,Kwartierwaarden voor belastingtransformator
4 006 064,c4aaa250-a39d-4b3c-8b8d-1ea707dab759,50.00,2026-02-24 03:00:00.000 +0100,W,k,Kwartierwaarden voor belastingtransformator
4 006 064,c4aaa250-a39d-4b3c-8b8d-1ea707dab759,50.00,2026-02-24 03:15:00.000 +0100,W,k,Kwartierwaarden voor belastingtransformator
4 006 064,c4aaa250-a39d-4b3c-8b8d-1ea707dab759,50.00,2026-02-24 03:30:00.000 +0100,W,k,Kwartierwaarden voor belastingtransformator
4 006 064,c4aaa250-a39d-4b3c-8b8d-1ea707dab759,50.00,2026-02-24 03:45:00.000 +0100,W,k,Kwartierwaarden voor belastingtransformator
4 006 064,c4aaa250-a39d-4b3c-8b8d-1ea707dab759,51.00,2026-02-24 04:00:00.000 +0100,W,k,Kwartierwaarden voor belastingtransformator
4 006 064,c4aaa250-a39d-4b3c-8b8d-1ea707dab759,52.00,2026-02-24 04:15:00.000 +0100,W,k,Kwartierwaarden voor belastingtransformator
4 006 064,c4aaa250-a39d-4b3c-8b8d-1ea707dab759,53.00,2026-02-24 04:30:00.000 +0100,W,k,Kwartierwaarden voor belastingtransformator
4 006 064,c4aaa250-a39d-4b3c-8b8d-1ea707dab759,55.00,2026-02-24 04:45:00.000 +0100,W,k,Kwartierwaarden voor belastingtransformator
4 006 064,c4aaa250-a39d-4b3c-8b8d-1ea707dab759,59.00,2026-02-24 05:00:00.000 +0100,W,k,Kwartierwaarden voor belastingtransformator
4 006 064,c4aaa250-a39d-4b3c-8b8d-1ea707dab759,62.00,2026-02-24 05:15:00.000 +0100,W,k,Kwartierwaarden voor belastingtransformator
4 006 064,c4aaa250-a39d-4b3c-8b8d-1ea707dab759,67.00,2026-02-24 05:30:00.000 +0100,W,k,Kwartierwaarden voor belastingtransformator
4 006 064,c4aaa250-a39d-4b3c-8b8d-1ea707dab759,72.00,2026-02-24 05:45:00.000 +0100,W,k,Kwartierwaarden voor belastingtransformator
4 006 064,c4aaa250-a39d-4b3c-8b8d-1ea707dab759,79.00,2026-02-24 06:00:00.000 +0100,W,k,Kwartierwaarden voor belastingtransformator
4 006 064,c4aaa250-a39d-4b3c-8b8d-1ea707dab759,85.00,2026-02-24 06:15:00.000 +0100,W,k,Kwartierwaarden voor belastingtransformator
4 006 064,c4aaa250-a39d-4b3c-8b8d-1ea707dab759,88.00,2026-02-24 06:30:00.000 +0100,W,k,Kwartierwaarden voor belastingtransformator
4 006 064,c4aaa250-a39d-4b3c-8b8d-1ea707dab759,89.00,2026-02-24 06:45:00.000 +0100,W,k,Kwartierwaarden voor belastingtransformator
4 006 064,c4aaa250-a39d-4b3c-8b8d-1ea707dab759,87.00,2026-02-24 07:00:00.000 +0100,W,k,Kwartierwaarden voor belastingtransformator
4 006 064,c4aaa250-a39d-4b3c-8b8d-1ea707dab759,83.00,2026-02-24 07:15:00.000 +0100,W,k,Kwartierwaarden voor belastingtransformator
4 006 064,c4aaa250-a39d-4b3c-8b8d-1ea707dab759,80.00,2026-02-24 07:30:00.000 +0100,W,k,Kwartierwaarden voor belastingtransformator
4 006 064,c4aaa250-a39d-4b3c-8b8d-1ea707dab759,79.00,2026-02-24 07:45:00.000 +0100,W,k,Kwartierwaarden voor belastingtransformator
4 006 064,c4aaa250-a39d-4b3c-8b8d-1ea707dab759,76.00,2026-02-24 08:00:00.000 +0100,W,k,Kwartierwaarden voor belastingtransformator
4 006 064,c4aaa250-a39d-4b3c-8b8d-1ea707dab759,74.00,2026-02-24 08:15:00.000 +0100,W,k,Kwartierwaarden voor belastingtransformator
4 006 064,c4aaa250-a39d-4b3c-8b8d-1ea707dab759,71.00,2026-02-24 08:30:00.000 +0100,W,k,Kwartierwaarden voor belastingtransformator
4 006 064,c4aaa250-a39d-4b3c-8b8d-1ea707dab759,68.00,2026-02-24 08:45:00.000 +0100,W,k,Kwartierwaarden voor belastingtransformator
4 006 064,c4aaa250-a39d-4b3c-8b8d-1ea707dab759,65.00,2026-02-24 09:00:00.000 +0100,W,k,Kwartierwaarden voor belastingtransformator
4 006 064,c4aaa250-a39d-4b3c-8b8d-1ea707dab759,64.00,2026-02-24 09:15:00.000 +0100,W,k,Kwartierwaarden voor belastingtransformator
4 006 064,c4aaa250-a39d-4b3c-8b8d-1ea707dab759,62.00,2026-02-24 09:30:00.000 +0100,W,k,Kwartierwaarden voor belastingtransformator
4 006 064,c4aaa250-a39d-4b3c-8b8d-1ea707dab759,61.00,2026-02-24 09:45:00.000 +0100,W,k,Kwartierwaarden voor belastingtransformator
4 006 064,c4aaa250-a39d-4b3c-8b8d-1ea707dab759,60.00,2026-02-24 10:00:00.000 +0100,W,k,Kwartierwaarden voor belastingtransformator
4 006 064,c4aaa250-a39d-4b3c-8b8d-1ea707dab759,59.00,2026-02-24 10:15:00.000 +0100,W,k,Kwartierwaarden voor belastingtransformator
4 006 064,c4aaa250-a39d-4b3c-8b8d-1ea707dab759,58.00,2026-02-24 10:30:00.000 +0100,W,k,Kwartierwaarden voor belastingtransformator
4 006 064,c4aaa250-a39d-4b3c-8b8d-1ea707dab759,58.00,2026-02-24 10:45:00.000 +0100,W,k,Kwartierwaarden voor belastingtransformator
4 006 064,c4aaa250-a39d-4b3c-8b8d-1ea707dab759,58.00,2026-02-24 11:00:00.000 +0100,W,k,Kwartierwaarden voor belastingtransformator
4 006 064,c4aaa250-a39d-4b3c-8b8d-1ea707dab759,58.00,2026-02-24 11:15:00.000 +0100,W,k,Kwartierwaarden voor belastingtransformator
4 006 064,c4aaa250-a39d-4b3c-8b8d-1ea707dab759,58.00,2026-02-24 11:30:00.000 +0100,W,k,Kwartierwaarden voor belastingtransformator
4 006 064,c4aaa250-a39d-4b3c-8b8d-1ea707dab759,58.00,2026-02-24 11:45:00.000 +0100,W,k,Kwartierwaarden voor belastingtransformator
4 006 064,c4aaa250-a39d-4b3c-8b8d-1ea707dab759,58.00,2026-02-24 12:00:00.000 +0100,W,k,Kwartierwaarden voor belastingtransformator
4 006 064,c4aaa250-a39d-4b3c-8b8d-1ea707dab759,58.00,2026-02-24 12:15:00.000 +0100,W,k,Kwartierwaarden voor belastingtransformator
4 006 064,c4aaa250-a39d-4b3c-8b8d-1ea707dab759,57.00,2026-02-24 12:30:00.000 +0100,W,k,Kwartierwaarden voor belastingtransformator
4 006 064,c4aaa250-a39d-4b3c-8b8d-1ea707dab759,57.00,2026-02-24 12:45:00.000 +0100,W,k,Kwartierwaarden voor belastingtransformator
4 006 064,c4aaa250-a39d-4b3c-8b8d-1ea707dab759,57.00,2026-02-24 13:00:00.000 +0100,W,k,Kwartierwaarden voor belastingtransformator
4 006 064,c4aaa250-a39d-4b3c-8b8d-1ea707dab759,58.00,2026-02-24 13:15:00.000 +0100,W,k,Kwartierwaarden voor belastingtransformator
4 006 064,c4aaa250-a39d-4b3c-8b8d-1ea707dab759,60.00,2026-02-24 13:30:00.000 +0100,W,k,Kwartierwaarden voor belastingtransformator
4 006 064,c4aaa250-a39d-4b3c-8b8d-1ea707dab759,62.00,2026-02-24 13:45:00.000 +0100,W,k,Kwartierwaarden voor belastingtransformator
4 006 064,c4aaa250-a39d-4b3c-8b8d-1ea707dab759,63.00,2026-02-24 14:00:00.000 +0100,W,k,Kwartierwaarden voor belastingtransformator
4 006 064,c4aaa250-a39d-4b3c-8b8d-1ea707dab759,63.00,2026-02-24 14:15:00.000 +0100,W,k,Kwartierwaarden voor belastingtransformator
4 006 064,c4aaa250-a39d-4b3c-8b8d-1ea707dab759,62.00,2026-02-24 14:30:00.000 +0100,W,k,Kwartierwaarden voor belastingtransformator
4 006 064,c4aaa250-a39d-4b3c-8b8d-1ea707dab759,65.00,2026-02-24 14:45:00.000 +0100,W,k,Kwartierwaarden voor belastingtransformator
4 006 064,c4aaa250-a39d-4b3c-8b8d-1ea707dab759,68.00,2026-02-24 15:00:00.000 +0100,W,k,Kwartierwaarden voor belastingtransformator
4 006 064,c4aaa250-a39d-4b3c-8b8d-1ea707dab759,72.00,2026-02-24 15:15:00.000 +0100,W,k,Kwartierwaarden voor belastingtransformator
4 006 064,c4aaa250-a39d-4b3c-8b8d-1ea707dab759,80.00,2026-02-24 15:30:00.000 +0100,W,k,Kwartierwaarden voor belastingtransformator
4 006 064,c4aaa250-a39d-4b3c-8b8d-1ea707dab759,91.00,2026-02-24 15:45:00.000 +0100,W,k,Kwartierwaarden voor belastingtransformator
4 006 064,c4aaa250-a39d-4b3c-8b8d-1ea707dab759,105.00,2026-02-24 16:00:00.000 +0100,W,k,Kwartierwaarden voor belastingtransformator
4 006 064,c4aaa250-a39d-4b3c-8b8d-1ea707dab759,120.00,2026-02-24 16:15:00.000 +0100,W,k,Kwartierwaarden voor belastingtransformator
4 006 064,c4aaa250-a39d-4b3c-8b8d-1ea707dab759,132.00,2026-02-24 16:30:00.000 +0100,W,k,Kwartierwaarden voor belastingtransformator
4 006 064,c4aaa250-a39d-4b3c-8b8d-1ea707dab759,140.00,2026-02-24 16:45:00.000 +0100,W,k,Kwartierwaarden voor belastingtransformator
4 006 064,c4aaa250-a39d-4b3c-8b8d-1ea707dab759,143.00,2026-02-24 17:00:00.000 +0100,W,k,Kwartierwaarden voor belastingtransformator
4 006 064,c4aaa250-a39d-4b3c-8b8d-1ea707dab759,144.00,2026-02-24 17:15:00.000 +0100,W,k,Kwartierwaarden voor belastingtransformator
4 006 064,c4aaa250-a39d-4b3c-8b8d-1ea707dab759,145.00,2026-02-24 17:30:00.000 +0100,W,k,Kwartierwaarden voor belastingtransformator
4 006 064,c4aaa250-a39d-4b3c-8b8d-1ea707dab759,144.00,2026-02-24 17:45:00.000 +0100,W,k,Kwartierwaarden voor belastingtransformator
4 006 064,c4aaa250-a39d-4b3c-8b8d-1ea707dab759,141.00,2026-02-24 18:00:00.000 +0100,W,k,Kwartierwaarden voor belastingtransformator
4 006 064,c4aaa250-a39d-4b3c-8b8d-1ea707dab759,138.00,2026-02-24 18:15:00.000 +0100,W,k,Kwartierwaarden voor belastingtransformator
4 006 064,c4aaa250-a39d-4b3c-8b8d-1ea707dab759,135.00,2026-02-24 18:30:00.000 +0100,W,k,Kwartierwaarden voor belastingtransformator
4 006 064,c4aaa250-a39d-4b3c-8b8d-1ea707dab759,133.00,2026-02-24 18:45:00.000 +0100,W,k,Kwartierwaarden voor belastingtransformator
4 006 064,c4aaa250-a39d-4b3c-8b8d-1ea707dab759,129.00,2026-02-24 19:00:00.000 +0100,W,k,Kwartierwaarden voor belastingtransformator
4 006 064,c4aaa250-a39d-4b3c-8b8d-1ea707dab759,126.00,2026-02-24 19:15:00.000 +0100,W,k,Kwartierwaarden voor belastingtransformator
4 006 064,c4aaa250-a39d-4b3c-8b8d-1ea707dab759,122.00,2026-02-24 19:30:00.000 +0100,W,k,Kwartierwaarden voor belastingtransformator
4 006 064,c4aaa250-a39d-4b3c-8b8d-1ea707dab759,119.00,2026-02-24 19:45:00.000 +0100,W,k,Kwartierwaarden voor belastingtransformator
4 006 064,c4aaa250-a39d-4b3c-8b8d-1ea707dab759,115.00,2026-02-24 20:00:00.000 +0100,W,k,Kwartierwaarden voor belastingtransformator
4 006 064,c4aaa250-a39d-4b3c-8b8d-1ea707dab759,112.00,2026-02-24 20:15:00.000 +0100,W,k,Kwartierwaarden voor belastingtransformator
4 006 064,c4aaa250-a39d-4b3c-8b8d-1ea707dab759,108.00,2026-02-24 20:30:00.000 +0100,W,k,Kwartierwaarden voor belastingtransformator
4 006 064,c4aaa250-a39d-4b3c-8b8d-1ea707dab759,105.00,2026-02-24 20:45:00.000 +0100,W,k,Kwartierwaarden voor belastingtransformator
4 006 064,c4aaa250-a39d-4b3c-8b8d-1ea707dab759,101.00,2026-02-24 21:00:00.000 +0100,W,k,Kwartierwaarden voor belastingtransformator
4 006 064,c4aaa250-a39d-4b3c-8b8d-1ea707dab759,97.00,2026-02-24 21:15:00.000 +0100,W,k,Kwartierwaarden voor belastingtransformator
4 006 064,c4aaa250-a39d-4b3c-8b8d-1ea707dab759,92.00,2026-02-24 21:30:00.000 +0100,W,k,Kwartierwaarden voor belastingtransformator
4 006 064,c4aaa250-a39d-4b3c-8b8d-1ea707dab759,87.00,2026-02-24 21:45:00.000 +0100,W,k,Kwartierwaarden voor belastingtransformator
4 006 064,c4aaa250-a39d-4b3c-8b8d-1ea707dab759,83.00,2026-02-24 22:00:00.000 +0100,W,k,Kwartierwaarden voor belastingtransformator
4 006 064,c4aaa250-a39d-4b3c-8b8d-1ea707dab759,78.00,2026-02-24 22:15:00.000 +0100,W,k,Kwartierwaarden voor belastingtransformator
4 006 064,c4aaa250-a39d-4b3c-8b8d-1ea707dab759,74.00,2026-02-24 22:30:00.000 +0100,W,k,Kwartierwaarden voor belastingtransformator
4 006 064,c4aaa250-a39d-4b3c-8b8d-1ea707dab759,70.00,2026-02-24 22:45:00.000 +0100,W,k,Kwartierwaarden voor belastingtransformator
4 006 064,c4aaa250-a39d-4b3c-8b8d-1ea707dab759,67.00,2026-02-24 23:00:00.000 +0100,W,k,Kwartierwaarden voor belastingtransformator
4 006 064,c4aaa250-a39d-4b3c-8b8d-1ea707dab759,64.00,2026-02-24 23:15:00.000 +0100,W,k,Kwartierwaarden voor belastingtransformator
4 006 064,c4aaa250-a39d-4b3c-8b8d-1ea707dab759,62.00,2026-02-24 23:30:00.000 +0100,W,k,Kwartierwaarden voor belastingtransformator
4 006 064,c4aaa250-a39d-4b3c-8b8d-1ea707dab759,59.00,2026-02-24 23:45:00.000 +0100,W,k,Kwartierwaarden voor belastingtransformator
4 006 064,c4aaa250-a39d-4b3c-8b8d-1ea707dab759,58.00,2026-02-25 00:00:00.000 +0100,W,k,Kwartierwaarden voor belastingtransformator
4 006 064,c4aaa250-a39d-4b3c-8b8d-1ea707dab759,56.00,2026-02-25 00:15:00.000 +0100,W,k,Kwartierwaarden voor belastingtransformator
4 006 064,c4aaa250-a39d-4b3c-8b8d-1ea707dab759,55.00,2026-02-25 00:30:00.000 +0100,W,k,Kwartierwaarden voor belastingtransformator
4 006 064,c4aaa250-a39d-4b3c-8b8d-1ea707dab759,53.00,2026-02-25 00:45:00.000 +0100,W,k,Kwartierwaarden voor belastingtransformator
4 006 064,c4aaa250-a39d-4b3c-8b8d-1ea707dab759,53.00,2026-02-25 01:00:00.000 +0100,W,k,Kwartierwaarden voor belastingtransformator
4 006 064,c4aaa250-a39d-4b3c-8b8d-1ea707dab759,52.00,2026-02-25 01:15:00.000 +0100,W,k,Kwartierwaarden voor belastingtransformator
4 006 064,c4aaa250-a39d-4b3c-8b8d-1ea707dab759,51.00,2026-02-25 01:30:00.000 +0100,W,k,Kwartierwaarden voor belastingtransformator
4 006 064,c4aaa250-a39d-4b3c-8b8d-1ea707dab759,50.00,2026-02-25 01:45:00.000 +0100,W,k,Kwartierwaarden voor belastingtransformator
4 006 064,c4aaa250-a39d-4b3c-8b8d-1ea707dab759,50.00,2026-02-25 02:00:00.000 +0100,W,k,Kwartierwaarden voor belastingtransformator
4 006 064,c4aaa250-a39d-4b3c-8b8d-1ea707dab759,49.00,2026-02-25 02:15:00.000 +0100,W,k,Kwartierwaarden voor belastingtransformator
4 006 064,c4aaa250-a39d-4b3c-8b8d-1ea707dab759,49.00,2026-02-25 02:30:00.000 +0100,W,k,Kwartierwaarden voor belastingtransformator
4 006 064,c4aaa250-a39d-4b3c-8b8d-1ea707dab759,49.00,2026-02-25 02:45:00.000 +0100,W,k,Kwartierwaarden voor belastingtransformator
4 006 064,c4aaa250-a39d-4b3c-8b8d-1ea707dab759,48.00,2026-02-25 03:00:00.000 +0100,W,k,Kwartierwaarden voor belastingtransformator
4 006 064,c4aaa250-a39d-4b3c-8b8d-1ea707dab759,48.00,2026-02-25 03:15:00.000 +0100,W,k,Kwartierwaarden voor belastingtransformator
4 006 064,c4aaa250-a39d-4b3c-8b8d-1ea707dab759,48.00,2026-02-25 03:30:00.000 +0100,W,k,Kwartierwaarden voor belastingtransformator
4 006 064,c4aaa250-a39d-4b3c-8b8d-1ea707dab759,49.00,2026-02-25 03:45:00.000 +0100,W,k,Kwartierwaarden voor belastingtransformator
4 006 064,c4aaa250-a39d-4b3c-8b8d-1ea707dab759,50.00,2026-02-25 04:00:00.000 +0100,W,k,Kwartierwaarden voor belastingtransformator
4 006 064,c4aaa250-a39d-4b3c-8b8d-1ea707dab759,50.00,2026-02-25 04:15:00.000 +0100,W,k,Kwartierwaarden voor belastingtransformator
4 006 064,c4aaa250-a39d-4b3c-8b8d-1ea707dab759,52.00,2026-02-25 04:30:00.000 +0100,W,k,Kwartierwaarden voor belastingtransformator
4 006 064,c4aaa250-a39d-4b3c-8b8d-1ea707dab759,54.00,2026-02-25 04:45:00.000 +0100,W,k,Kwartierwaarden voor belastingtransformator
4 006 064,c4aaa250-a39d-4b3c-8b8d-1ea707dab759,57.00,2026-02-25 05:00:00.000 +0100,W,k,Kwartierwaarden voor belastingtransformator
4 006 064,c4aaa250-a39d-4b3c-8b8d-1ea707dab759,60.00,2026-02-25 05:15:00.000 +0100,W,k,Kwartierwaarden voor belastingtransformator
4 006 064,c4aaa250-a39d-4b3c-8b8d-1ea707dab759,65.00,2026-02-25 05:30:00.000 +0100,W,k,Kwartierwaarden voor belastingtransformator
4 006 064,c4aaa250-a39d-4b3c-8b8d-1ea707dab759,70.00,2026-02-25 05:45:00.000 +0100,W,k,Kwartierwaarden voor belastingtransformator
4 006 064,c4aaa250-a39d-4b3c-8b8d-1ea707dab759,76.00,2026-02-25 06:00:00.000 +0100,W,k,Kwartierwaarden voor belastingtransformator
4 006 064,c4aaa250-a39d-4b3c-8b8d-1ea707dab759,82.00,2026-02-25 06:15:00.000 +0100,W,k,Kwartierwaarden voor belastingtransformator
4 006 064,c4aaa250-a39d-4b3c-8b8d-1ea707dab759,86.00,2026-02-25 06:30:00.000 +0100,W,k,Kwartierwaarden voor belastingtransformator
4 006 064,c4aaa250-a39d-4b3c-8b8d-1ea707dab759,90.00,2026-02-25 06:45:00.000 +0100,W,k,Kwartierwaarden voor belastingtransformator
4 006 064,c4aaa250-a39d-4b3c-8b8d-1ea707dab759,90.00,2026-02-25 07:00:00.000 +0100,W,k,Kwartierwaarden voor belastingtransformator
4 006 064,c4aaa250-a39d-4b3c-8b8d-1ea707dab759,86.00,2026-02-25 07:15:00.000 +0100,W,k,Kwartierwaarden voor belastingtransformator
4 006 064,c4aaa250-a39d-4b3c-8b8d-1ea707dab759,83.00,2026-02-25 07:30:00.000 +0100,W,k,Kwartierwaarden voor belastingtransformator
4 006 064,c4aaa250-a39d-4b3c-8b8d-1ea707dab759,79.00,2026-02-25 07:45:00.000 +0100,W,k,Kwartierwaarden voor belastingtransformator
4 006 064,c4aaa250-a39d-4b3c-8b8d-1ea707dab759,75.00,2026-02-25 08:00:00.000 +0100,W,k,Kwartierwaarden voor belastingtransformator
4 006 064,c4aaa250-a39d-4b3c-8b8d-1ea707dab759,66.00,2026-02-25 08:15:00.000 +0100,W,k,Kwartierwaarden voor belastingtransformator
4 006 064,c4aaa250-a39d-4b3c-8b8d-1ea707dab759,57.00,2026-02-25 08:30:00.000 +0100,W,k,Kwartierwaarden voor belastingtransformator
4 006 064,c4aaa250-a39d-4b3c-8b8d-1ea707dab759,47.00,2026-02-25 08:45:00.000 +0100,W,k,Kwartierwaarden voor belastingtransformator
4 006 064,c4aaa250-a39d-4b3c-8b8d-1ea707dab759,38.00,2026-02-25 09:00:00.000 +0100,W,k,Kwartierwaarden voor belastingtransformator
4 006 064,c4aaa250-a39d-4b3c-8b8d-1ea707dab759,28.00,2026-02-25 09:15:00.000 +0100,W,k,Kwartierwaarden voor belastingtransformator
4 006 064,c4aaa250-a39d-4b3c-8b8d-1ea707dab759,17.00,2026-02-25 09:30:00.000 +0100,W,k,Kwartierwaarden voor belastingtransformator
4 006 064,c4aaa250-a39d-4b3c-8b8d-1ea707dab759,6.00,2026-02-25 09:45:00.000 +0100,W,k,Kwartierwaarden voor belastingtransformator
4 006 064,c4aaa250-a39d-4b3c-8b8d-1ea707dab759,-3.00,2026-02-25 10:00:00.000 +0100,W,k,Kwartierwaarden voor belastingtransformator
4 006 064,c4aaa250-a39d-4b3c-8b8d-1ea707dab759,-11.00,2026-02-25 10:15:00.000 +0100,W,k,Kwartierwaarden voor belastingtransformator
4 006 064,c4aaa250-a39d-4b3c-8b8d-1ea707dab759,-19.00,2026-02-25 10:30:00.000 +0100,W,k,Kwartierwaarden voor belastingtransformator
4 006 064,c4aaa250-a39d-4b3c-8b8d-1ea707dab759,-25.00,2026-02-25 10:45:00.000 +0100,W,k,Kwartierwaarden voor belastingtransformator
4 006 064,c4aaa250-a39d-4b3c-8b8d-1ea707dab759,-31.00,2026-02-25 11:00:00.000 +0100,W,k,Kwartierwaarden voor belastingtransformator
4 006 064,c4aaa250-a39d-4b3c-8b8d-1ea707dab759,-33.00,2026-02-25 11:15:00.000 +0100,W,k,Kwartierwaarden voor belastingtransformator
4 006 064,c4aaa250-a39d-4b3c-8b8d-1ea707dab759,-36.00,2026-02-25 11:30:00.000 +0100,W,k,Kwartierwaarden voor belastingtransformator
4 006 064,c4aaa250-a39d-4b3c-8b8d-1ea707dab759,-38.00,2026-02-25 11:45:00.000 +0100,W,k,Kwartierwaarden voor belastingtransformator
4 006 064,c4aaa250-a39d-4b3c-8b8d-1ea707dab759,-42.00,2026-02-25 12:00:00.000 +0100,W,k,Kwartierwaarden voor belastingtransformator
4 006 064,c4aaa250-a39d-4b3c-8b8d-1ea707dab759,-42.00,2026-02-25 12:15:00.000 +0100,W,k,Kwartierwaarden voor belastingtransformator
4 006 064,c4aaa250-a39d-4b3c-8b8d-1ea707dab759,-43.00,2026-02-25 12:30:00.000 +0100,W,k,Kwartierwaarden voor belastingtransformator
4 006 064,c4aaa250-a39d-4b3c-8b8d-1ea707dab759,-43.00,2026-02-25 12:45:00.000 +0100,W,k,Kwartierwaarden voor belastingtransformator
4 006 064,c4aaa250-a39d-4b3c-8b8d-1ea707dab759,-43.00,2026-02-25 13:00:00.000 +0100,W,k,Kwartierwaarden voor belastingtransformator
4 006 064,c4aaa250-a39d-4b3c-8b8d-1ea707dab759,-39.00,2026-02-25 13:15:00.000 +0100,W,k,Kwartierwaarden voor belastingtransformator
4 006 064,c4aaa250-a39d-4b3c-8b8d-1ea707dab759,-35.00,2026-02-25 13:30:00.000 +0100,W,k,Kwartierwaarden voor belastingtransformator
4 006 064,c4aaa250-a39d-4b3c-8b8d-1ea707dab759,-31.00,2026-02-25 13:45:00.000 +0100,W,k,Kwartierwaarden voor belastingtransformator
4 006 064,c4aaa250-a39d-4b3c-8b8d-1ea707dab759,-28.00,2026-02-25 14:00:00.000 +0100,W,k,Kwartierwaarden voor belastingtransformator
4 006 064,c4aaa250-a39d-4b3c-8b8d-1ea707dab759,-22.00,2026-02-25 14:15:00.000 +0100,W,k,Kwartierwaarden voor belastingtransformator
4 006 064,c4aaa250-a39d-4b3c-8b8d-1ea707dab759,-14.00,2026-02-25 14:30:00.000 +0100,W,k,Kwartierwaarden voor belastingtransformator
4 006 064,c4aaa250-a39d-4b3c-8b8d-1ea707dab759,-7.00,2026-02-25 14:45:00.000 +0100,W,k,Kwartierwaarden voor belastingtransformator
4 006 064,c4aaa250-a39d-4b3c-8b8d-1ea707dab759,2.00,2026-02-25 15:00:00.000 +0100,W,k,Kwartierwaarden voor belastingtransformator
4 006 064,c4aaa250-a39d-4b3c-8b8d-1ea707dab759,14.00,2026-02-25 15:15:00.000 +0100,W,k,Kwartierwaarden voor belastingtransformator
4 006 064,c4aaa250-a39d-4b3c-8b8d-1ea707dab759,29.00,2026-02-25 15:30:00.000 +0100,W,k,Kwartierwaarden voor belastingtransformator
4 006 064,c4aaa250-a39d-4b3c-8b8d-1ea707dab759,45.00,2026-02-25 15:45:00.000 +0100,W,k,Kwartierwaarden voor belastingtransformator
4 006 064,c4aaa250-a39d-4b3c-8b8d-1ea707dab759,66.00,2026-02-25 16:00:00.000 +0100,W,k,Kwartierwaarden voor belastingtransformator
4 006 064,c4aaa250-a39d-4b3c-8b8d-1ea707dab759,91.00,2026-02-25 16:15:00.000 +0100,W,k,Kwartierwaarden voor belastingtransformator
4 006 064,c4aaa250-a39d-4b3c-8b8d-1ea707dab759,111.00,2026-02-25 16:30:00.000 +0100,W,k,Kwartierwaarden voor belastingtransformator
4 006 064,c4aaa250-a39d-4b3c-8b8d-1ea707dab759,128.00,2026-02-25 16:45:00.000 +0100,W,k,Kwartierwaarden voor belastingtransformator
4 006 064,c4aaa250-a39d-4b3c-8b8d-1ea707dab759,141.00,2026-02-25 17:00:00.000 +0100,W,k,Kwartierwaarden voor belastingtransformator
4 006 064,c4aaa250-a39d-4b3c-8b8d-1ea707dab759,142.00,2026-02-25 17:15:00.000 +0100,W,k,Kwartierwaarden voor belastingtransformator
4 006 064,c4aaa250-a39d-4b3c-8b8d-1ea707dab759,142.00,2026-02-25 17:30:00.000 +0100,W,k,Kwartierwaarden voor belastingtransformator
4 006 064,c4aaa250-a39d-4b3c-8b8d-1ea707dab759,141.00,2026-02-25 17:45:00.000 +0100,W,k,Kwartierwaarden voor belastingtransformator
4 006 064,c4aaa250-a39d-4b3c-8b8d-1ea707dab759,139.00,2026-02-25 18:00:00.000 +0100,W,k,Kwartierwaarden voor belastingtransformator
4 006 064,c4aaa250-a39d-4b3c-8b8d-1ea707dab759,137.00,2026-02-25 18:15:00.000 +0100,W,k,Kwartierwaarden voor belastingtransformator
4 006 064,c4aaa250-a39d-4b3c-8b8d-1ea707dab759,133.00,2026-02-25 18:30:00.000 +0100,W,k,Kwartierwaarden voor belastingtransformator
4 006 064,c4aaa250-a39d-4b3c-8b8d-1ea707dab759,131.00,2026-02-25 18:45:00.000 +0100,W,k,Kwartierwaarden voor belastingtransformator
4 006 064,c4aaa250-a39d-4b3c-8b8d-1ea707dab759,127.00,2026-02-25 19:00:00.000 +0100,W,k,Kwartierwaarden voor belastingtransformator
4 006 064,c4aaa250-a39d-4b3c-8b8d-1ea707dab759,124.00,2026-02-25 19:15:00.000 +0100,W,k,Kwartierwaarden voor belastingtransformator
4 006 064,c4aaa250-a39d-4b3c-8b8d-1ea707dab759,121.00,2026-02-25 19:30:00.000 +0100,W,k,Kwartierwaarden voor belastingtransformator
4 006 064,c4aaa250-a39d-4b3c-8b8d-1ea707dab759,117.00,2026-02-25 19:45:00.000 +0100,W,k,Kwartierwaarden voor belastingtransformator
4 006 064,c4aaa250-a39d-4b3c-8b8d-1ea707dab759,113.00,2026-02-25 20:00:00.000 +0100,W,k,Kwartierwaarden voor belastingtransformator
4 006 064,c4aaa250-a39d-4b3c-8b8d-1ea707dab759,111.00,2026-02-25 20:15:00.000 +0100,W,k,Kwartierwaarden voor belastingtransformator
4 006 064,c4aaa250-a39d-4b3c-8b8d-1ea707dab759,107.00,2026-02-25 20:30:00.000 +0100,W,k,Kwartierwaarden voor belastingtransformator
4 006 064,c4aaa250-a39d-4b3c-8b8d-1ea707dab759,104.00,2026-02-25 20:45:00.000 +0100,W,k,Kwartierwaarden voor belastingtransformator
4 006 064,c4aaa250-a39d-4b3c-8b8d-1ea707dab759,100.00,2026-02-25 21:00:00.000 +0100,W,k,Kwartierwaarden voor belastingtransformator
4 006 064,c4aaa250-a39d-4b3c-8b8d-1ea707dab759,96.00,2026-02-25 21:15:00.000 +0100,W,k,Kwartierwaarden voor belastingtransformator
4 006 064,c4aaa250-a39d-4b3c-8b8d-1ea707dab759,91.00,2026-02-25 21:30:00.000 +0100,W,k,Kwartierwaarden voor belastingtransformator
4 006 064,c4aaa250-a39d-4b3c-8b8d-1ea707dab759,86.00,2026-02-25 21:45:00.000 +0100,W,k,Kwartierwaarden voor belastingtransformator
4 006 064,c4aaa250-a39d-4b3c-8b8d-1ea707dab759,82.00,2026-02-25 22:00:00.000 +0100,W,k,Kwartierwaarden voor belastingtransformator
4 006 064,c4aaa250-a39d-4b3c-8b8d-1ea707dab759,77.00,2026-02-25 22:15:00.000 +0100,W,k,Kwartierwaarden voor belastingtransformator
4 006 064,c4aaa250-a39d-4b3c-8b8d-1ea707dab759,73.00,2026-02-25 22:30:00.000 +0100,W,k,Kwartierwaarden voor belastingtransformator
4 006 064,c4aaa250-a39d-4b3c-8b8d-1ea707dab759,69.00,2026-02-25 22:45:00.000 +0100,W,k,Kwartierwaarden voor belastingtransformator
4 006 064,c4aaa250-a39d-4b3c-8b8d-1ea707dab759,66.00,2026-02-25 23:00:00.000 +0100,W,k,Kwartierwaarden voor belastingtransformator
4 006 064,c4aaa250-a39d-4b3c-8b8d-1ea707dab759,63.00,2026-02-25 23:15:00.000 +0100,W,k,Kwartierwaarden voor belastingtransformator
4 006 064,c4aaa250-a39d-4b3c-8b8d-1ea707dab759,61.00,2026-02-25 23:30:00.000 +0100,W,k,Kwartierwaarden voor belastingtransformator
4 006 064,c4aaa250-a39d-4b3c-8b8d-1ea707dab759,58.00,2026-02-25 23:45:00.000 +0100,W,k,Kwartierwaarden voor belastingtransformator
6 002 056,1b60664f-1131-4177-9dea-77cd77ab97d7,27.00,2026-02-23 00:00:00.000 +0100,W,k,Kwartierwaarden voor belastingtransformator
6 002 056,1b60664f-1131-4177-9dea-77cd77ab97d7,26.00,2026-02-23 00:15:00.000 +0100,W,k,Kwartierwaarden voor belastingtransformator
6 002 056,1b60664f-1131-4177-9dea-77cd77ab97d7,26.00,2026-02-23 00:30:00.000 +0100,W,k,Kwartierwaarden voor belastingtransformator
6 002 056,1b60664f-1131-4177-9dea-77cd77ab97d7,25.00,2026-02-23 00:45:00.000 +0100,W,k,Kwartierwaarden voor belastingtransformator
6 002 056,1b60664f-1131-4177-9dea-77cd77ab97d7,25.00,2026-02-23 01:00:00.000 +0100,W,k,Kwartierwaarden voor belastingtransformator
6 002 056,1b60664f-1131-4177-9dea-77cd77ab97d7,25.00,2026-02-23 01:15:00.000 +0100,W,k,Kwartierwaarden voor belastingtransformator
6 002 056,1b60664f-1131-4177-9dea-77cd77ab97d7,24.00,2026-02-23 01:30:00.000 +0100,W,k,Kwartierwaarden voor belastingtransformator
6 002 056,1b60664f-1131-4177-9dea-77cd77ab97d7,24.00,2026-02-23 01:45:00.000 +0100,W,k,Kwartierwaarden voor belastingtransformator
6 002 056,1b60664f-1131-4177-9dea-77cd77ab97d7,24.00,2026-02-23 02:00:00.000 +0100,W,k,Kwartierwaarden voor belastingtransformator
6 002 056,1b60664f-1131-4177-9dea-77cd77ab97d7,24.00,2026-02-23 02:15:00.000 +0100,W,k,Kwartierwaarden voor belastingtransformator
6 002 056,1b60664f-1131-4177-9dea-77cd77ab97d7,24.00,2026-02-23 02:30:00.000 +0100,W,k,Kwartierwaarden voor belastingtransformator
6 002 056,1b60664f-1131-4177-9dea-77cd77ab97d7,24.00,2026-02-23 02:45:00.000 +0100,W,k,Kwartierwaarden voor belastingtransformator
6 002 056,1b60664f-1131-4177-9dea-77cd77ab97d7,24.00,2026-02-23 03:00:00.000 +0100,W,k,Kwartierwaarden voor belastingtransformator
6 002 056,1b60664f-1131-4177-9dea-77cd77ab97d7,24.00,2026-02-23 03:15:00.000 +0100,W,k,Kwartierwaarden voor belastingtransformator
6 002 056,1b60664f-1131-4177-9dea-77cd77ab97d7,24.00,2026-02-23 03:30:00.000 +0100,W,k,Kwartierwaarden voor belastingtransformator
6 002 056,1b60664f-1131-4177-9dea-77cd77ab97d7,24.00,2026-02-23 03:45:00.000 +0100,W,k,Kwartierwaarden voor belastingtransformator
6 002 056,1b60664f-1131-4177-9dea-77cd77ab97d7,25.00,2026-02-23 04:00:00.000 +0100,W,k,Kwartierwaarden voor belastingtransformator
6 002 056,1b60664f-1131-4177-9dea-77cd77ab97d7,25.00,2026-02-23 04:15:00.000 +0100,W,k,Kwartierwaarden voor belastingtransformator
6 002 056,1b60664f-1131-4177-9dea-77cd77ab97d7,26.00,2026-02-23 04:30:00.000 +0100,W,k,Kwartierwaarden voor belastingtransformator
6 002 056,1b60664f-1131-4177-9dea-77cd77ab97d7,27.00,2026-02-23 04:45:00.000 +0100,W,k,Kwartierwaarden voor belastingtransformator
6 002 056,1b60664f-1131-4177-9dea-77cd77ab97d7,28.00,2026-02-23 05:00:00.000 +0100,W,k,Kwartierwaarden voor belastingtransformator
6 002 056,1b60664f-1131-4177-9dea-77cd77ab97d7,30.00,2026-02-23 05:15:00.000 +0100,W,k,Kwartierwaarden voor belastingtransformator
6 002 056,1b60664f-1131-4177-9dea-77cd77ab97d7,32.00,2026-02-23 05:30:00.000 +0100,W,k,Kwartierwaarden voor belastingtransformator
6 002 056,1b60664f-1131-4177-9dea-77cd77ab97d7,35.00,2026-02-23 05:45:00.000 +0100,W,k,Kwartierwaarden voor belastingtransformator
6 002 056,1b60664f-1131-4177-9dea-77cd77ab97d7,38.00,2026-02-23 06:00:00.000 +0100,W,k,Kwartierwaarden voor belastingtransformator
6 002 056,1b60664f-1131-4177-9dea-77cd77ab97d7,40.00,2026-02-23 06:15:00.000 +0100,W,k,Kwartierwaarden voor belastingtransformator
6 002 056,1b60664f-1131-4177-9dea-77cd77ab97d7,40.00,2026-02-23 06:30:00.000 +0100,W,k,Kwartierwaarden voor belastingtransformator
6 002 056,1b60664f-1131-4177-9dea-77cd77ab97d7,41.00,2026-02-23 06:45:00.000 +0100,W,k,Kwartierwaarden voor belastingtransformator
6 002 056,1b60664f-1131-4177-9dea-77cd77ab97d7,41.00,2026-02-23 07:00:00.000 +0100,W,k,Kwartierwaarden voor belastingtransformator
6 002 056,1b60664f-1131-4177-9dea-77cd77ab97d7,40.00,2026-02-23 07:15:00.000 +0100,W,k,Kwartierwaarden voor belastingtransformator
6 002 056,1b60664f-1131-4177-9dea-77cd77ab97d7,39.00,2026-02-23 07:30:00.000 +0100,W,k,Kwartierwaarden voor belastingtransformator
6 002 056,1b60664f-1131-4177-9dea-77cd77ab97d7,39.00,2026-02-23 07:45:00.000 +0100,W,k,Kwartierwaarden voor belastingtransformator
6 002 056,1b60664f-1131-4177-9dea-77cd77ab97d7,38.00,2026-02-23 08:00:00.000 +0100,W,k,Kwartierwaarden voor belastingtransformator
6 002 056,1b60664f-1131-4177-9dea-77cd77ab97d7,36.00,2026-02-23 08:15:00.000 +0100,W,k,Kwartierwaarden voor belastingtransformator
6 002 056,1b60664f-1131-4177-9dea-77cd77ab97d7,35.00,2026-02-23 08:30:00.000 +0100,W,k,Kwartierwaarden voor belastingtransformator
6 002 056,1b60664f-1131-4177-9dea-77cd77ab97d7,33.00,2026-02-23 08:45:00.000 +0100,W,k,Kwartierwaarden voor belastingtransformator
6 002 056,1b60664f-1131-4177-9dea-77cd77ab97d7,31.00,2026-02-23 09:00:00.000 +0100,W,k,Kwartierwaarden voor belastingtransformator
6 002 056,1b60664f-1131-4177-9dea-77cd77ab97d7,30.00,2026-02-23 09:15:00.000 +0100,W,k,Kwartierwaarden voor belastingtransformator
6 002 056,1b60664f-1131-4177-9dea-77cd77ab97d7,29.00,2026-02-23 09:30:00.000 +0100,W,k,Kwartierwaarden voor belastingtransformator
6 002 056,1b60664f-1131-4177-9dea-77cd77ab97d7,29.00,2026-02-23 09:45:00.000 +0100,W,k,Kwartierwaarden voor belastingtransformator
6 002 056,1b60664f-1131-4177-9dea-77cd77ab97d7,28.00,2026-02-23 10:00:00.000 +0100,W,k,Kwartierwaarden voor belastingtransformator
6 002 056,1b60664f-1131-4177-9dea-77cd77ab97d7,28.00,2026-02-23 10:15:00.000 +0100,W,k,Kwartierwaarden voor belastingtransformator
6 002 056,1b60664f-1131-4177-9dea-77cd77ab97d7,27.00,2026-02-23 10:30:00.000 +0100,W,k,Kwartierwaarden voor belastingtransformator
6 002 056,1b60664f-1131-4177-9dea-77cd77ab97d7,27.00,2026-02-23 10:45:00.000 +0100,W,k,Kwartierwaarden voor belastingtransformator
6 002 056,1b60664f-1131-4177-9dea-77cd77ab97d7,27.00,2026-02-23 11:00:00.000 +0100,W,k,Kwartierwaarden voor belastingtransformator
6 002 056,1b60664f-1131-4177-9dea-77cd77ab97d7,24.00,2026-02-23 11:15:00.000 +0100,W,k,Kwartierwaarden voor belastingtransformator
6 002 056,1b60664f-1131-4177-9dea-77cd77ab97d7,21.00,2026-02-23 11:30:00.000 +0100,W,k,Kwartierwaarden voor belastingtransformator
6 002 056,1b60664f-1131-4177-9dea-77cd77ab97d7,17.00,2026-02-23 11:45:00.000 +0100,W,k,Kwartierwaarden voor belastingtransformator
6 002 056,1b60664f-1131-4177-9dea-77cd77ab97d7,14.00,2026-02-23 12:00:00.000 +0100,W,k,Kwartierwaarden voor belastingtransformator
6 002 056,1b60664f-1131-4177-9dea-77cd77ab97d7,9.00,2026-02-23 12:15:00.000 +0100,W,k,Kwartierwaarden voor belastingtransformator
6 002 056,1b60664f-1131-4177-9dea-77cd77ab97d7,5.00,2026-02-23 12:30:00.000 +0100,W,k,Kwartierwaarden voor belastingtransformator
6 002 056,1b60664f-1131-4177-9dea-77cd77ab97d7,0.00,2026-02-23 12:45:00.000 +0100,W,k,Kwartierwaarden voor belastingtransformator
6 002 056,1b60664f-1131-4177-9dea-77cd77ab97d7,-4.00,2026-02-23 13:00:00.000 +0100,W,k,Kwartierwaarden voor belastingtransformator
6 002 056,1b60664f-1131-4177-9dea-77cd77ab97d7,-4.00,2026-02-23 13:15:00.000 +0100,W,k,Kwartierwaarden voor belastingtransformator
6 002 056,1b60664f-1131-4177-9dea-77cd77ab97d7,-4.00,2026-02-23 13:30:00.000 +0100,W,k,Kwartierwaarden voor belastingtransformator
6 002 056,1b60664f-1131-4177-9dea-77cd77ab97d7,-4.00,2026-02-23 13:45:00.000 +0100,W,k,Kwartierwaarden voor belastingtransformator
6 002 056,1b60664f-1131-4177-9dea-77cd77ab97d7,-3.00,2026-02-23 14:00:00.000 +0100,W,k,Kwartierwaarden voor belastingtransformator
6 002 056,1b60664f-1131-4177-9dea-77cd77ab97d7,0.00,2026-02-23 14:15:00.000 +0100,W,k,Kwartierwaarden voor belastingtransformator
6 002 056,1b60664f-1131-4177-9dea-77cd77ab97d7,4.00,2026-02-23 14:30:00.000 +0100,W,k,Kwartierwaarden voor belastingtransformator
6 002 056,1b60664f-1131-4177-9dea-77cd77ab97d7,9.00,2026-02-23 14:45:00.000 +0100,W,k,Kwartierwaarden voor belastingtransformator
6 002 056,1b60664f-1131-4177-9dea-77cd77ab97d7,14.00,2026-02-23 15:00:00.000 +0100,W,k,Kwartierwaarden voor belastingtransformator
6 002 056,1b60664f-1131-4177-9dea-77cd77ab97d7,16.00,2026-02-23 15:15:00.000 +0100,W,k,Kwartierwaarden voor belastingtransformator
6 002 056,1b60664f-1131-4177-9dea-77cd77ab97d7,19.00,2026-02-23 15:30:00.000 +0100,W,k,Kwartierwaarden voor belastingtransformator
6 002 056,1b60664f-1131-4177-9dea-77cd77ab97d7,23.00,2026-02-23 15:45:00.000 +0100,W,k,Kwartierwaarden voor belastingtransformator
6 002 056,1b60664f-1131-4177-9dea-77cd77ab97d7,28.00,2026-02-23 16:00:00.000 +0100,W,k,Kwartierwaarden voor belastingtransformator
6 002 056,1b60664f-1131-4177-9dea-77cd77ab97d7,40.00,2026-02-23 16:15:00.000 +0100,W,k,Kwartierwaarden voor belastingtransformator
6 002 056,1b60664f-1131-4177-9dea-77cd77ab97d7,52.00,2026-02-23 16:30:00.000 +0100,W,k,Kwartierwaarden voor belastingtransformator
6 002 056,1b60664f-1131-4177-9dea-77cd77ab97d7,61.00,2026-02-23 16:45:00.000 +0100,W,k,Kwartierwaarden voor belastingtransformator
6 002 056,1b60664f-1131-4177-9dea-77cd77ab97d7,68.00,2026-02-23 17:00:00.000 +0100,W,k,Kwartierwaarden voor belastingtransformator
6 002 056,1b60664f-1131-4177-9dea-77cd77ab97d7,68.00,2026-02-23 17:15:00.000 +0100,W,k,Kwartierwaarden voor belastingtransformator
6 002 056,1b60664f-1131-4177-9dea-77cd77ab97d7,70.00,2026-02-23 17:30:00.000 +0100,W,k,Kwartierwaarden voor belastingtransformator
6 002 056,1b60664f-1131-4177-9dea-77cd77ab97d7,69.00,2026-02-23 17:45:00.000 +0100,W,k,Kwartierwaarden voor belastingtransformator
6 002 056,1b60664f-1131-4177-9dea-77cd77ab97d7,68.00,2026-02-23 18:00:00.000 +0100,W,k,Kwartierwaarden voor belastingtransformator
6 002 056,1b60664f-1131-4177-9dea-77cd77ab97d7,66.00,2026-02-23 18:15:00.000 +0100,W,k,Kwartierwaarden voor belastingtransformator
6 002 056,1b60664f-1131-4177-9dea-77cd77ab97d7,64.00,2026-02-23 18:30:00.000 +0100,W,k,Kwartierwaarden voor belastingtransformator
6 002 056,1b60664f-1131-4177-9dea-77cd77ab97d7,63.00,2026-02-23 18:45:00.000 +0100,W,k,Kwartierwaarden voor belastingtransformator
6 002 056,1b60664f-1131-4177-9dea-77cd77ab97d7,61.00,2026-02-23 19:00:00.000 +0100,W,k,Kwartierwaarden voor belastingtransformator
6 002 056,1b60664f-1131-4177-9dea-77cd77ab97d7,60.00,2026-02-23 19:15:00.000 +0100,W,k,Kwartierwaarden voor belastingtransformator
6 002 056,1b60664f-1131-4177-9dea-77cd77ab97d7,58.00,2026-02-23 19:30:00.000 +0100,W,k,Kwartierwaarden voor belastingtransformator
6 002 056,1b60664f-1131-4177-9dea-77cd77ab97d7,56.00,2026-02-23 19:45:00.000 +0100,W,k,Kwartierwaarden voor belastingtransformator
6 002 056,1b60664f-1131-4177-9dea-77cd77ab97d7,54.00,2026-02-23 20:00:00.000 +0100,W,k,Kwartierwaarden voor belastingtransformator
6 002 056,1b60664f-1131-4177-9dea-77cd77ab97d7,52.00,2026-02-23 20:15:00.000 +0100,W,k,Kwartierwaarden voor belastingtransformator
6 002 056,1b60664f-1131-4177-9dea-77cd77ab97d7,51.00,2026-02-23 20:30:00.000 +0100,W,k,Kwartierwaarden voor belastingtransformator
6 002 056,1b60664f-1131-4177-9dea-77cd77ab97d7,49.00,2026-02-23 20:45:00.000 +0100,W,k,Kwartierwaarden voor belastingtransformator
6 002 056,1b60664f-1131-4177-9dea-77cd77ab97d7,47.00,2026-02-23 21:00:00.000 +0100,W,k,Kwartierwaarden voor belastingtransformator
6 002 056,1b60664f-1131-4177-9dea-77cd77ab97d7,45.00,2026-02-23 21:15:00.000 +0100,W,k,Kwartierwaarden voor belastingtransformator
6 002 056,1b60664f-1131-4177-9dea-77cd77ab97d7,43.00,2026-02-23 21:30:00.000 +0100,W,k,Kwartierwaarden voor belastingtransformator
6 002 056,1b60664f-1131-4177-9dea-77cd77ab97d7,40.00,2026-02-23 21:45:00.000 +0100,W,k,Kwartierwaarden voor belastingtransformator
6 002 056,1b60664f-1131-4177-9dea-77cd77ab97d7,38.00,2026-02-23 22:00:00.000 +0100,W,k,Kwartierwaarden voor belastingtransformator
6 002 056,1b60664f-1131-4177-9dea-77cd77ab97d7,36.00,2026-02-23 22:15:00.000 +0100,W,k,Kwartierwaarden voor belastingtransformator
6 002 056,1b60664f-1131-4177-9dea-77cd77ab97d7,34.00,2026-02-23 22:30:00.000 +0100,W,k,Kwartierwaarden voor belastingtransformator
6 002 056,1b60664f-1131-4177-9dea-77cd77ab97d7,33.00,2026-02-23 22:45:00.000 +0100,W,k,Kwartierwaarden voor belastingtransformator
6 002 056,1b60664f-1131-4177-9dea-77cd77ab97d7,31.00,2026-02-23 23:00:00.000 +0100,W,k,Kwartierwaarden voor belastingtransformator
6 002 056,1b60664f-1131-4177-9dea-77cd77ab97d7,30.00,2026-02-23 23:15:00.000 +0100,W,k,Kwartierwaarden voor belastingtransformator
6 002 056,1b60664f-1131-4177-9dea-77cd77ab97d7,29.00,2026-02-23 23:30:00.000 +0100,W,k,Kwartierwaarden voor belastingtransformator
6 002 056,1b60664f-1131-4177-9dea-77cd77ab97d7,28.00,2026-02-23 23:45:00.000 +0100,W,k,Kwartierwaarden voor belastingtransformator
6 002 056,1b60664f-1131-4177-9dea-77cd77ab97d7,28.00,2026-02-24 00:00:00.000 +0100,W,k,Kwartierwaarden voor belastingtransformator
6 002 056,1b60664f-1131-4177-9dea-77cd77ab97d7,27.00,2026-02-24 00:15:00.000 +0100,W,k,Kwartierwaarden voor belastingtransformator
6 002 056,1b60664f-1131-4177-9dea-77cd77ab97d7,27.00,2026-02-24 00:30:00.000 +0100,W,k,Kwartierwaarden voor belastingtransformator
6 002 056,1b60664f-1131-4177-9dea-77cd77ab97d7,26.00,2026-02-24 00:45:00.000 +0100,W,k,Kwartierwaarden voor belastingtransformator
6 002 056,1b60664f-1131-4177-9dea-77cd77ab97d7,26.00,2026-02-24 01:00:00.000 +0100,W,k,Kwartierwaarden voor belastingtransformator
6 002 056,1b60664f-1131-4177-9dea-77cd77ab97d7,25.00,2026-02-24 01:15:00.000 +0100,W,k,Kwartierwaarden voor belastingtransformator
6 002 056,1b60664f-1131-4177-9dea-77cd77ab97d7,25.00,2026-02-24 01:30:00.000 +0100,W,k,Kwartierwaarden voor belastingtransformator
6 002 056,1b60664f-1131-4177-9dea-77cd77ab97d7,25.00,2026-02-24 01:45:00.000 +0100,W,k,Kwartierwaarden voor belastingtransformator
6 002 056,1b60664f-1131-4177-9dea-77cd77ab97d7,25.00,2026-02-24 02:00:00.000 +0100,W,k,Kwartierwaarden voor belastingtransformator
6 002 056,1b60664f-1131-4177-9dea-77cd77ab97d7,25.00,2026-02-24 02:15:00.000 +0100,W,k,Kwartierwaarden voor belastingtransformator
6 002 056,1b60664f-1131-4177-9dea-77cd77ab97d7,25.00,2026-02-24 02:30:00.000 +0100,W,k,Kwartierwaarden voor belastingtransformator
6 002 056,1b60664f-1131-4177-9dea-77cd77ab97d7,24.00,2026-02-24 02:45:00.000 +0100,W,k,Kwartierwaarden voor belastingtransformator
6 002 056,1b60664f-1131-4177-9dea-77cd77ab97d7,24.00,2026-02-24 03:00:00.000 +0100,W,k,Kwartierwaarden voor belastingtransformator
6 002 056,1b60664f-1131-4177-9dea-77cd77ab97d7,24.00,2026-02-24 03:15:00.000 +0100,W,k,Kwartierwaarden voor belastingtransformator
6 002 056,1b60664f-1131-4177-9dea-77cd77ab97d7,25.00,2026-02-24 03:30:00.000 +0100,W,k,Kwartierwaarden voor belastingtransformator
6 002 056,1b60664f-1131-4177-9dea-77cd77ab97d7,25.00,2026-02-24 03:45:00.000 +0100,W,k,Kwartierwaarden voor belastingtransformator
6 002 056,1b60664f-1131-4177-9dea-77cd77ab97d7,25.00,2026-02-24 04:00:00.000 +0100,W,k,Kwartierwaarden voor belastingtransformator
6 002 056,1b60664f-1131-4177-9dea-77cd77ab97d7,26.00,2026-02-24 04:15:00.000 +0100,W,k,Kwartierwaarden voor belastingtransformator
6 002 056,1b60664f-1131-4177-9dea-77cd77ab97d7,26.00,2026-02-24 04:30:00.000 +0100,W,k,Kwartierwaarden voor belastingtransformator
6 002 056,1b60664f-1131-4177-9dea-77cd77ab97d7,27.00,2026-02-24 04:45:00.000 +0100,W,k,Kwartierwaarden voor belastingtransformator
6 002 056,1b60664f-1131-4177-9dea-77cd77ab97d7,29.00,2026-02-24 05:00:00.000 +0100,W,k,Kwartierwaarden voor belastingtransformator
6 002 056,1b60664f-1131-4177-9dea-77cd77ab97d7,31.00,2026-02-24 05:15:00.000 +0100,W,k,Kwartierwaarden voor belastingtransformator
6 002 056,1b60664f-1131-4177-9dea-77cd77ab97d7,33.00,2026-02-24 05:30:00.000 +0100,W,k,Kwartierwaarden voor belastingtransformator
6 002 056,1b60664f-1131-4177-9dea-77cd77ab97d7,36.00,2026-02-24 05:45:00.000 +0100,W,k,Kwartierwaarden voor belastingtransformator
6 002 056,1b60664f-1131-4177-9dea-77cd77ab97d7,39.00,2026-02-24 06:00:00.000 +0100,W,k,Kwartierwaarden voor belastingtransformator
6 002 056,1b60664f-1131-4177-9dea-77cd77ab97d7,40.00,2026-02-24 06:15:00.000 +0100,W,k,Kwartierwaarden voor belastingtransformator
6 002 056,1b60664f-1131-4177-9dea-77cd77ab97d7,41.00,2026-02-24 06:30:00.000 +0100,W,k,Kwartierwaarden voor belastingtransformator
6 002 056,1b60664f-1131-4177-9dea-77cd77ab97d7,41.00,2026-02-24 06:45:00.000 +0100,W,k,Kwartierwaarden voor belastingtransformator
6 002 056,1b60664f-1131-4177-9dea-77cd77ab97d7,40.00,2026-02-24 07:00:00.000 +0100,W,k,Kwartierwaarden voor belastingtransformator
6 002 056,1b60664f-1131-4177-9dea-77cd77ab97d7,37.00,2026-02-24 07:15:00.000 +0100,W,k,Kwartierwaarden voor belastingtransformator
6 002 056,1b60664f-1131-4177-9dea-77cd77ab97d7,36.00,2026-02-24 07:30:00.000 +0100,W,k,Kwartierwaarden voor belastingtransformator
6 002 056,1b60664f-1131-4177-9dea-77cd77ab97d7,35.00,2026-02-24 07:45:00.000 +0100,W,k,Kwartierwaarden voor belastingtransformator
6 002 056,1b60664f-1131-4177-9dea-77cd77ab97d7,33.00,2026-02-24 08:00:00.000 +0100,W,k,Kwartierwaarden voor belastingtransformator
6 002 056,1b60664f-1131-4177-9dea-77cd77ab97d7,31.00,2026-02-24 08:15:00.000 +0100,W,k,Kwartierwaarden voor belastingtransformator
6 002 056,1b60664f-1131-4177-9dea-77cd77ab97d7,30.00,2026-02-24 08:30:00.000 +0100,W,k,Kwartierwaarden voor belastingtransformator
6 002 056,1b60664f-1131-4177-9dea-77cd77ab97d7,28.00,2026-02-24 08:45:00.000 +0100,W,k,Kwartierwaarden voor belastingtransformator
6 002 056,1b60664f-1131-4177-9dea-77cd77ab97d7,26.00,2026-02-24 09:00:00.000 +0100,W,k,Kwartierwaarden voor belastingtransformator
6 002 056,1b60664f-1131-4177-9dea-77cd77ab97d7,26.00,2026-02-24 09:15:00.000 +0100,W,k,Kwartierwaarden voor belastingtransformator
6 002 056,1b60664f-1131-4177-9dea-77cd77ab97d7,25.00,2026-02-24 09:30:00.000 +0100,W,k,Kwartierwaarden voor belastingtransformator
6 002 056,1b60664f-1131-4177-9dea-77cd77ab97d7,25.00,2026-02-24 09:45:00.000 +0100,W,k,Kwartierwaarden voor belastingtransformator
6 002 056,1b60664f-1131-4177-9dea-77cd77ab97d7,24.00,2026-02-24 10:00:00.000 +0100,W,k,Kwartierwaarden voor belastingtransformator
6 002 056,1b60664f-1131-4177-9dea-77cd77ab97d7,24.00,2026-02-24 10:15:00.000 +0100,W,k,Kwartierwaarden voor belastingtransformator
6 002 056,1b60664f-1131-4177-9dea-77cd77ab97d7,24.00,2026-02-24 10:30:00.000 +0100,W,k,Kwartierwaarden voor belastingtransformator
6 002 056,1b60664f-1131-4177-9dea-77cd77ab97d7,24.00,2026-02-24 10:45:00.000 +0100,W,k,Kwartierwaarden voor belastingtransformator
6 002 056,1b60664f-1131-4177-9dea-77cd77ab97d7,23.00,2026-02-24 11:00:00.000 +0100,W,k,Kwartierwaarden voor belastingtransformator
6 002 056,1b60664f-1131-4177-9dea-77cd77ab97d7,24.00,2026-02-24 11:15:00.000 +0100,W,k,Kwartierwaarden voor belastingtransformator
6 002 056,1b60664f-1131-4177-9dea-77cd77ab97d7,24.00,2026-02-24 11:30:00.000 +0100,W,k,Kwartierwaarden voor belastingtransformator
6 002 056,1b60664f-1131-4177-9dea-77cd77ab97d7,25.00,2026-02-24 11:45:00.000 +0100,W,k,Kwartierwaarden voor belastingtransformator
6 002 056,1b60664f-1131-4177-9dea-77cd77ab97d7,25.00,2026-02-24 12:00:00.000 +0100,W,k,Kwartierwaarden voor belastingtransformator
6 002 056,1b60664f-1131-4177-9dea-77cd77ab97d7,25.00,2026-02-24 12:15:00.000 +0100,W,k,Kwartierwaarden voor belastingtransformator
6 002 056,1b60664f-1131-4177-9dea-77cd77ab97d7,25.00,2026-02-24 12:30:00.000 +0100,W,k,Kwartierwaarden voor belastingtransformator
6 002 056,1b60664f-1131-4177-9dea-77cd77ab97d7,25.00,2026-02-24 12:45:00.000 +0100,W,k,Kwartierwaarden voor belastingtransformator
6 002 056,1b60664f-1131-4177-9dea-77cd77ab97d7,25.00,2026-02-24 13:00:00.000 +0100,W,k,Kwartierwaarden voor belastingtransformator
6 002 056,1b60664f-1131-4177-9dea-77cd77ab97d7,26.00,2026-02-24 13:15:00.000 +0100,W,k,Kwartierwaarden voor belastingtransformator
6 002 056,1b60664f-1131-4177-9dea-77cd77ab97d7,27.00,2026-02-24 13:30:00.000 +0100,W,k,Kwartierwaarden voor belastingtransformator
6 002 056,1b60664f-1131-4177-9dea-77cd77ab97d7,28.00,2026-02-24 13:45:00.000 +0100,W,k,Kwartierwaarden voor belastingtransformator
6 002 056,1b60664f-1131-4177-9dea-77cd77ab97d7,28.00,2026-02-24 14:00:00.000 +0100,W,k,Kwartierwaarden voor belastingtransformator
6 002 056,1b60664f-1131-4177-9dea-77cd77ab97d7,28.00,2026-02-24 14:15:00.000 +0100,W,k,Kwartierwaarden voor belastingtransformator
6 002 056,1b60664f-1131-4177-9dea-77cd77ab97d7,28.00,2026-02-24 14:30:00.000 +0100,W,k,Kwartierwaarden voor belastingtransformator
6 002 056,1b60664f-1131-4177-9dea-77cd77ab97d7,29.00,2026-02-24 14:45:00.000 +0100,W,k,Kwartierwaarden voor belastingtransformator
6 002 056,1b60664f-1131-4177-9dea-77cd77ab97d7,30.00,2026-02-24 15:00:00.000 +0100,W,k,Kwartierwaarden voor belastingtransformator
6 002 056,1b60664f-1131-4177-9dea-77cd77ab97d7,32.00,2026-02-24 15:15:00.000 +0100,W,k,Kwartierwaarden voor belastingtransformator
6 002 056,1b60664f-1131-4177-9dea-77cd77ab97d7,34.00,2026-02-24 15:30:00.000 +0100,W,k,Kwartierwaarden voor belastingtransformator
6 002 056,1b60664f-1131-4177-9dea-77cd77ab97d7,39.00,2026-02-24 15:45:00.000 +0100,W,k,Kwartierwaarden voor belastingtransformator
6 002 056,1b60664f-1131-4177-9dea-77cd77ab97d7,45.00,2026-02-24 16:00:00.000 +0100,W,k,Kwartierwaarden voor belastingtransformator
6 002 056,1b60664f-1131-4177-9dea-77cd77ab97d7,52.00,2026-02-24 16:15:00.000 +0100,W,k,Kwartierwaarden voor belastingtransformator
6 002 056,1b60664f-1131-4177-9dea-77cd77ab97d7,59.00,2026-02-24 16:30:00.000 +0100,W,k,Kwartierwaarden voor belastingtransformator
6 002 056,1b60664f-1131-4177-9dea-77cd77ab97d7,64.00,2026-02-24 16:45:00.000 +0100,W,k,Kwartierwaarden voor belastingtransformator
6 002 056,1b60664f-1131-4177-9dea-77cd77ab97d7,65.00,2026-02-24 17:00:00.000 +0100,W,k,Kwartierwaarden voor belastingtransformator
6 002 056,1b60664f-1131-4177-9dea-77cd77ab97d7,66.00,2026-02-24 17:15:00.000 +0100,W,k,Kwartierwaarden voor belastingtransformator
6 002 056,1b60664f-1131-4177-9dea-77cd77ab97d7,67.00,2026-02-24 17:30:00.000 +0100,W,k,Kwartierwaarden voor belastingtransformator
6 002 056,1b60664f-1131-4177-9dea-77cd77ab97d7,67.00,2026-02-24 17:45:00.000 +0100,W,k,Kwartierwaarden voor belastingtransformator
6 002 056,1b60664f-1131-4177-9dea-77cd77ab97d7,66.00,2026-02-24 18:00:00.000 +0100,W,k,Kwartierwaarden voor belastingtransformator
6 002 056,1b60664f-1131-4177-9dea-77cd77ab97d7,64.00,2026-02-24 18:15:00.000 +0100,W,k,Kwartierwaarden voor belastingtransformator
6 002 056,1b60664f-1131-4177-9dea-77cd77ab97d7,62.00,2026-02-24 18:30:00.000 +0100,W,k,Kwartierwaarden voor belastingtransformator
6 002 056,1b60664f-1131-4177-9dea-77cd77ab97d7,61.00,2026-02-24 18:45:00.000 +0100,W,k,Kwartierwaarden voor belastingtransformator
6 002 056,1b60664f-1131-4177-9dea-77cd77ab97d7,59.00,2026-02-24 19:00:00.000 +0100,W,k,Kwartierwaarden voor belastingtransformator
6 002 056,1b60664f-1131-4177-9dea-77cd77ab97d7,58.00,2026-02-24 19:15:00.000 +0100,W,k,Kwartierwaarden voor belastingtransformator
6 002 056,1b60664f-1131-4177-9dea-77cd77ab97d7,56.00,2026-02-24 19:30:00.000 +0100,W,k,Kwartierwaarden voor belastingtransformator
6 002 056,1b60664f-1131-4177-9dea-77cd77ab97d7,55.00,2026-02-24 19:45:00.000 +0100,W,k,Kwartierwaarden voor belastingtransformator
6 002 056,1b60664f-1131-4177-9dea-77cd77ab97d7,53.00,2026-02-24 20:00:00.000 +0100,W,k,Kwartierwaarden voor belastingtransformator
6 002 056,1b60664f-1131-4177-9dea-77cd77ab97d7,51.00,2026-02-24 20:15:00.000 +0100,W,k,Kwartierwaarden voor belastingtransformator
6 002 056,1b60664f-1131-4177-9dea-77cd77ab97d7,50.00,2026-02-24 20:30:00.000 +0100,W,k,Kwartierwaarden voor belastingtransformator
6 002 056,1b60664f-1131-4177-9dea-77cd77ab97d7,48.00,2026-02-24 20:45:00.000 +0100,W,k,Kwartierwaarden voor belastingtransformator
6 002 056,1b60664f-1131-4177-9dea-77cd77ab97d7,46.00,2026-02-24 21:00:00.000 +0100,W,k,Kwartierwaarden voor belastingtransformator
6 002 056,1b60664f-1131-4177-9dea-77cd77ab97d7,44.00,2026-02-24 21:15:00.000 +0100,W,k,Kwartierwaarden voor belastingtransformator
6 002 056,1b60664f-1131-4177-9dea-77cd77ab97d7,42.00,2026-02-24 21:30:00.000 +0100,W,k,Kwartierwaarden voor belastingtransformator
6 002 056,1b60664f-1131-4177-9dea-77cd77ab97d7,40.00,2026-02-24 21:45:00.000 +0100,W,k,Kwartierwaarden voor belastingtransformator
6 002 056,1b60664f-1131-4177-9dea-77cd77ab97d7,38.00,2026-02-24 22:00:00.000 +0100,W,k,Kwartierwaarden voor belastingtransformator
6 002 056,1b60664f-1131-4177-9dea-77cd77ab97d7,36.00,2026-02-24 22:15:00.000 +0100,W,k,Kwartierwaarden voor belastingtransformator
6 002 056,1b60664f-1131-4177-9dea-77cd77ab97d7,34.00,2026-02-24 22:30:00.000 +0100,W,k,Kwartierwaarden voor belastingtransformator
6 002 056,1b60664f-1131-4177-9dea-77cd77ab97d7,33.00,2026-02-24 22:45:00.000 +0100,W,k,Kwartierwaarden voor belastingtransformator
6 002 056,1b60664f-1131-4177-9dea-77cd77ab97d7,31.00,2026-02-24 23:00:00.000 +0100,W,k,Kwartierwaarden voor belastingtransformator
6 002 056,1b60664f-1131-4177-9dea-77cd77ab97d7,30.00,2026-02-24 23:15:00.000 +0100,W,k,Kwartierwaarden voor belastingtransformator
6 002 056,1b60664f-1131-4177-9dea-77cd77ab97d7,29.00,2026-02-24 23:30:00.000 +0100,W,k,Kwartierwaarden voor belastingtransformator
6 002 056,1b60664f-1131-4177-9dea-77cd77ab97d7,28.00,2026-02-24 23:45:00.000 +0100,W,k,Kwartierwaarden voor belastingtransformator
6 002 056,1b60664f-1131-4177-9dea-77cd77ab97d7,28.00,2026-02-25 00:00:00.000 +0100,W,k,Kwartierwaarden voor belastingtransformator
6 002 056,1b60664f-1131-4177-9dea-77cd77ab97d7,27.00,2026-02-25 00:15:00.000 +0100,W,k,Kwartierwaarden voor belastingtransformator
6 002 056,1b60664f-1131-4177-9dea-77cd77ab97d7,26.00,2026-02-25 00:30:00.000 +0100,W,k,Kwartierwaarden voor belastingtransformator
6 002 056,1b60664f-1131-4177-9dea-77cd77ab97d7,26.00,2026-02-25 00:45:00.000 +0100,W,k,Kwartierwaarden voor belastingtransformator
6 002 056,1b60664f-1131-4177-9dea-77cd77ab97d7,26.00,2026-02-25 01:00:00.000 +0100,W,k,Kwartierwaarden voor belastingtransformator
6 002 056,1b60664f-1131-4177-9dea-77cd77ab97d7,25.00,2026-02-25 01:15:00.000 +0100,W,k,Kwartierwaarden voor belastingtransformator
6 002 056,1b60664f-1131-4177-9dea-77cd77ab97d7,25.00,2026-02-25 01:30:00.000 +0100,W,k,Kwartierwaarden voor belastingtransformator
6 002 056,1b60664f-1131-4177-9dea-77cd77ab97d7,25.00,2026-02-25 01:45:00.000 +0100,W,k,Kwartierwaarden voor belastingtransformator
6 002 056,1b60664f-1131-4177-9dea-77cd77ab97d7,24.00,2026-02-25 02:00:00.000 +0100,W,k,Kwartierwaarden voor belastingtransformator
6 002 056,1b60664f-1131-4177-9dea-77cd77ab97d7,24.00,2026-02-25 02:15:00.000 +0100,W,k,Kwartierwaarden voor belastingtransformator
6 002 056,1b60664f-1131-4177-9dea-77cd77ab97d7,24.00,2026-02-25 02:30:00.000 +0100,W,k,Kwartierwaarden voor belastingtransformator
6 002 056,1b60664f-1131-4177-9dea-77cd77ab97d7,24.00,2026-02-25 02:45:00.000 +0100,W,k,Kwartierwaarden voor belastingtransformator
6 002 056,1b60664f-1131-4177-9dea-77cd77ab97d7,24.00,2026-02-25 03:00:00.000 +0100,W,k,Kwartierwaarden voor belastingtransformator
6 002 056,1b60664f-1131-4177-9dea-77cd77ab97d7,24.00,2026-02-25 03:15:00.000 +0100,W,k,Kwartierwaarden voor belastingtransformator
6 002 056,1b60664f-1131-4177-9dea-77cd77ab97d7,24.00,2026-02-25 03:30:00.000 +0100,W,k,Kwartierwaarden voor belastingtransformator
6 002 056,1b60664f-1131-4177-9dea-77cd77ab97d7,24.00,2026-02-25 03:45:00.000 +0100,W,k,Kwartierwaarden voor belastingtransformator
6 002 056,1b60664f-1131-4177-9dea-77cd77ab97d7,25.00,2026-02-25 04:00:00.000 +0100,W,k,Kwartierwaarden voor belastingtransformator
6 002 056,1b60664f-1131-4177-9dea-77cd77ab97d7,25.00,2026-02-25 04:15:00.000 +0100,W,k,Kwartierwaarden voor belastingtransformator
6 002 056,1b60664f-1131-4177-9dea-77cd77ab97d7,26.00,2026-02-25 04:30:00.000 +0100,W,k,Kwartierwaarden voor belastingtransformator
6 002 056,1b60664f-1131-4177-9dea-77cd77ab97d7,27.00,2026-02-25 04:45:00.000 +0100,W,k,Kwartierwaarden voor belastingtransformator
6 002 056,1b60664f-1131-4177-9dea-77cd77ab97d7,28.00,2026-02-25 05:00:00.000 +0100,W,k,Kwartierwaarden voor belastingtransformator
6 002 056,1b60664f-1131-4177-9dea-77cd77ab97d7,30.00,2026-02-25 05:15:00.000 +0100,W,k,Kwartierwaarden voor belastingtransformator
6 002 056,1b60664f-1131-4177-9dea-77cd77ab97d7,32.00,2026-02-25 05:30:00.000 +0100,W,k,Kwartierwaarden voor belastingtransformator
6 002 056,1b60664f-1131-4177-9dea-77cd77ab97d7,35.00,2026-02-25 05:45:00.000 +0100,W,k,Kwartierwaarden voor belastingtransformator
6 002 056,1b60664f-1131-4177-9dea-77cd77ab97d7,38.00,2026-02-25 06:00:00.000 +0100,W,k,Kwartierwaarden voor belastingtransformator
6 002 056,1b60664f-1131-4177-9dea-77cd77ab97d7,39.00,2026-02-25 06:15:00.000 +0100,W,k,Kwartierwaarden voor belastingtransformator
6 002 056,1b60664f-1131-4177-9dea-77cd77ab97d7,40.00,2026-02-25 06:30:00.000 +0100,W,k,Kwartierwaarden voor belastingtransformator
6 002 056,1b60664f-1131-4177-9dea-77cd77ab97d7,41.00,2026-02-25 06:45:00.000 +0100,W,k,Kwartierwaarden voor belastingtransformator
6 002 056,1b60664f-1131-4177-9dea-77cd77ab97d7,41.00,2026-02-25 07:00:00.000 +0100,W,k,Kwartierwaarden voor belastingtransformator
6 002 056,1b60664f-1131-4177-9dea-77cd77ab97d7,37.00,2026-02-25 07:15:00.000 +0100,W,k,Kwartierwaarden voor belastingtransformator
6 002 056,1b60664f-1131-4177-9dea-77cd77ab97d7,33.00,2026-02-25 07:30:00.000 +0100,W,k,Kwartierwaarden voor belastingtransformator
6 002 056,1b60664f-1131-4177-9dea-77cd77ab97d7,30.00,2026-02-25 07:45:00.000 +0100,W,k,Kwartierwaarden voor belastingtransformator
6 002 056,1b60664f-1131-4177-9dea-77cd77ab97d7,26.00,2026-02-25 08:00:00.000 +0100,W,k,Kwartierwaarden voor belastingtransformator
6 002 056,1b60664f-1131-4177-9dea-77cd77ab97d7,19.00,2026-02-25 08:15:00.000 +0100,W,k,Kwartierwaarden voor belastingtransformator
6 002 056,1b60664f-1131-4177-9dea-77cd77ab97d7,12.00,2026-02-25 08:30:00.000 +0100,W,k,Kwartierwaarden voor belastingtransformator
6 002 056,1b60664f-1131-4177-9dea-77cd77ab97d7,4.00,2026-02-25 08:45:00.000 +0100,W,k,Kwartierwaarden voor belastingtransformator
6 002 056,1b60664f-1131-4177-9dea-77cd77ab97d7,-3.00,2026-02-25 09:00:00.000 +0100,W,k,Kwartierwaarden voor belastingtransformator
6 002 056,1b60664f-1131-4177-9dea-77cd77ab97d7,-10.00,2026-02-25 09:15:00.000 +0100,W,k,Kwartierwaarden voor belastingtransformator
6 002 056,1b60664f-1131-4177-9dea-77cd77ab97d7,-17.00,2026-02-25 09:30:00.000 +0100,W,k,Kwartierwaarden voor belastingtransformator
6 002 056,1b60664f-1131-4177-9dea-77cd77ab97d7,-24.00,2026-02-25 09:45:00.000 +0100,W,k,Kwartierwaarden voor belastingtransformator
6 002 056,1b60664f-1131-4177-9dea-77cd77ab97d7,-30.00,2026-02-25 10:00:00.000 +0100,W,k,Kwartierwaarden voor belastingtransformator
6 002 056,1b60664f-1131-4177-9dea-77cd77ab97d7,-36.00,2026-02-25 10:15:00.000 +0100,W,k,Kwartierwaarden voor belastingtransformator
6 002 056,1b60664f-1131-4177-9dea-77cd77ab97d7,-41.00,2026-02-25 10:30:00.000 +0100,W,k,Kwartierwaarden voor belastingtransformator
6 002 056,1b60664f-1131-4177-9dea-77cd77ab97d7,-45.00,2026-02-25 10:45:00.000 +0100,W,k,Kwartierwaarden voor belastingtransformator
6 002 056,1b60664f-1131-4177-9dea-77cd77ab97d7,-49.00,2026-02-25 11:00:00.000 +0100,W,k,Kwartierwaarden voor belastingtransformator
6 002 056,1b60664f-1131-4177-9dea-77cd77ab97d7,-51.00,2026-02-25 11:15:00.000 +0100,W,k,Kwartierwaarden voor belastingtransformator
6 002 056,1b60664f-1131-4177-9dea-77cd77ab97d7,-52.00,2026-02-25 11:30:00.000 +0100,W,k,Kwartierwaarden voor belastingtransformator
6 002 056,1b60664f-1131-4177-9dea-77cd77ab97d7,-53.00,2026-02-25 11:45:00.000 +0100,W,k,Kwartierwaarden voor belastingtransformator
6 002 056,1b60664f-1131-4177-9dea-77cd77ab97d7,-55.00,2026-02-25 12:00:00.000 +0100,W,k,Kwartierwaarden voor belastingtransformator
6 002 056,1b60664f-1131-4177-9dea-77cd77ab97d7,-54.00,2026-02-25 12:15:00.000 +0100,W,k,Kwartierwaarden voor belastingtransformator
6 002 056,1b60664f-1131-4177-9dea-77cd77ab97d7,-54.00,2026-02-25 12:30:00.000 +0100,W,k,Kwartierwaarden voor belastingtransformator
6 002 056,1b60664f-1131-4177-9dea-77cd77ab97d7,-53.00,2026-02-25 12:45:00.000 +0100,W,k,Kwartierwaarden voor belastingtransformator
6 002 056,1b60664f-1131-4177-9dea-77cd77ab97d7,-52.00,2026-02-25 13:00:00.000 +0100,W,k,Kwartierwaarden voor belastingtransformator
6 002 056,1b60664f-1131-4177-9dea-77cd77ab97d7,-49.00,2026-02-25 13:15:00.000 +0100,W,k,Kwartierwaarden voor belastingtransformator
6 002 056,1b60664f-1131-4177-9dea-77cd77ab97d7,-46.00,2026-02-25 13:30:00.000 +0100,W,k,Kwartierwaarden voor belastingtransformator
6 002 056,1b60664f-1131-4177-9dea-77cd77ab97d7,-43.00,2026-02-25 13:45:00.000 +0100,W,k,Kwartierwaarden voor belastingtransformator
6 002 056,1b60664f-1131-4177-9dea-77cd77ab97d7,-40.00,2026-02-25 14:00:00.000 +0100,W,k,Kwartierwaarden voor belastingtransformator
6 002 056,1b60664f-1131-4177-9dea-77cd77ab97d7,-36.00,2026-02-25 14:15:00.000 +0100,W,k,Kwartierwaarden voor belastingtransformator
6 002 056,1b60664f-1131-4177-9dea-77cd77ab97d7,-30.00,2026-02-25 14:30:00.000 +0100,W,k,Kwartierwaarden voor belastingtransformator
6 002 056,1b60664f-1131-4177-9dea-77cd77ab97d7,-25.00,2026-02-25 14:45:00.000 +0100,W,k,Kwartierwaarden voor belastingtransformator
6 002 056,1b60664f-1131-4177-9dea-77cd77ab97d7,-18.00,2026-02-25 15:00:00.000 +0100,W,k,Kwartierwaarden voor belastingtransformator
6 002 056,1b60664f-1131-4177-9dea-77cd77ab97d7,-11.00,2026-02-25 15:15:00.000 +0100,W,k,Kwartierwaarden voor belastingtransformator
6 002 056,1b60664f-1131-4177-9dea-77cd77ab97d7,-3.00,2026-02-25 15:30:00.000 +0100,W,k,Kwartierwaarden voor belastingtransformator
6 002 056,1b60664f-1131-4177-9dea-77cd77ab97d7,5.00,2026-02-25 15:45:00.000 +0100,W,k,Kwartierwaarden voor belastingtransformator
6 002 056,1b60664f-1131-4177-9dea-77cd77ab97d7,16.00,2026-02-25 16:00:00.000 +0100,W,k,Kwartierwaarden voor belastingtransformator
6 002 056,1b60664f-1131-4177-9dea-77cd77ab97d7,30.00,2026-02-25 16:15:00.000 +0100,W,k,Kwartierwaarden voor belastingtransformator
6 002 056,1b60664f-1131-4177-9dea-77cd77ab97d7,44.00,2026-02-25 16:30:00.000 +0100,W,k,Kwartierwaarden voor belastingtransformator
6 002 056,1b60664f-1131-4177-9dea-77cd77ab97d7,55.00,2026-02-25 16:45:00.000 +0100,W,k,Kwartierwaarden voor belastingtransformator
6 002 056,1b60664f-1131-4177-9dea-77cd77ab97d7,63.00,2026-02-25 17:00:00.000 +0100,W,k,Kwartierwaarden voor belastingtransformator
6 002 056,1b60664f-1131-4177-9dea-77cd77ab97d7,64.00,2026-02-25 17:15:00.000 +0100,W,k,Kwartierwaarden voor belastingtransformator
6 002 056,1b60664f-1131-4177-9dea-77cd77ab97d7,66.00,2026-02-25 17:30:00.000 +0100,W,k,Kwartierwaarden voor belastingtransformator
6 002 056,1b60664f-1131-4177-9dea-77cd77ab97d7,65.00,2026-02-25 17:45:00.000 +0100,W,k,Kwartierwaarden voor belastingtransformator
6 002 056,1b60664f-1131-4177-9dea-77cd77ab97d7,65.00,2026-02-25 18:00:00.000 +0100,W,k,Kwartierwaarden voor belastingtransformator
6 002 056,1b60664f-1131-4177-9dea-77cd77ab97d7,63.00,2026-02-25 18:15:00.000 +0100,W,k,Kwartierwaarden voor belastingtransformator
6 002 056,1b60664f-1131-4177-9dea-77cd77ab97d7,62.00,2026-02-25 18:30:00.000 +0100,W,k,Kwartierwaarden voor belastingtransformator
6 002 056,1b60664f-1131-4177-9dea-77cd77ab97d7,61.00,2026-02-25 18:45:00.000 +0100,W,k,Kwartierwaarden voor belastingtransformator
6 002 056,1b60664f-1131-4177-9dea-77cd77ab97d7,59.00,2026-02-25 19:00:00.000 +0100,W,k,Kwartierwaarden voor belastingtransformator
6 002 056,1b60664f-1131-4177-9dea-77cd77ab97d7,57.00,2026-02-25 19:15:00.000 +0100,W,k,Kwartierwaarden voor belastingtransformator
6 002 056,1b60664f-1131-4177-9dea-77cd77ab97d7,56.00,2026-02-25 19:30:00.000 +0100,W,k,Kwartierwaarden voor belastingtransformator
6 002 056,1b60664f-1131-4177-9dea-77cd77ab97d7,54.00,2026-02-25 19:45:00.000 +0100,W,k,Kwartierwaarden voor belastingtransformator
6 002 056,1b60664f-1131-4177-9dea-77cd77ab97d7,52.00,2026-02-25 20:00:00.000 +0100,W,k,Kwartierwaarden voor belastingtransformator
6 002 056,1b60664f-1131-4177-9dea-77cd77ab97d7,51.00,2026-02-25 20:15:00.000 +0100,W,k,Kwartierwaarden voor belastingtransformator
6 002 056,1b60664f-1131-4177-9dea-77cd77ab97d7,49.00,2026-02-25 20:30:00.000 +0100,W,k,Kwartierwaarden voor belastingtransformator
6 002 056,1b60664f-1131-4177-9dea-77cd77ab97d7,48.00,2026-02-25 20:45:00.000 +0100,W,k,Kwartierwaarden voor belastingtransformator
6 002 056,1b60664f-1131-4177-9dea-77cd77ab97d7,46.00,2026-02-25 21:00:00.000 +0100,W,k,Kwartierwaarden voor belastingtransformator
6 002 056,1b60664f-1131-4177-9dea-77cd77ab97d7,44.00,2026-02-25 21:15:00.000 +0100,W,k,Kwartierwaarden voor belastingtransformator
6 002 056,1b60664f-1131-4177-9dea-77cd77ab97d7,42.00,2026-02-25 21:30:00.000 +0100,W,k,Kwartierwaarden voor belastingtransformator
6 002 056,1b60664f-1131-4177-9dea-77cd77ab97d7,40.00,2026-02-25 21:45:00.000 +0100,W,k,Kwartierwaarden voor belastingtransformator
6 002 056,1b60664f-1131-4177-9dea-77cd77ab97d7,38.00,2026-02-25 22:00:00.000 +0100,W,k,Kwartierwaarden voor belastingtransformator
6 002 056,1b60664f-1131-4177-9dea-77cd77ab97d7,36.00,2026-02-25 22:15:00.000 +0100,W,k,Kwartierwaarden voor belastingtransformator
6 002 056,1b60664f-1131-4177-9dea-77cd77ab97d7,34.00,2026-02-25 22:30:00.000 +0100,W,k,Kwartierwaarden voor belastingtransformator
6 002 056,1b60664f-1131-4177-9dea-77cd77ab97d7,32.00,2026-02-25 22:45:00.000 +0100,W,k,Kwartierwaarden voor belastingtransformator
6 002 056,1b60664f-1131-4177-9dea-77cd77ab97d7,31.00,2026-02-25 23:00:00.000 +0100,W,k,Kwartierwaarden voor belastingtransformator
6 002 056,1b60664f-1131-4177-9dea-77cd77ab97d7,30.00,2026-02-25 23:15:00.000 +0100,W,k,Kwartierwaarden voor belastingtransformator
6 002 056,1b60664f-1131-4177-9dea-77cd77ab97d7,29.00,2026-02-25 23:30:00.000 +0100,W,k,Kwartierwaarden voor belastingtransformator
6 002 056,1b60664f-1131-4177-9dea-77cd77ab97d7,28.00,2026-02-25 23:45:00.000 +0100,W,k,Kwartierwaarden voor belastingtransformator
6 003 541,b66be8f9-9036-4038-b253-b6cc2d5cdada,81.00,2026-02-23 00:00:00.000 +0100,W,k,Kwartierwaarden voor belastingtransformator
6 003 541,b66be8f9-9036-4038-b253-b6cc2d5cdada,79.00,2026-02-23 00:15:00.000 +0100,W,k,Kwartierwaarden voor belastingtransformator
6 003 541,b66be8f9-9036-4038-b253-b6cc2d5cdada,77.00,2026-02-23 00:30:00.000 +0100,W,k,Kwartierwaarden voor belastingtransformator
6 003 541,b66be8f9-9036-4038-b253-b6cc2d5cdada,76.00,2026-02-23 00:45:00.000 +0100,W,k,Kwartierwaarden voor belastingtransformator
6 003 541,b66be8f9-9036-4038-b253-b6cc2d5cdada,75.00,2026-02-23 01:00:00.000 +0100,W,k,Kwartierwaarden voor belastingtransformator
6 003 541,b66be8f9-9036-4038-b253-b6cc2d5cdada,74.00,2026-02-23 01:15:00.000 +0100,W,k,Kwartierwaarden voor belastingtransformator
6 003 541,b66be8f9-9036-4038-b253-b6cc2d5cdada,74.00,2026-02-23 01:30:00.000 +0100,W,k,Kwartierwaarden voor belastingtransformator
6 003 541,b66be8f9-9036-4038-b253-b6cc2d5cdada,73.00,2026-02-23 01:45:00.000 +0100,W,k,Kwartierwaarden voor belastingtransformator
6 003 541,b66be8f9-9036-4038-b253-b6cc2d5cdada,73.00,2026-02-23 02:00:00.000 +0100,W,k,Kwartierwaarden voor belastingtransformator
6 003 541,b66be8f9-9036-4038-b253-b6cc2d5cdada,72.00,2026-02-23 02:15:00.000 +0100,W,k,Kwartierwaarden voor belastingtransformator
6 003 541,b66be8f9-9036-4038-b253-b6cc2d5cdada,72.00,2026-02-23 02:30:00.000 +0100,W,k,Kwartierwaarden voor belastingtransformator
6 003 541,b66be8f9-9036-4038-b253-b6cc2d5cdada,72.00,2026-02-23 02:45:00.000 +0100,W,k,Kwartierwaarden voor belastingtransformator
6 003 541,b66be8f9-9036-4038-b253-b6cc2d5cdada,72.00,2026-02-23 03:00:00.000 +0100,W,k,Kwartierwaarden voor belastingtransformator
6 003 541,b66be8f9-9036-4038-b253-b6cc2d5cdada,72.00,2026-02-23 03:15:00.000 +0100,W,k,Kwartierwaarden voor belastingtransformator
6 003 541,b66be8f9-9036-4038-b253-b6cc2d5cdada,72.00,2026-02-23 03:30:00.000 +0100,W,k,Kwartierwaarden voor belastingtransformator
6 003 541,b66be8f9-9036-4038-b253-b6cc2d5cdada,73.00,2026-02-23 03:45:00.000 +0100,W,k,Kwartierwaarden voor belastingtransformator
6 003 541,b66be8f9-9036-4038-b253-b6cc2d5cdada,74.00,2026-02-23 04:00:00.000 +0100,W,k,Kwartierwaarden voor belastingtransformator
6 003 541,b66be8f9-9036-4038-b253-b6cc2d5cdada,75.00,2026-02-23 04:15:00.000 +0100,W,k,Kwartierwaarden voor belastingtransformator
6 003 541,b66be8f9-9036-4038-b253-b6cc2d5cdada,77.00,2026-02-23 04:30:00.000 +0100,W,k,Kwartierwaarden voor belastingtransformator
6 003 541,b66be8f9-9036-4038-b253-b6cc2d5cdada,80.00,2026-02-23 04:45:00.000 +0100,W,k,Kwartierwaarden voor belastingtransformator
6 003 541,b66be8f9-9036-4038-b253-b6cc2d5cdada,85.00,2026-02-23 05:00:00.000 +0100,W,k,Kwartierwaarden voor belastingtransformator
6 003 541,b66be8f9-9036-4038-b253-b6cc2d5cdada,90.00,2026-02-23 05:15:00.000 +0100,W,k,Kwartierwaarden voor belastingtransformator
6 003 541,b66be8f9-9036-4038-b253-b6cc2d5cdada,96.00,2026-02-23 05:30:00.000 +0100,W,k,Kwartierwaarden voor belastingtransformator
6 003 541,b66be8f9-9036-4038-b253-b6cc2d5cdada,103.00,2026-02-23 05:45:00.000 +0100,W,k,Kwartierwaarden voor belastingtransformator
6 003 541,b66be8f9-9036-4038-b253-b6cc2d5cdada,114.00,2026-02-23 06:00:00.000 +0100,W,k,Kwartierwaarden voor belastingtransformator
6 003 541,b66be8f9-9036-4038-b253-b6cc2d5cdada,122.00,2026-02-23 06:15:00.000 +0100,W,k,Kwartierwaarden voor belastingtransformator
6 003 541,b66be8f9-9036-4038-b253-b6cc2d5cdada,128.00,2026-02-23 06:30:00.000 +0100,W,k,Kwartierwaarden voor belastingtransformator
6 003 541,b66be8f9-9036-4038-b253-b6cc2d5cdada,134.00,2026-02-23 06:45:00.000 +0100,W,k,Kwartierwaarden voor belastingtransformator
6 003 541,b66be8f9-9036-4038-b253-b6cc2d5cdada,138.00,2026-02-23 07:00:00.000 +0100,W,k,Kwartierwaarden voor belastingtransformator
6 003 541,b66be8f9-9036-4038-b253-b6cc2d5cdada,137.00,2026-02-23 07:15:00.000 +0100,W,k,Kwartierwaarden voor belastingtransformator
6 003 541,b66be8f9-9036-4038-b253-b6cc2d5cdada,136.00,2026-02-23 07:30:00.000 +0100,W,k,Kwartierwaarden voor belastingtransformator
6 003 541,b66be8f9-9036-4038-b253-b6cc2d5cdada,134.00,2026-02-23 07:45:00.000 +0100,W,k,Kwartierwaarden voor belastingtransformator
6 003 541,b66be8f9-9036-4038-b253-b6cc2d5cdada,132.00,2026-02-23 08:00:00.000 +0100,W,k,Kwartierwaarden voor belastingtransformator
6 003 541,b66be8f9-9036-4038-b253-b6cc2d5cdada,127.00,2026-02-23 08:15:00.000 +0100,W,k,Kwartierwaarden voor belastingtransformator
6 003 541,b66be8f9-9036-4038-b253-b6cc2d5cdada,121.00,2026-02-23 08:30:00.000 +0100,W,k,Kwartierwaarden voor belastingtransformator
6 003 541,b66be8f9-9036-4038-b253-b6cc2d5cdada,115.00,2026-02-23 08:45:00.000 +0100,W,k,Kwartierwaarden voor belastingtransformator
6 003 541,b66be8f9-9036-4038-b253-b6cc2d5cdada,106.00,2026-02-23 09:00:00.000 +0100,W,k,Kwartierwaarden voor belastingtransformator
6 003 541,b66be8f9-9036-4038-b253-b6cc2d5cdada,104.00,2026-02-23 09:15:00.000 +0100,W,k,Kwartierwaarden voor belastingtransformator
6 003 541,b66be8f9-9036-4038-b253-b6cc2d5cdada,102.00,2026-02-23 09:30:00.000 +0100,W,k,Kwartierwaarden voor belastingtransformator
6 003 541,b66be8f9-9036-4038-b253-b6cc2d5cdada,101.00,2026-02-23 09:45:00.000 +0100,W,k,Kwartierwaarden voor belastingtransformator
6 003 541,b66be8f9-9036-4038-b253-b6cc2d5cdada,102.00,2026-02-23 10:00:00.000 +0100,W,k,Kwartierwaarden voor belastingtransformator
6 003 541,b66be8f9-9036-4038-b253-b6cc2d5cdada,100.00,2026-02-23 10:15:00.000 +0100,W,k,Kwartierwaarden voor belastingtransformator
6 003 541,b66be8f9-9036-4038-b253-b6cc2d5cdada,99.00,2026-02-23 10:30:00.000 +0100,W,k,Kwartierwaarden voor belastingtransformator
6 003 541,b66be8f9-9036-4038-b253-b6cc2d5cdada,100.00,2026-02-23 10:45:00.000 +0100,W,k,Kwartierwaarden voor belastingtransformator
6 003 541,b66be8f9-9036-4038-b253-b6cc2d5cdada,101.00,2026-02-23 11:00:00.000 +0100,W,k,Kwartierwaarden voor belastingtransformator
6 003 541,b66be8f9-9036-4038-b253-b6cc2d5cdada,85.00,2026-02-23 11:15:00.000 +0100,W,k,Kwartierwaarden voor belastingtransformator
6 003 541,b66be8f9-9036-4038-b253-b6cc2d5cdada,70.00,2026-02-23 11:30:00.000 +0100,W,k,Kwartierwaarden voor belastingtransformator
6 003 541,b66be8f9-9036-4038-b253-b6cc2d5cdada,54.00,2026-02-23 11:45:00.000 +0100,W,k,Kwartierwaarden voor belastingtransformator
6 003 541,b66be8f9-9036-4038-b253-b6cc2d5cdada,39.00,2026-02-23 12:00:00.000 +0100,W,k,Kwartierwaarden voor belastingtransformator
6 003 541,b66be8f9-9036-4038-b253-b6cc2d5cdada,20.00,2026-02-23 12:15:00.000 +0100,W,k,Kwartierwaarden voor belastingtransformator
6 003 541,b66be8f9-9036-4038-b253-b6cc2d5cdada,2.00,2026-02-23 12:30:00.000 +0100,W,k,Kwartierwaarden voor belastingtransformator
6 003 541,b66be8f9-9036-4038-b253-b6cc2d5cdada,-16.00,2026-02-23 12:45:00.000 +0100,W,k,Kwartierwaarden voor belastingtransformator
6 003 541,b66be8f9-9036-4038-b253-b6cc2d5cdada,-34.00,2026-02-23 13:00:00.000 +0100,W,k,Kwartierwaarden voor belastingtransformator
6 003 541,b66be8f9-9036-4038-b253-b6cc2d5cdada,-48.00,2026-02-23 13:15:00.000 +0100,W,k,Kwartierwaarden voor belastingtransformator
6 003 541,b66be8f9-9036-4038-b253-b6cc2d5cdada,-61.00,2026-02-23 13:30:00.000 +0100,W,k,Kwartierwaarden voor belastingtransformator
6 003 541,b66be8f9-9036-4038-b253-b6cc2d5cdada,-73.00,2026-02-23 13:45:00.000 +0100,W,k,Kwartierwaarden voor belastingtransformator
6 003 541,b66be8f9-9036-4038-b253-b6cc2d5cdada,-85.00,2026-02-23 14:00:00.000 +0100,W,k,Kwartierwaarden voor belastingtransformator
6 003 541,b66be8f9-9036-4038-b253-b6cc2d5cdada,-67.00,2026-02-23 14:15:00.000 +0100,W,k,Kwartierwaarden voor belastingtransformator
6 003 541,b66be8f9-9036-4038-b253-b6cc2d5cdada,-48.00,2026-02-23 14:30:00.000 +0100,W,k,Kwartierwaarden voor belastingtransformator
6 003 541,b66be8f9-9036-4038-b253-b6cc2d5cdada,-27.00,2026-02-23 14:45:00.000 +0100,W,k,Kwartierwaarden voor belastingtransformator
6 003 541,b66be8f9-9036-4038-b253-b6cc2d5cdada,-3.00,2026-02-23 15:00:00.000 +0100,W,k,Kwartierwaarden voor belastingtransformator
6 003 541,b66be8f9-9036-4038-b253-b6cc2d5cdada,12.00,2026-02-23 15:15:00.000 +0100,W,k,Kwartierwaarden voor belastingtransformator
6 003 541,b66be8f9-9036-4038-b253-b6cc2d5cdada,33.00,2026-02-23 15:30:00.000 +0100,W,k,Kwartierwaarden voor belastingtransformator
6 003 541,b66be8f9-9036-4038-b253-b6cc2d5cdada,59.00,2026-02-23 15:45:00.000 +0100,W,k,Kwartierwaarden voor belastingtransformator
6 003 541,b66be8f9-9036-4038-b253-b6cc2d5cdada,88.00,2026-02-23 16:00:00.000 +0100,W,k,Kwartierwaarden voor belastingtransformator
6 003 541,b66be8f9-9036-4038-b253-b6cc2d5cdada,133.00,2026-02-23 16:15:00.000 +0100,W,k,Kwartierwaarden voor belastingtransformator
6 003 541,b66be8f9-9036-4038-b253-b6cc2d5cdada,168.00,2026-02-23 16:30:00.000 +0100,W,k,Kwartierwaarden voor belastingtransformator
6 003 541,b66be8f9-9036-4038-b253-b6cc2d5cdada,198.00,2026-02-23 16:45:00.000 +0100,W,k,Kwartierwaarden voor belastingtransformator
6 003 541,b66be8f9-9036-4038-b253-b6cc2d5cdada,222.00,2026-02-23 17:00:00.000 +0100,W,k,Kwartierwaarden voor belastingtransformator
6 003 541,b66be8f9-9036-4038-b253-b6cc2d5cdada,221.00,2026-02-23 17:15:00.000 +0100,W,k,Kwartierwaarden voor belastingtransformator
6 003 541,b66be8f9-9036-4038-b253-b6cc2d5cdada,221.00,2026-02-23 17:30:00.000 +0100,W,k,Kwartierwaarden voor belastingtransformator
6 003 541,b66be8f9-9036-4038-b253-b6cc2d5cdada,218.00,2026-02-23 17:45:00.000 +0100,W,k,Kwartierwaarden voor belastingtransformator
6 003 541,b66be8f9-9036-4038-b253-b6cc2d5cdada,214.00,2026-02-23 18:00:00.000 +0100,W,k,Kwartierwaarden voor belastingtransformator
6 003 541,b66be8f9-9036-4038-b253-b6cc2d5cdada,208.00,2026-02-23 18:15:00.000 +0100,W,k,Kwartierwaarden voor belastingtransformator
6 003 541,b66be8f9-9036-4038-b253-b6cc2d5cdada,202.00,2026-02-23 18:30:00.000 +0100,W,k,Kwartierwaarden voor belastingtransformator
6 003 541,b66be8f9-9036-4038-b253-b6cc2d5cdada,199.00,2026-02-23 18:45:00.000 +0100,W,k,Kwartierwaarden voor belastingtransformator
6 003 541,b66be8f9-9036-4038-b253-b6cc2d5cdada,192.00,2026-02-23 19:00:00.000 +0100,W,k,Kwartierwaarden voor belastingtransformator
6 003 541,b66be8f9-9036-4038-b253-b6cc2d5cdada,187.00,2026-02-23 19:15:00.000 +0100,W,k,Kwartierwaarden voor belastingtransformator
6 003 541,b66be8f9-9036-4038-b253-b6cc2d5cdada,181.00,2026-02-23 19:30:00.000 +0100,W,k,Kwartierwaarden voor belastingtransformator
6 003 541,b66be8f9-9036-4038-b253-b6cc2d5cdada,175.00,2026-02-23 19:45:00.000 +0100,W,k,Kwartierwaarden voor belastingtransformator
6 003 541,b66be8f9-9036-4038-b253-b6cc2d5cdada,168.00,2026-02-23 20:00:00.000 +0100,W,k,Kwartierwaarden voor belastingtransformator
6 003 541,b66be8f9-9036-4038-b253-b6cc2d5cdada,164.00,2026-02-23 20:15:00.000 +0100,W,k,Kwartierwaarden voor belastingtransformator
6 003 541,b66be8f9-9036-4038-b253-b6cc2d5cdada,158.00,2026-02-23 20:30:00.000 +0100,W,k,Kwartierwaarden voor belastingtransformator
6 003 541,b66be8f9-9036-4038-b253-b6cc2d5cdada,153.00,2026-02-23 20:45:00.000 +0100,W,k,Kwartierwaarden voor belastingtransformator
6 003 541,b66be8f9-9036-4038-b253-b6cc2d5cdada,147.00,2026-02-23 21:00:00.000 +0100,W,k,Kwartierwaarden voor belastingtransformator
6 003 541,b66be8f9-9036-4038-b253-b6cc2d5cdada,140.00,2026-02-23 21:15:00.000 +0100,W,k,Kwartierwaarden voor belastingtransformator
6 003 541,b66be8f9-9036-4038-b253-b6cc2d5cdada,133.00,2026-02-23 21:30:00.000 +0100,W,k,Kwartierwaarden voor belastingtransformator
6 003 541,b66be8f9-9036-4038-b253-b6cc2d5cdada,126.00,2026-02-23 21:45:00.000 +0100,W,k,Kwartierwaarden voor belastingtransformator
6 003 541,b66be8f9-9036-4038-b253-b6cc2d5cdada,120.00,2026-02-23 22:00:00.000 +0100,W,k,Kwartierwaarden voor belastingtransformator
6 003 541,b66be8f9-9036-4038-b253-b6cc2d5cdada,113.00,2026-02-23 22:15:00.000 +0100,W,k,Kwartierwaarden voor belastingtransformator
6 003 541,b66be8f9-9036-4038-b253-b6cc2d5cdada,107.00,2026-02-23 22:30:00.000 +0100,W,k,Kwartierwaarden voor belastingtransformator
6 003 541,b66be8f9-9036-4038-b253-b6cc2d5cdada,102.00,2026-02-23 22:45:00.000 +0100,W,k,Kwartierwaarden voor belastingtransformator
6 003 541,b66be8f9-9036-4038-b253-b6cc2d5cdada,97.00,2026-02-23 23:00:00.000 +0100,W,k,Kwartierwaarden voor belastingtransformator
6 003 541,b66be8f9-9036-4038-b253-b6cc2d5cdada,94.00,2026-02-23 23:15:00.000 +0100,W,k,Kwartierwaarden voor belastingtransformator
6 003 541,b66be8f9-9036-4038-b253-b6cc2d5cdada,91.00,2026-02-23 23:30:00.000 +0100,W,k,Kwartierwaarden voor belastingtransformator
6 003 541,b66be8f9-9036-4038-b253-b6cc2d5cdada,88.00,2026-02-23 23:45:00.000 +0100,W,k,Kwartierwaarden voor belastingtransformator
6 003 541,b66be8f9-9036-4038-b253-b6cc2d5cdada,85.00,2026-02-24 00:00:00.000 +0100,W,k,Kwartierwaarden voor belastingtransformator
6 003 541,b66be8f9-9036-4038-b253-b6cc2d5cdada,83.00,2026-02-24 00:15:00.000 +0100,W,k,Kwartierwaarden voor belastingtransformator
6 003 541,b66be8f9-9036-4038-b253-b6cc2d5cdada,81.00,2026-02-24 00:30:00.000 +0100,W,k,Kwartierwaarden voor belastingtransformator
6 003 541,b66be8f9-9036-4038-b253-b6cc2d5cdada,80.00,2026-02-24 00:45:00.000 +0100,W,k,Kwartierwaarden voor belastingtransformator
6 003 541,b66be8f9-9036-4038-b253-b6cc2d5cdada,79.00,2026-02-24 01:00:00.000 +0100,W,k,Kwartierwaarden voor belastingtransformator
6 003 541,b66be8f9-9036-4038-b253-b6cc2d5cdada,78.00,2026-02-24 01:15:00.000 +0100,W,k,Kwartierwaarden voor belastingtransformator
6 003 541,b66be8f9-9036-4038-b253-b6cc2d5cdada,77.00,2026-02-24 01:30:00.000 +0100,W,k,Kwartierwaarden voor belastingtransformator
6 003 541,b66be8f9-9036-4038-b253-b6cc2d5cdada,76.00,2026-02-24 01:45:00.000 +0100,W,k,Kwartierwaarden voor belastingtransformator
6 003 541,b66be8f9-9036-4038-b253-b6cc2d5cdada,76.00,2026-02-24 02:00:00.000 +0100,W,k,Kwartierwaarden voor belastingtransformator
6 003 541,b66be8f9-9036-4038-b253-b6cc2d5cdada,75.00,2026-02-24 02:15:00.000 +0100,W,k,Kwartierwaarden voor belastingtransformator
6 003 541,b66be8f9-9036-4038-b253-b6cc2d5cdada,75.00,2026-02-24 02:30:00.000 +0100,W,k,Kwartierwaarden voor belastingtransformator
6 003 541,b66be8f9-9036-4038-b253-b6cc2d5cdada,75.00,2026-02-24 02:45:00.000 +0100,W,k,Kwartierwaarden voor belastingtransformator
6 003 541,b66be8f9-9036-4038-b253-b6cc2d5cdada,75.00,2026-02-24 03:00:00.000 +0100,W,k,Kwartierwaarden voor belastingtransformator
6 003 541,b66be8f9-9036-4038-b253-b6cc2d5cdada,75.00,2026-02-24 03:15:00.000 +0100,W,k,Kwartierwaarden voor belastingtransformator
6 003 541,b66be8f9-9036-4038-b253-b6cc2d5cdada,75.00,2026-02-24 03:30:00.000 +0100,W,k,Kwartierwaarden voor belastingtransformator
6 003 541,b66be8f9-9036-4038-b253-b6cc2d5cdada,76.00,2026-02-24 03:45:00.000 +0100,W,k,Kwartierwaarden voor belastingtransformator
6 003 541,b66be8f9-9036-4038-b253-b6cc2d5cdada,77.00,2026-02-24 04:00:00.000 +0100,W,k,Kwartierwaarden voor belastingtransformator
6 003 541,b66be8f9-9036-4038-b253-b6cc2d5cdada,78.00,2026-02-24 04:15:00.000 +0100,W,k,Kwartierwaarden voor belastingtransformator
6 003 541,b66be8f9-9036-4038-b253-b6cc2d5cdada,81.00,2026-02-24 04:30:00.000 +0100,W,k,Kwartierwaarden voor belastingtransformator
6 003 541,b66be8f9-9036-4038-b253-b6cc2d5cdada,84.00,2026-02-24 04:45:00.000 +0100,W,k,Kwartierwaarden voor belastingtransformator
6 003 541,b66be8f9-9036-4038-b253-b6cc2d5cdada,89.00,2026-02-24 05:00:00.000 +0100,W,k,Kwartierwaarden voor belastingtransformator
6 003 541,b66be8f9-9036-4038-b253-b6cc2d5cdada,93.00,2026-02-24 05:15:00.000 +0100,W,k,Kwartierwaarden voor belastingtransformator
6 003 541,b66be8f9-9036-4038-b253-b6cc2d5cdada,100.00,2026-02-24 05:30:00.000 +0100,W,k,Kwartierwaarden voor belastingtransformator
6 003 541,b66be8f9-9036-4038-b253-b6cc2d5cdada,108.00,2026-02-24 05:45:00.000 +0100,W,k,Kwartierwaarden voor belastingtransformator
6 003 541,b66be8f9-9036-4038-b253-b6cc2d5cdada,119.00,2026-02-24 06:00:00.000 +0100,W,k,Kwartierwaarden voor belastingtransformator
6 003 541,b66be8f9-9036-4038-b253-b6cc2d5cdada,128.00,2026-02-24 06:15:00.000 +0100,W,k,Kwartierwaarden voor belastingtransformator
6 003 541,b66be8f9-9036-4038-b253-b6cc2d5cdada,134.00,2026-02-24 06:30:00.000 +0100,W,k,Kwartierwaarden voor belastingtransformator
6 003 541,b66be8f9-9036-4038-b253-b6cc2d5cdada,137.00,2026-02-24 06:45:00.000 +0100,W,k,Kwartierwaarden voor belastingtransformator
6 003 541,b66be8f9-9036-4038-b253-b6cc2d5cdada,137.00,2026-02-24 07:00:00.000 +0100,W,k,Kwartierwaarden voor belastingtransformator
6 003 541,b66be8f9-9036-4038-b253-b6cc2d5cdada,132.00,2026-02-24 07:15:00.000 +0100,W,k,Kwartierwaarden voor belastingtransformator
6 003 541,b66be8f9-9036-4038-b253-b6cc2d5cdada,129.00,2026-02-24 07:30:00.000 +0100,W,k,Kwartierwaarden voor belastingtransformator
6 003 541,b66be8f9-9036-4038-b253-b6cc2d5cdada,127.00,2026-02-24 07:45:00.000 +0100,W,k,Kwartierwaarden voor belastingtransformator
6 003 541,b66be8f9-9036-4038-b253-b6cc2d5cdada,123.00,2026-02-24 08:00:00.000 +0100,W,k,Kwartierwaarden voor belastingtransformator
6 003 541,b66be8f9-9036-4038-b253-b6cc2d5cdada,118.00,2026-02-24 08:15:00.000 +0100,W,k,Kwartierwaarden voor belastingtransformator
6 003 541,b66be8f9-9036-4038-b253-b6cc2d5cdada,113.00,2026-02-24 08:30:00.000 +0100,W,k,Kwartierwaarden voor belastingtransformator
6 003 541,b66be8f9-9036-4038-b253-b6cc2d5cdada,107.00,2026-02-24 08:45:00.000 +0100,W,k,Kwartierwaarden voor belastingtransformator
6 003 541,b66be8f9-9036-4038-b253-b6cc2d5cdada,100.00,2026-02-24 09:00:00.000 +0100,W,k,Kwartierwaarden voor belastingtransformator
6 003 541,b66be8f9-9036-4038-b253-b6cc2d5cdada,98.00,2026-02-24 09:15:00.000 +0100,W,k,Kwartierwaarden voor belastingtransformator
6 003 541,b66be8f9-9036-4038-b253-b6cc2d5cdada,95.00,2026-02-24 09:30:00.000 +0100,W,k,Kwartierwaarden voor belastingtransformator
6 003 541,b66be8f9-9036-4038-b253-b6cc2d5cdada,93.00,2026-02-24 09:45:00.000 +0100,W,k,Kwartierwaarden voor belastingtransformator
6 003 541,b66be8f9-9036-4038-b253-b6cc2d5cdada,92.00,2026-02-24 10:00:00.000 +0100,W,k,Kwartierwaarden voor belastingtransformator
6 003 541,b66be8f9-9036-4038-b253-b6cc2d5cdada,91.00,2026-02-24 10:15:00.000 +0100,W,k,Kwartierwaarden voor belastingtransformator
6 003 541,b66be8f9-9036-4038-b253-b6cc2d5cdada,91.00,2026-02-24 10:30:00.000 +0100,W,k,Kwartierwaarden voor belastingtransformator
6 003 541,b66be8f9-9036-4038-b253-b6cc2d5cdada,91.00,2026-02-24 10:45:00.000 +0100,W,k,Kwartierwaarden voor belastingtransformator
6 003 541,b66be8f9-9036-4038-b253-b6cc2d5cdada,91.00,2026-02-24 11:00:00.000 +0100,W,k,Kwartierwaarden voor belastingtransformator
6 003 541,b66be8f9-9036-4038-b253-b6cc2d5cdada,92.00,2026-02-24 11:15:00.000 +0100,W,k,Kwartierwaarden voor belastingtransformator
6 003 541,b66be8f9-9036-4038-b253-b6cc2d5cdada,93.00,2026-02-24 11:30:00.000 +0100,W,k,Kwartierwaarden voor belastingtransformator
6 003 541,b66be8f9-9036-4038-b253-b6cc2d5cdada,94.00,2026-02-24 11:45:00.000 +0100,W,k,Kwartierwaarden voor belastingtransformator
6 003 541,b66be8f9-9036-4038-b253-b6cc2d5cdada,96.00,2026-02-24 12:00:00.000 +0100,W,k,Kwartierwaarden voor belastingtransformator
6 003 541,b66be8f9-9036-4038-b253-b6cc2d5cdada,95.00,2026-02-24 12:15:00.000 +0100,W,k,Kwartierwaarden voor belastingtransformator
6 003 541,b66be8f9-9036-4038-b253-b6cc2d5cdada,95.00,2026-02-24 12:30:00.000 +0100,W,k,Kwartierwaarden voor belastingtransformator
6 003 541,b66be8f9-9036-4038-b253-b6cc2d5cdada,95.00,2026-02-24 12:45:00.000 +0100,W,k,Kwartierwaarden voor belastingtransformator
6 003 541,b66be8f9-9036-4038-b253-b6cc2d5cdada,95.00,2026-02-24 13:00:00.000 +0100,W,k,Kwartierwaarden voor belastingtransformator
6 003 541,b66be8f9-9036-4038-b253-b6cc2d5cdada,97.00,2026-02-24 13:15:00.000 +0100,W,k,Kwartierwaarden voor belastingtransformator
6 003 541,b66be8f9-9036-4038-b253-b6cc2d5cdada,100.00,2026-02-24 13:30:00.000 +0100,W,k,Kwartierwaarden voor belastingtransformator
6 003 541,b66be8f9-9036-4038-b253-b6cc2d5cdada,101.00,2026-02-24 13:45:00.000 +0100,W,k,Kwartierwaarden voor belastingtransformator
6 003 541,b66be8f9-9036-4038-b253-b6cc2d5cdada,102.00,2026-02-24 14:00:00.000 +0100,W,k,Kwartierwaarden voor belastingtransformator
6 003 541,b66be8f9-9036-4038-b253-b6cc2d5cdada,102.00,2026-02-24 14:15:00.000 +0100,W,k,Kwartierwaarden voor belastingtransformator
6 003 541,b66be8f9-9036-4038-b253-b6cc2d5cdada,101.00,2026-02-24 14:30:00.000 +0100,W,k,Kwartierwaarden voor belastingtransformator
6 003 541,b66be8f9-9036-4038-b253-b6cc2d5cdada,104.00,2026-02-24 14:45:00.000 +0100,W,k,Kwartierwaarden voor belastingtransformator
6 003 541,b66be8f9-9036-4038-b253-b6cc2d5cdada,109.00,2026-02-24 15:00:00.000 +0100,W,k,Kwartierwaarden voor belastingtransformator
6 003 541,b66be8f9-9036-4038-b253-b6cc2d5cdada,116.00,2026-02-24 15:15:00.000 +0100,W,k,Kwartierwaarden voor belastingtransformator
6 003 541,b66be8f9-9036-4038-b253-b6cc2d5cdada,129.00,2026-02-24 15:30:00.000 +0100,W,k,Kwartierwaarden voor belastingtransformator
6 003 541,b66be8f9-9036-4038-b253-b6cc2d5cdada,149.00,2026-02-24 15:45:00.000 +0100,W,k,Kwartierwaarden voor belastingtransformator
6 003 541,b66be8f9-9036-4038-b253-b6cc2d5cdada,172.00,2026-02-24 16:00:00.000 +0100,W,k,Kwartierwaarden voor belastingtransformator
6 003 541,b66be8f9-9036-4038-b253-b6cc2d5cdada,196.00,2026-02-24 16:15:00.000 +0100,W,k,Kwartierwaarden voor belastingtransformator
6 003 541,b66be8f9-9036-4038-b253-b6cc2d5cdada,209.00,2026-02-24 16:30:00.000 +0100,W,k,Kwartierwaarden voor belastingtransformator
6 003 541,b66be8f9-9036-4038-b253-b6cc2d5cdada,215.00,2026-02-24 16:45:00.000 +0100,W,k,Kwartierwaarden voor belastingtransformator
6 003 541,b66be8f9-9036-4038-b253-b6cc2d5cdada,214.00,2026-02-24 17:00:00.000 +0100,W,k,Kwartierwaarden voor belastingtransformator
6 003 541,b66be8f9-9036-4038-b253-b6cc2d5cdada,214.00,2026-02-24 17:15:00.000 +0100,W,k,Kwartierwaarden voor belastingtransformator
6 003 541,b66be8f9-9036-4038-b253-b6cc2d5cdada,212.00,2026-02-24 17:30:00.000 +0100,W,k,Kwartierwaarden voor belastingtransformator
6 003 541,b66be8f9-9036-4038-b253-b6cc2d5cdada,210.00,2026-02-24 17:45:00.000 +0100,W,k,Kwartierwaarden voor belastingtransformator
6 003 541,b66be8f9-9036-4038-b253-b6cc2d5cdada,206.00,2026-02-24 18:00:00.000 +0100,W,k,Kwartierwaarden voor belastingtransformator
6 003 541,b66be8f9-9036-4038-b253-b6cc2d5cdada,201.00,2026-02-24 18:15:00.000 +0100,W,k,Kwartierwaarden voor belastingtransformator
6 003 541,b66be8f9-9036-4038-b253-b6cc2d5cdada,196.00,2026-02-24 18:30:00.000 +0100,W,k,Kwartierwaarden voor belastingtransformator
6 003 541,b66be8f9-9036-4038-b253-b6cc2d5cdada,193.00,2026-02-24 18:45:00.000 +0100,W,k,Kwartierwaarden voor belastingtransformator
6 003 541,b66be8f9-9036-4038-b253-b6cc2d5cdada,186.00,2026-02-24 19:00:00.000 +0100,W,k,Kwartierwaarden voor belastingtransformator
6 003 541,b66be8f9-9036-4038-b253-b6cc2d5cdada,182.00,2026-02-24 19:15:00.000 +0100,W,k,Kwartierwaarden voor belastingtransformator
6 003 541,b66be8f9-9036-4038-b253-b6cc2d5cdada,175.00,2026-02-24 19:30:00.000 +0100,W,k,Kwartierwaarden voor belastingtransformator
6 003 541,b66be8f9-9036-4038-b253-b6cc2d5cdada,170.00,2026-02-24 19:45:00.000 +0100,W,k,Kwartierwaarden voor belastingtransformator
6 003 541,b66be8f9-9036-4038-b253-b6cc2d5cdada,165.00,2026-02-24 20:00:00.000 +0100,W,k,Kwartierwaarden voor belastingtransformator
6 003 541,b66be8f9-9036-4038-b253-b6cc2d5cdada,160.00,2026-02-24 20:15:00.000 +0100,W,k,Kwartierwaarden voor belastingtransformator
6 003 541,b66be8f9-9036-4038-b253-b6cc2d5cdada,155.00,2026-02-24 20:30:00.000 +0100,W,k,Kwartierwaarden voor belastingtransformator
6 003 541,b66be8f9-9036-4038-b253-b6cc2d5cdada,150.00,2026-02-24 20:45:00.000 +0100,W,k,Kwartierwaarden voor belastingtransformator
6 003 541,b66be8f9-9036-4038-b253-b6cc2d5cdada,144.00,2026-02-24 21:00:00.000 +0100,W,k,Kwartierwaarden voor belastingtransformator
6 003 541,b66be8f9-9036-4038-b253-b6cc2d5cdada,139.00,2026-02-24 21:15:00.000 +0100,W,k,Kwartierwaarden voor belastingtransformator
6 003 541,b66be8f9-9036-4038-b253-b6cc2d5cdada,132.00,2026-02-24 21:30:00.000 +0100,W,k,Kwartierwaarden voor belastingtransformator
6 003 541,b66be8f9-9036-4038-b253-b6cc2d5cdada,126.00,2026-02-24 21:45:00.000 +0100,W,k,Kwartierwaarden voor belastingtransformator
6 003 541,b66be8f9-9036-4038-b253-b6cc2d5cdada,119.00,2026-02-24 22:00:00.000 +0100,W,k,Kwartierwaarden voor belastingtransformator
6 003 541,b66be8f9-9036-4038-b253-b6cc2d5cdada,113.00,2026-02-24 22:15:00.000 +0100,W,k,Kwartierwaarden voor belastingtransformator
6 003 541,b66be8f9-9036-4038-b253-b6cc2d5cdada,107.00,2026-02-24 22:30:00.000 +0100,W,k,Kwartierwaarden voor belastingtransformator
6 003 541,b66be8f9-9036-4038-b253-b6cc2d5cdada,101.00,2026-02-24 22:45:00.000 +0100,W,k,Kwartierwaarden voor belastingtransformator
6 003 541,b66be8f9-9036-4038-b253-b6cc2d5cdada,97.00,2026-02-24 23:00:00.000 +0100,W,k,Kwartierwaarden voor belastingtransformator
6 003 541,b66be8f9-9036-4038-b253-b6cc2d5cdada,93.00,2026-02-24 23:15:00.000 +0100,W,k,Kwartierwaarden voor belastingtransformator
6 003 541,b66be8f9-9036-4038-b253-b6cc2d5cdada,90.00,2026-02-24 23:30:00.000 +0100,W,k,Kwartierwaarden voor belastingtransformator
6 003 541,b66be8f9-9036-4038-b253-b6cc2d5cdada,87.00,2026-02-24 23:45:00.000 +0100,W,k,Kwartierwaarden voor belastingtransformator
6 003 541,b66be8f9-9036-4038-b253-b6cc2d5cdada,85.00,2026-02-25 00:00:00.000 +0100,W,k,Kwartierwaarden voor belastingtransformator
6 003 541,b66be8f9-9036-4038-b253-b6cc2d5cdada,83.00,2026-02-25 00:15:00.000 +0100,W,k,Kwartierwaarden voor belastingtransformator
6 003 541,b66be8f9-9036-4038-b253-b6cc2d5cdada,80.00,2026-02-25 00:30:00.000 +0100,W,k,Kwartierwaarden voor belastingtransformator
6 003 541,b66be8f9-9036-4038-b253-b6cc2d5cdada,79.00,2026-02-25 00:45:00.000 +0100,W,k,Kwartierwaarden voor belastingtransformator
6 003 541,b66be8f9-9036-4038-b253-b6cc2d5cdada,78.00,2026-02-25 01:00:00.000 +0100,W,k,Kwartierwaarden voor belastingtransformator
6 003 541,b66be8f9-9036-4038-b253-b6cc2d5cdada,77.00,2026-02-25 01:15:00.000 +0100,W,k,Kwartierwaarden voor belastingtransformator
6 003 541,b66be8f9-9036-4038-b253-b6cc2d5cdada,76.00,2026-02-25 01:30:00.000 +0100,W,k,Kwartierwaarden voor belastingtransformator
6 003 541,b66be8f9-9036-4038-b253-b6cc2d5cdada,75.00,2026-02-25 01:45:00.000 +0100,W,k,Kwartierwaarden voor belastingtransformator
6 003 541,b66be8f9-9036-4038-b253-b6cc2d5cdada,74.00,2026-02-25 02:00:00.000 +0100,W,k,Kwartierwaarden voor belastingtransformator
6 003 541,b66be8f9-9036-4038-b253-b6cc2d5cdada,74.00,2026-02-25 02:15:00.000 +0100,W,k,Kwartierwaarden voor belastingtransformator
6 003 541,b66be8f9-9036-4038-b253-b6cc2d5cdada,73.00,2026-02-25 02:30:00.000 +0100,W,k,Kwartierwaarden voor belastingtransformator
6 003 541,b66be8f9-9036-4038-b253-b6cc2d5cdada,73.00,2026-02-25 02:45:00.000 +0100,W,k,Kwartierwaarden voor belastingtransformator
6 003 541,b66be8f9-9036-4038-b253-b6cc2d5cdada,73.00,2026-02-25 03:00:00.000 +0100,W,k,Kwartierwaarden voor belastingtransformator
6 003 541,b66be8f9-9036-4038-b253-b6cc2d5cdada,73.00,2026-02-25 03:15:00.000 +0100,W,k,Kwartierwaarden voor belastingtransformator
6 003 541,b66be8f9-9036-4038-b253-b6cc2d5cdada,73.00,2026-02-25 03:30:00.000 +0100,W,k,Kwartierwaarden voor belastingtransformator
6 003 541,b66be8f9-9036-4038-b253-b6cc2d5cdada,73.00,2026-02-25 03:45:00.000 +0100,W,k,Kwartierwaarden voor belastingtransformator
6 003 541,b66be8f9-9036-4038-b253-b6cc2d5cdada,75.00,2026-02-25 04:00:00.000 +0100,W,k,Kwartierwaarden voor belastingtransformator
6 003 541,b66be8f9-9036-4038-b253-b6cc2d5cdada,76.00,2026-02-25 04:15:00.000 +0100,W,k,Kwartierwaarden voor belastingtransformator
6 003 541,b66be8f9-9036-4038-b253-b6cc2d5cdada,78.00,2026-02-25 04:30:00.000 +0100,W,k,Kwartierwaarden voor belastingtransformator
6 003 541,b66be8f9-9036-4038-b253-b6cc2d5cdada,81.00,2026-02-25 04:45:00.000 +0100,W,k,Kwartierwaarden voor belastingtransformator
6 003 541,b66be8f9-9036-4038-b253-b6cc2d5cdada,85.00,2026-02-25 05:00:00.000 +0100,W,k,Kwartierwaarden voor belastingtransformator
6 003 541,b66be8f9-9036-4038-b253-b6cc2d5cdada,90.00,2026-02-25 05:15:00.000 +0100,W,k,Kwartierwaarden voor belastingtransformator
6 003 541,b66be8f9-9036-4038-b253-b6cc2d5cdada,96.00,2026-02-25 05:30:00.000 +0100,W,k,Kwartierwaarden voor belastingtransformator
6 003 541,b66be8f9-9036-4038-b253-b6cc2d5cdada,104.00,2026-02-25 05:45:00.000 +0100,W,k,Kwartierwaarden voor belastingtransformator
6 003 541,b66be8f9-9036-4038-b253-b6cc2d5cdada,115.00,2026-02-25 06:00:00.000 +0100,W,k,Kwartierwaarden voor belastingtransformator
6 003 541,b66be8f9-9036-4038-b253-b6cc2d5cdada,122.00,2026-02-25 06:15:00.000 +0100,W,k,Kwartierwaarden voor belastingtransformator
6 003 541,b66be8f9-9036-4038-b253-b6cc2d5cdada,128.00,2026-02-25 06:30:00.000 +0100,W,k,Kwartierwaarden voor belastingtransformator
6 003 541,b66be8f9-9036-4038-b253-b6cc2d5cdada,134.00,2026-02-25 06:45:00.000 +0100,W,k,Kwartierwaarden voor belastingtransformator
6 003 541,b66be8f9-9036-4038-b253-b6cc2d5cdada,136.00,2026-02-25 07:00:00.000 +0100,W,k,Kwartierwaarden voor belastingtransformator
6 003 541,b66be8f9-9036-4038-b253-b6cc2d5cdada,121.00,2026-02-25 07:15:00.000 +0100,W,k,Kwartierwaarden voor belastingtransformator
6 003 541,b66be8f9-9036-4038-b253-b6cc2d5cdada,108.00,2026-02-25 07:30:00.000 +0100,W,k,Kwartierwaarden voor belastingtransformator
6 003 541,b66be8f9-9036-4038-b253-b6cc2d5cdada,95.00,2026-02-25 07:45:00.000 +0100,W,k,Kwartierwaarden voor belastingtransformator
6 003 541,b66be8f9-9036-4038-b253-b6cc2d5cdada,79.00,2026-02-25 08:00:00.000 +0100,W,k,Kwartierwaarden voor belastingtransformator
6 003 541,b66be8f9-9036-4038-b253-b6cc2d5cdada,46.00,2026-02-25 08:15:00.000 +0100,W,k,Kwartierwaarden voor belastingtransformator
6 003 541,b66be8f9-9036-4038-b253-b6cc2d5cdada,13.00,2026-02-25 08:30:00.000 +0100,W,k,Kwartierwaarden voor belastingtransformator
6 003 541,b66be8f9-9036-4038-b253-b6cc2d5cdada,-22.00,2026-02-25 08:45:00.000 +0100,W,k,Kwartierwaarden voor belastingtransformator
6 003 541,b66be8f9-9036-4038-b253-b6cc2d5cdada,-56.00,2026-02-25 09:00:00.000 +0100,W,k,Kwartierwaarden voor belastingtransformator
6 003 541,b66be8f9-9036-4038-b253-b6cc2d5cdada,-83.00,2026-02-25 09:15:00.000 +0100,W,k,Kwartierwaarden voor belastingtransformator
6 003 541,b66be8f9-9036-4038-b253-b6cc2d5cdada,-110.00,2026-02-25 09:30:00.000 +0100,W,k,Kwartierwaarden voor belastingtransformator
6 003 541,b66be8f9-9036-4038-b253-b6cc2d5cdada,-137.00,2026-02-25 09:45:00.000 +0100,W,k,Kwartierwaarden voor belastingtransformator
6 003 541,b66be8f9-9036-4038-b253-b6cc2d5cdada,-162.00,2026-02-25 10:00:00.000 +0100,W,k,Kwartierwaarden voor belastingtransformator
6 003 541,b66be8f9-9036-4038-b253-b6cc2d5cdada,-182.00,2026-02-25 10:15:00.000 +0100,W,k,Kwartierwaarden voor belastingtransformator
6 003 541,b66be8f9-9036-4038-b253-b6cc2d5cdada,-201.00,2026-02-25 10:30:00.000 +0100,W,k,Kwartierwaarden voor belastingtransformator
6 003 541,b66be8f9-9036-4038-b253-b6cc2d5cdada,-217.00,2026-02-25 10:45:00.000 +0100,W,k,Kwartierwaarden voor belastingtransformator
6 003 541,b66be8f9-9036-4038-b253-b6cc2d5cdada,-234.00,2026-02-25 11:00:00.000 +0100,W,k,Kwartierwaarden voor belastingtransformator
6 003 541,b66be8f9-9036-4038-b253-b6cc2d5cdada,-242.00,2026-02-25 11:15:00.000 +0100,W,k,Kwartierwaarden voor belastingtransformator
6 003 541,b66be8f9-9036-4038-b253-b6cc2d5cdada,-250.00,2026-02-25 11:30:00.000 +0100,W,k,Kwartierwaarden voor belastingtransformator
6 003 541,b66be8f9-9036-4038-b253-b6cc2d5cdada,-257.00,2026-02-25 11:45:00.000 +0100,W,k,Kwartierwaarden voor belastingtransformator
6 003 541,b66be8f9-9036-4038-b253-b6cc2d5cdada,-267.00,2026-02-25 12:00:00.000 +0100,W,k,Kwartierwaarden voor belastingtransformator
6 003 541,b66be8f9-9036-4038-b253-b6cc2d5cdada,-267.00,2026-02-25 12:15:00.000 +0100,W,k,Kwartierwaarden voor belastingtransformator
6 003 541,b66be8f9-9036-4038-b253-b6cc2d5cdada,-267.00,2026-02-25 12:30:00.000 +0100,W,k,Kwartierwaarden voor belastingtransformator
6 003 541,b66be8f9-9036-4038-b253-b6cc2d5cdada,-267.00,2026-02-25 12:45:00.000 +0100,W,k,Kwartierwaarden voor belastingtransformator
6 003 541,b66be8f9-9036-4038-b253-b6cc2d5cdada,-266.00,2026-02-25 13:00:00.000 +0100,W,k,Kwartierwaarden voor belastingtransformator
6 003 541,b66be8f9-9036-4038-b253-b6cc2d5cdada,-256.00,2026-02-25 13:15:00.000 +0100,W,k,Kwartierwaarden voor belastingtransformator
6 003 541,b66be8f9-9036-4038-b253-b6cc2d5cdada,-245.00,2026-02-25 13:30:00.000 +0100,W,k,Kwartierwaarden voor belastingtransformator
6 003 541,b66be8f9-9036-4038-b253-b6cc2d5cdada,-234.00,2026-02-25 13:45:00.000 +0100,W,k,Kwartierwaarden voor belastingtransformator
6 003 541,b66be8f9-9036-4038-b253-b6cc2d5cdada,-225.00,2026-02-25 14:00:00.000 +0100,W,k,Kwartierwaarden voor belastingtransformator
6 003 541,b66be8f9-9036-4038-b253-b6cc2d5cdada,-206.00,2026-02-25 14:15:00.000 +0100,W,k,Kwartierwaarden voor belastingtransformator
6 003 541,b66be8f9-9036-4038-b253-b6cc2d5cdada,-185.00,2026-02-25 14:30:00.000 +0100,W,k,Kwartierwaarden voor belastingtransformator
6 003 541,b66be8f9-9036-4038-b253-b6cc2d5cdada,-164.00,2026-02-25 14:45:00.000 +0100,W,k,Kwartierwaarden voor belastingtransformator
6 003 541,b66be8f9-9036-4038-b253-b6cc2d5cdada,-141.00,2026-02-25 15:00:00.000 +0100,W,k,Kwartierwaarden voor belastingtransformator
6 003 541,b66be8f9-9036-4038-b253-b6cc2d5cdada,-109.00,2026-02-25 15:15:00.000 +0100,W,k,Kwartierwaarden voor belastingtransformator
6 003 541,b66be8f9-9036-4038-b253-b6cc2d5cdada,-71.00,2026-02-25 15:30:00.000 +0100,W,k,Kwartierwaarden voor belastingtransformator
6 003 541,b66be8f9-9036-4038-b253-b6cc2d5cdada,-30.00,2026-02-25 15:45:00.000 +0100,W,k,Kwartierwaarden voor belastingtransformator
6 003 541,b66be8f9-9036-4038-b253-b6cc2d5cdada,17.00,2026-02-25 16:00:00.000 +0100,W,k,Kwartierwaarden voor belastingtransformator
6 003 541,b66be8f9-9036-4038-b253-b6cc2d5cdada,76.00,2026-02-25 16:15:00.000 +0100,W,k,Kwartierwaarden voor belastingtransformator
6 003 541,b66be8f9-9036-4038-b253-b6cc2d5cdada,124.00,2026-02-25 16:30:00.000 +0100,W,k,Kwartierwaarden voor belastingtransformator
6 003 541,b66be8f9-9036-4038-b253-b6cc2d5cdada,167.00,2026-02-25 16:45:00.000 +0100,W,k,Kwartierwaarden voor belastingtransformator
6 003 541,b66be8f9-9036-4038-b253-b6cc2d5cdada,204.00,2026-02-25 17:00:00.000 +0100,W,k,Kwartierwaarden voor belastingtransformator
6 003 541,b66be8f9-9036-4038-b253-b6cc2d5cdada,204.00,2026-02-25 17:15:00.000 +0100,W,k,Kwartierwaarden voor belastingtransformator
6 003 541,b66be8f9-9036-4038-b253-b6cc2d5cdada,205.00,2026-02-25 17:30:00.000 +0100,W,k,Kwartierwaarden voor belastingtransformator
6 003 541,b66be8f9-9036-4038-b253-b6cc2d5cdada,205.00,2026-02-25 17:45:00.000 +0100,W,k,Kwartierwaarden voor belastingtransformator
6 003 541,b66be8f9-9036-4038-b253-b6cc2d5cdada,203.00,2026-02-25 18:00:00.000 +0100,W,k,Kwartierwaarden voor belastingtransformator
6 003 541,b66be8f9-9036-4038-b253-b6cc2d5cdada,198.00,2026-02-25 18:15:00.000 +0100,W,k,Kwartierwaarden voor belastingtransformator
6 003 541,b66be8f9-9036-4038-b253-b6cc2d5cdada,193.00,2026-02-25 18:30:00.000 +0100,W,k,Kwartierwaarden voor belastingtransformator
6 003 541,b66be8f9-9036-4038-b253-b6cc2d5cdada,190.00,2026-02-25 18:45:00.000 +0100,W,k,Kwartierwaarden voor belastingtransformator
6 003 541,b66be8f9-9036-4038-b253-b6cc2d5cdada,184.00,2026-02-25 19:00:00.000 +0100,W,k,Kwartierwaarden voor belastingtransformator
6 003 541,b66be8f9-9036-4038-b253-b6cc2d5cdada,179.00,2026-02-25 19:15:00.000 +0100,W,k,Kwartierwaarden voor belastingtransformator
6 003 541,b66be8f9-9036-4038-b253-b6cc2d5cdada,173.00,2026-02-25 19:30:00.000 +0100,W,k,Kwartierwaarden voor belastingtransformator
6 003 541,b66be8f9-9036-4038-b253-b6cc2d5cdada,168.00,2026-02-25 19:45:00.000 +0100,W,k,Kwartierwaarden voor belastingtransformator
6 003 541,b66be8f9-9036-4038-b253-b6cc2d5cdada,162.00,2026-02-25 20:00:00.000 +0100,W,k,Kwartierwaarden voor belastingtransformator
6 003 541,b66be8f9-9036-4038-b253-b6cc2d5cdada,158.00,2026-02-25 20:15:00.000 +0100,W,k,Kwartierwaarden voor belastingtransformator
6 003 541,b66be8f9-9036-4038-b253-b6cc2d5cdada,153.00,2026-02-25 20:30:00.000 +0100,W,k,Kwartierwaarden voor belastingtransformator
6 003 541,b66be8f9-9036-4038-b253-b6cc2d5cdada,148.00,2026-02-25 20:45:00.000 +0100,W,k,Kwartierwaarden voor belastingtransformator
6 003 541,b66be8f9-9036-4038-b253-b6cc2d5cdada,143.00,2026-02-25 21:00:00.000 +0100,W,k,Kwartierwaarden voor belastingtransformator
6 003 541,b66be8f9-9036-4038-b253-b6cc2d5cdada,137.00,2026-02-25 21:15:00.000 +0100,W,k,Kwartierwaarden voor belastingtransformator
6 003 541,b66be8f9-9036-4038-b253-b6cc2d5cdada,130.00,2026-02-25 21:30:00.000 +0100,W,k,Kwartierwaarden voor belastingtransformator
6 003 541,b66be8f9-9036-4038-b253-b6cc2d5cdada,124.00,2026-02-25 21:45:00.000 +0100,W,k,Kwartierwaarden voor belastingtransformator
6 003 541,b66be8f9-9036-4038-b253-b6cc2d5cdada,117.00,2026-02-25 22:00:00.000 +0100,W,k,Kwartierwaarden voor belastingtransformator
6 003 541,b66be8f9-9036-4038-b253-b6cc2d5cdada,111.00,2026-02-25 22:15:00.000 +0100,W,k,Kwartierwaarden voor belastingtransformator
6 003 541,b66be8f9-9036-4038-b253-b6cc2d5cdada,105.00,2026-02-25 22:30:00.000 +0100,W,k,Kwartierwaarden voor belastingtransformator
6 003 541,b66be8f9-9036-4038-b253-b6cc2d5cdada,100.00,2026-02-25 22:45:00.000 +0100,W,k,Kwartierwaarden voor belastingtransformator
6 003 541,b66be8f9-9036-4038-b253-b6cc2d5cdada,96.00,2026-02-25 23:00:00.000 +0100,W,k,Kwartierwaarden voor belastingtransformator
6 003 541,b66be8f9-9036-4038-b253-b6cc2d5cdada,92.00,2026-02-25 23:15:00.000 +0100,W,k,Kwartierwaarden voor belastingtransformator
6 003 541,b66be8f9-9036-4038-b253-b6cc2d5cdada,88.00,2026-02-25 23:30:00.000 +0100,W,k,Kwartierwaarden voor belastingtransformator
6 003 541,b66be8f9-9036-4038-b253-b6cc2d5cdada,85.00,2026-02-25 23:45:00.000 +0100,W,k,Kwartierwaarden voor belastingtransformator
6 003 560,f5ddc244-a296-4a79-8909-3288c542c8e4,57.00,2026-02-23 00:00:00.000 +0100,W,k,Kwartierwaarden voor belastingtransformator
6 003 560,f5ddc244-a296-4a79-8909-3288c542c8e4,55.00,2026-02-23 00:15:00.000 +0100,W,k,Kwartierwaarden voor belastingtransformator
6 003 560,f5ddc244-a296-4a79-8909-3288c542c8e4,54.00,2026-02-23 00:30:00.000 +0100,W,k,Kwartierwaarden voor belastingtransformator
6 003 560,f5ddc244-a296-4a79-8909-3288c542c8e4,53.00,2026-02-23 00:45:00.000 +0100,W,k,Kwartierwaarden voor belastingtransformator
6 003 560,f5ddc244-a296-4a79-8909-3288c542c8e4,52.00,2026-02-23 01:00:00.000 +0100,W,k,Kwartierwaarden voor belastingtransformator
6 003 560,f5ddc244-a296-4a79-8909-3288c542c8e4,52.00,2026-02-23 01:15:00.000 +0100,W,k,Kwartierwaarden voor belastingtransformator
6 003 560,f5ddc244-a296-4a79-8909-3288c542c8e4,51.00,2026-02-23 01:30:00.000 +0100,W,k,Kwartierwaarden voor belastingtransformator
6 003 560,f5ddc244-a296-4a79-8909-3288c542c8e4,51.00,2026-02-23 01:45:00.000 +0100,W,k,Kwartierwaarden voor belastingtransformator
6 003 560,f5ddc244-a296-4a79-8909-3288c542c8e4,50.00,2026-02-23 02:00:00.000 +0100,W,k,Kwartierwaarden voor belastingtransformator
6 003 560,f5ddc244-a296-4a79-8909-3288c542c8e4,50.00,2026-02-23 02:15:00.000 +0100,W,k,Kwartierwaarden voor belastingtransformator
6 003 560,f5ddc244-a296-4a79-8909-3288c542c8e4,50.00,2026-02-23 02:30:00.000 +0100,W,k,Kwartierwaarden voor belastingtransformator
6 003 560,f5ddc244-a296-4a79-8909-3288c542c8e4,50.00,2026-02-23 02:45:00.000 +0100,W,k,Kwartierwaarden voor belastingtransformator
6 003 560,f5ddc244-a296-4a79-8909-3288c542c8e4,50.00,2026-02-23 03:00:00.000 +0100,W,k,Kwartierwaarden voor belastingtransformator
6 003 560,f5ddc244-a296-4a79-8909-3288c542c8e4,50.00,2026-02-23 03:15:00.000 +0100,W,k,Kwartierwaarden voor belastingtransformator
6 003 560,f5ddc244-a296-4a79-8909-3288c542c8e4,50.00,2026-02-23 03:30:00.000 +0100,W,k,Kwartierwaarden voor belastingtransformator
6 003 560,f5ddc244-a296-4a79-8909-3288c542c8e4,50.00,2026-02-23 03:45:00.000 +0100,W,k,Kwartierwaarden voor belastingtransformator
6 003 560,f5ddc244-a296-4a79-8909-3288c542c8e4,51.00,2026-02-23 04:00:00.000 +0100,W,k,Kwartierwaarden voor belastingtransformator
6 003 560,f5ddc244-a296-4a79-8909-3288c542c8e4,52.00,2026-02-23 04:15:00.000 +0100,W,k,Kwartierwaarden voor belastingtransformator
6 003 560,f5ddc244-a296-4a79-8909-3288c542c8e4,53.00,2026-02-23 04:30:00.000 +0100,W,k,Kwartierwaarden voor belastingtransformator
6 003 560,f5ddc244-a296-4a79-8909-3288c542c8e4,55.00,2026-02-23 04:45:00.000 +0100,W,k,Kwartierwaarden voor belastingtransformator
6 003 560,f5ddc244-a296-4a79-8909-3288c542c8e4,58.00,2026-02-23 05:00:00.000 +0100,W,k,Kwartierwaarden voor belastingtransformator
6 003 560,f5ddc244-a296-4a79-8909-3288c542c8e4,61.00,2026-02-23 05:15:00.000 +0100,W,k,Kwartierwaarden voor belastingtransformator
6 003 560,f5ddc244-a296-4a79-8909-3288c542c8e4,66.00,2026-02-23 05:30:00.000 +0100,W,k,Kwartierwaarden voor belastingtransformator
6 003 560,f5ddc244-a296-4a79-8909-3288c542c8e4,70.00,2026-02-23 05:45:00.000 +0100,W,k,Kwartierwaarden voor belastingtransformator
6 003 560,f5ddc244-a296-4a79-8909-3288c542c8e4,77.00,2026-02-23 06:00:00.000 +0100,W,k,Kwartierwaarden voor belastingtransformator
6 003 560,f5ddc244-a296-4a79-8909-3288c542c8e4,82.00,2026-02-23 06:15:00.000 +0100,W,k,Kwartierwaarden voor belastingtransformator
6 003 560,f5ddc244-a296-4a79-8909-3288c542c8e4,85.00,2026-02-23 06:30:00.000 +0100,W,k,Kwartierwaarden voor belastingtransformator
6 003 560,f5ddc244-a296-4a79-8909-3288c542c8e4,89.00,2026-02-23 06:45:00.000 +0100,W,k,Kwartierwaarden voor belastingtransformator
6 003 560,f5ddc244-a296-4a79-8909-3288c542c8e4,92.00,2026-02-23 07:00:00.000 +0100,W,k,Kwartierwaarden voor belastingtransformator
6 003 560,f5ddc244-a296-4a79-8909-3288c542c8e4,91.00,2026-02-23 07:15:00.000 +0100,W,k,Kwartierwaarden voor belastingtransformator
6 003 560,f5ddc244-a296-4a79-8909-3288c542c8e4,89.00,2026-02-23 07:30:00.000 +0100,W,k,Kwartierwaarden voor belastingtransformator
6 003 560,f5ddc244-a296-4a79-8909-3288c542c8e4,87.00,2026-02-23 07:45:00.000 +0100,W,k,Kwartierwaarden voor belastingtransformator
6 003 560,f5ddc244-a296-4a79-8909-3288c542c8e4,85.00,2026-02-23 08:00:00.000 +0100,W,k,Kwartierwaarden voor belastingtransformator
6 003 560,f5ddc244-a296-4a79-8909-3288c542c8e4,80.00,2026-02-23 08:15:00.000 +0100,W,k,Kwartierwaarden voor belastingtransformator
6 003 560,f5ddc244-a296-4a79-8909-3288c542c8e4,75.00,2026-02-23 08:30:00.000 +0100,W,k,Kwartierwaarden voor belastingtransformator
6 003 560,f5ddc244-a296-4a79-8909-3288c542c8e4,70.00,2026-02-23 08:45:00.000 +0100,W,k,Kwartierwaarden voor belastingtransformator
6 003 560,f5ddc244-a296-4a79-8909-3288c542c8e4,63.00,2026-02-23 09:00:00.000 +0100,W,k,Kwartierwaarden voor belastingtransformator
6 003 560,f5ddc244-a296-4a79-8909-3288c542c8e4,61.00,2026-02-23 09:15:00.000 +0100,W,k,Kwartierwaarden voor belastingtransformator
6 003 560,f5ddc244-a296-4a79-8909-3288c542c8e4,59.00,2026-02-23 09:30:00.000 +0100,W,k,Kwartierwaarden voor belastingtransformator
6 003 560,f5ddc244-a296-4a79-8909-3288c542c8e4,58.00,2026-02-23 09:45:00.000 +0100,W,k,Kwartierwaarden voor belastingtransformator
6 003 560,f5ddc244-a296-4a79-8909-3288c542c8e4,58.00,2026-02-23 10:00:00.000 +0100,W,k,Kwartierwaarden voor belastingtransformator
6 003 560,f5ddc244-a296-4a79-8909-3288c542c8e4,57.00,2026-02-23 10:15:00.000 +0100,W,k,Kwartierwaarden voor belastingtransformator
6 003 560,f5ddc244-a296-4a79-8909-3288c542c8e4,57.00,2026-02-23 10:30:00.000 +0100,W,k,Kwartierwaarden voor belastingtransformator
6 003 560,f5ddc244-a296-4a79-8909-3288c542c8e4,57.00,2026-02-23 10:45:00.000 +0100,W,k,Kwartierwaarden voor belastingtransformator
6 003 560,f5ddc244-a296-4a79-8909-3288c542c8e4,57.00,2026-02-23 11:00:00.000 +0100,W,k,Kwartierwaarden voor belastingtransformator
6 003 560,f5ddc244-a296-4a79-8909-3288c542c8e4,44.00,2026-02-23 11:15:00.000 +0100,W,k,Kwartierwaarden voor belastingtransformator
6 003 560,f5ddc244-a296-4a79-8909-3288c542c8e4,31.00,2026-02-23 11:30:00.000 +0100,W,k,Kwartierwaarden voor belastingtransformator
6 003 560,f5ddc244-a296-4a79-8909-3288c542c8e4,18.00,2026-02-23 11:45:00.000 +0100,W,k,Kwartierwaarden voor belastingtransformator
6 003 560,f5ddc244-a296-4a79-8909-3288c542c8e4,6.00,2026-02-23 12:00:00.000 +0100,W,k,Kwartierwaarden voor belastingtransformator
6 003 560,f5ddc244-a296-4a79-8909-3288c542c8e4,-9.00,2026-02-23 12:15:00.000 +0100,W,k,Kwartierwaarden voor belastingtransformator
6 003 560,f5ddc244-a296-4a79-8909-3288c542c8e4,-23.00,2026-02-23 12:30:00.000 +0100,W,k,Kwartierwaarden voor belastingtransformator
6 003 560,f5ddc244-a296-4a79-8909-3288c542c8e4,-37.00,2026-02-23 12:45:00.000 +0100,W,k,Kwartierwaarden voor belastingtransformator
6 003 560,f5ddc244-a296-4a79-8909-3288c542c8e4,-52.00,2026-02-23 13:00:00.000 +0100,W,k,Kwartierwaarden voor belastingtransformator
6 003 560,f5ddc244-a296-4a79-8909-3288c542c8e4,-57.00,2026-02-23 13:15:00.000 +0100,W,k,Kwartierwaarden voor belastingtransformator
6 003 560,f5ddc244-a296-4a79-8909-3288c542c8e4,-62.00,2026-02-23 13:30:00.000 +0100,W,k,Kwartierwaarden voor belastingtransformator
6 003 560,f5ddc244-a296-4a79-8909-3288c542c8e4,-66.00,2026-02-23 13:45:00.000 +0100,W,k,Kwartierwaarden voor belastingtransformator
6 003 560,f5ddc244-a296-4a79-8909-3288c542c8e4,-71.00,2026-02-23 14:00:00.000 +0100,W,k,Kwartierwaarden voor belastingtransformator
6 003 560,f5ddc244-a296-4a79-8909-3288c542c8e4,-57.00,2026-02-23 14:15:00.000 +0100,W,k,Kwartierwaarden voor belastingtransformator
6 003 560,f5ddc244-a296-4a79-8909-3288c542c8e4,-42.00,2026-02-23 14:30:00.000 +0100,W,k,Kwartierwaarden voor belastingtransformator
6 003 560,f5ddc244-a296-4a79-8909-3288c542c8e4,-26.00,2026-02-23 14:45:00.000 +0100,W,k,Kwartierwaarden voor belastingtransformator
6 003 560,f5ddc244-a296-4a79-8909-3288c542c8e4,-8.00,2026-02-23 15:00:00.000 +0100,W,k,Kwartierwaarden voor belastingtransformator
6 003 560,f5ddc244-a296-4a79-8909-3288c542c8e4,0.00,2026-02-23 15:15:00.000 +0100,W,k,Kwartierwaarden voor belastingtransformator
6 003 560,f5ddc244-a296-4a79-8909-3288c542c8e4,13.00,2026-02-23 15:30:00.000 +0100,W,k,Kwartierwaarden voor belastingtransformator
6 003 560,f5ddc244-a296-4a79-8909-3288c542c8e4,28.00,2026-02-23 15:45:00.000 +0100,W,k,Kwartierwaarden voor belastingtransformator
6 003 560,f5ddc244-a296-4a79-8909-3288c542c8e4,45.00,2026-02-23 16:00:00.000 +0100,W,k,Kwartierwaarden voor belastingtransformator
6 003 560,f5ddc244-a296-4a79-8909-3288c542c8e4,78.00,2026-02-23 16:15:00.000 +0100,W,k,Kwartierwaarden voor belastingtransformator
6 003 560,f5ddc244-a296-4a79-8909-3288c542c8e4,106.00,2026-02-23 16:30:00.000 +0100,W,k,Kwartierwaarden voor belastingtransformator
6 003 560,f5ddc244-a296-4a79-8909-3288c542c8e4,131.00,2026-02-23 16:45:00.000 +0100,W,k,Kwartierwaarden voor belastingtransformator
6 003 560,f5ddc244-a296-4a79-8909-3288c542c8e4,153.00,2026-02-23 17:00:00.000 +0100,W,k,Kwartierwaarden voor belastingtransformator
6 003 560,f5ddc244-a296-4a79-8909-3288c542c8e4,154.00,2026-02-23 17:15:00.000 +0100,W,k,Kwartierwaarden voor belastingtransformator
6 003 560,f5ddc244-a296-4a79-8909-3288c542c8e4,156.00,2026-02-23 17:30:00.000 +0100,W,k,Kwartierwaarden voor belastingtransformator
6 003 560,f5ddc244-a296-4a79-8909-3288c542c8e4,155.00,2026-02-23 17:45:00.000 +0100,W,k,Kwartierwaarden voor belastingtransformator
6 003 560,f5ddc244-a296-4a79-8909-3288c542c8e4,153.00,2026-02-23 18:00:00.000 +0100,W,k,Kwartierwaarden voor belastingtransformator
6 003 560,f5ddc244-a296-4a79-8909-3288c542c8e4,149.00,2026-02-23 18:15:00.000 +0100,W,k,Kwartierwaarden voor belastingtransformator
6 003 560,f5ddc244-a296-4a79-8909-3288c542c8e4,145.00,2026-02-23 18:30:00.000 +0100,W,k,Kwartierwaarden voor belastingtransformator
6 003 560,f5ddc244-a296-4a79-8909-3288c542c8e4,143.00,2026-02-23 18:45:00.000 +0100,W,k,Kwartierwaarden voor belastingtransformator
6 003 560,f5ddc244-a296-4a79-8909-3288c542c8e4,138.00,2026-02-23 19:00:00.000 +0100,W,k,Kwartierwaarden voor belastingtransformator
6 003 560,f5ddc244-a296-4a79-8909-3288c542c8e4,135.00,2026-02-23 19:15:00.000 +0100,W,k,Kwartierwaarden voor belastingtransformator
6 003 560,f5ddc244-a296-4a79-8909-3288c542c8e4,130.00,2026-02-23 19:30:00.000 +0100,W,k,Kwartierwaarden voor belastingtransformator
6 003 560,f5ddc244-a296-4a79-8909-3288c542c8e4,126.00,2026-02-23 19:45:00.000 +0100,W,k,Kwartierwaarden voor belastingtransformator
6 003 560,f5ddc244-a296-4a79-8909-3288c542c8e4,121.00,2026-02-23 20:00:00.000 +0100,W,k,Kwartierwaarden voor belastingtransformator
6 003 560,f5ddc244-a296-4a79-8909-3288c542c8e4,118.00,2026-02-23 20:15:00.000 +0100,W,k,Kwartierwaarden voor belastingtransformator
6 003 560,f5ddc244-a296-4a79-8909-3288c542c8e4,114.00,2026-02-23 20:30:00.000 +0100,W,k,Kwartierwaarden voor belastingtransformator
6 003 560,f5ddc244-a296-4a79-8909-3288c542c8e4,110.00,2026-02-23 20:45:00.000 +0100,W,k,Kwartierwaarden voor belastingtransformator
6 003 560,f5ddc244-a296-4a79-8909-3288c542c8e4,105.00,2026-02-23 21:00:00.000 +0100,W,k,Kwartierwaarden voor belastingtransformator
6 003 560,f5ddc244-a296-4a79-8909-3288c542c8e4,101.00,2026-02-23 21:15:00.000 +0100,W,k,Kwartierwaarden voor belastingtransformator
6 003 560,f5ddc244-a296-4a79-8909-3288c542c8e4,96.00,2026-02-23 21:30:00.000 +0100,W,k,Kwartierwaarden voor belastingtransformator
6 003 560,f5ddc244-a296-4a79-8909-3288c542c8e4,90.00,2026-02-23 21:45:00.000 +0100,W,k,Kwartierwaarden voor belastingtransformator
6 003 560,f5ddc244-a296-4a79-8909-3288c542c8e4,85.00,2026-02-23 22:00:00.000 +0100,W,k,Kwartierwaarden voor belastingtransformator
6 003 560,f5ddc244-a296-4a79-8909-3288c542c8e4,80.00,2026-02-23 22:15:00.000 +0100,W,k,Kwartierwaarden voor belastingtransformator
6 003 560,f5ddc244-a296-4a79-8909-3288c542c8e4,76.00,2026-02-23 22:30:00.000 +0100,W,k,Kwartierwaarden voor belastingtransformator
6 003 560,f5ddc244-a296-4a79-8909-3288c542c8e4,72.00,2026-02-23 22:45:00.000 +0100,W,k,Kwartierwaarden voor belastingtransformator
6 003 560,f5ddc244-a296-4a79-8909-3288c542c8e4,69.00,2026-02-23 23:00:00.000 +0100,W,k,Kwartierwaarden voor belastingtransformator
6 003 560,f5ddc244-a296-4a79-8909-3288c542c8e4,66.00,2026-02-23 23:15:00.000 +0100,W,k,Kwartierwaarden voor belastingtransformator
6 003 560,f5ddc244-a296-4a79-8909-3288c542c8e4,63.00,2026-02-23 23:30:00.000 +0100,W,k,Kwartierwaarden voor belastingtransformator
6 003 560,f5ddc244-a296-4a79-8909-3288c542c8e4,61.00,2026-02-23 23:45:00.000 +0100,W,k,Kwartierwaarden voor belastingtransformator
6 003 560,f5ddc244-a296-4a79-8909-3288c542c8e4,59.00,2026-02-24 00:00:00.000 +0100,W,k,Kwartierwaarden voor belastingtransformator
6 003 560,f5ddc244-a296-4a79-8909-3288c542c8e4,58.00,2026-02-24 00:15:00.000 +0100,W,k,Kwartierwaarden voor belastingtransformator
6 003 560,f5ddc244-a296-4a79-8909-3288c542c8e4,56.00,2026-02-24 00:30:00.000 +0100,W,k,Kwartierwaarden voor belastingtransformator
6 003 560,f5ddc244-a296-4a79-8909-3288c542c8e4,55.00,2026-02-24 00:45:00.000 +0100,W,k,Kwartierwaarden voor belastingtransformator
6 003 560,f5ddc244-a296-4a79-8909-3288c542c8e4,54.00,2026-02-24 01:00:00.000 +0100,W,k,Kwartierwaarden voor belastingtransformator
6 003 560,f5ddc244-a296-4a79-8909-3288c542c8e4,54.00,2026-02-24 01:15:00.000 +0100,W,k,Kwartierwaarden voor belastingtransformator
6 003 560,f5ddc244-a296-4a79-8909-3288c542c8e4,53.00,2026-02-24 01:30:00.000 +0100,W,k,Kwartierwaarden voor belastingtransformator
6 003 560,f5ddc244-a296-4a79-8909-3288c542c8e4,52.00,2026-02-24 01:45:00.000 +0100,W,k,Kwartierwaarden voor belastingtransformator
6 003 560,f5ddc244-a296-4a79-8909-3288c542c8e4,52.00,2026-02-24 02:00:00.000 +0100,W,k,Kwartierwaarden voor belastingtransformator
6 003 560,f5ddc244-a296-4a79-8909-3288c542c8e4,52.00,2026-02-24 02:15:00.000 +0100,W,k,Kwartierwaarden voor belastingtransformator
6 003 560,f5ddc244-a296-4a79-8909-3288c542c8e4,51.00,2026-02-24 02:30:00.000 +0100,W,k,Kwartierwaarden voor belastingtransformator
6 003 560,f5ddc244-a296-4a79-8909-3288c542c8e4,51.00,2026-02-24 02:45:00.000 +0100,W,k,Kwartierwaarden voor belastingtransformator
6 003 560,f5ddc244-a296-4a79-8909-3288c542c8e4,51.00,2026-02-24 03:00:00.000 +0100,W,k,Kwartierwaarden voor belastingtransformator
6 003 560,f5ddc244-a296-4a79-8909-3288c542c8e4,51.00,2026-02-24 03:15:00.000 +0100,W,k,Kwartierwaarden voor belastingtransformator
6 003 560,f5ddc244-a296-4a79-8909-3288c542c8e4,51.00,2026-02-24 03:30:00.000 +0100,W,k,Kwartierwaarden voor belastingtransformator
6 003 560,f5ddc244-a296-4a79-8909-3288c542c8e4,52.00,2026-02-24 03:45:00.000 +0100,W,k,Kwartierwaarden voor belastingtransformator
6 003 560,f5ddc244-a296-4a79-8909-3288c542c8e4,52.00,2026-02-24 04:00:00.000 +0100,W,k,Kwartierwaarden voor belastingtransformator
6 003 560,f5ddc244-a296-4a79-8909-3288c542c8e4,53.00,2026-02-24 04:15:00.000 +0100,W,k,Kwartierwaarden voor belastingtransformator
6 003 560,f5ddc244-a296-4a79-8909-3288c542c8e4,55.00,2026-02-24 04:30:00.000 +0100,W,k,Kwartierwaarden voor belastingtransformator
6 003 560,f5ddc244-a296-4a79-8909-3288c542c8e4,57.00,2026-02-24 04:45:00.000 +0100,W,k,Kwartierwaarden voor belastingtransformator
6 003 560,f5ddc244-a296-4a79-8909-3288c542c8e4,60.00,2026-02-24 05:00:00.000 +0100,W,k,Kwartierwaarden voor belastingtransformator
6 003 560,f5ddc244-a296-4a79-8909-3288c542c8e4,63.00,2026-02-24 05:15:00.000 +0100,W,k,Kwartierwaarden voor belastingtransformator
6 003 560,f5ddc244-a296-4a79-8909-3288c542c8e4,68.00,2026-02-24 05:30:00.000 +0100,W,k,Kwartierwaarden voor belastingtransformator
6 003 560,f5ddc244-a296-4a79-8909-3288c542c8e4,73.00,2026-02-24 05:45:00.000 +0100,W,k,Kwartierwaarden voor belastingtransformator
6 003 560,f5ddc244-a296-4a79-8909-3288c542c8e4,80.00,2026-02-24 06:00:00.000 +0100,W,k,Kwartierwaarden voor belastingtransformator
6 003 560,f5ddc244-a296-4a79-8909-3288c542c8e4,85.00,2026-02-24 06:15:00.000 +0100,W,k,Kwartierwaarden voor belastingtransformator
6 003 560,f5ddc244-a296-4a79-8909-3288c542c8e4,89.00,2026-02-24 06:30:00.000 +0100,W,k,Kwartierwaarden voor belastingtransformator
6 003 560,f5ddc244-a296-4a79-8909-3288c542c8e4,92.00,2026-02-24 06:45:00.000 +0100,W,k,Kwartierwaarden voor belastingtransformator
6 003 560,f5ddc244-a296-4a79-8909-3288c542c8e4,91.00,2026-02-24 07:00:00.000 +0100,W,k,Kwartierwaarden voor belastingtransformator
6 003 560,f5ddc244-a296-4a79-8909-3288c542c8e4,88.00,2026-02-24 07:15:00.000 +0100,W,k,Kwartierwaarden voor belastingtransformator
6 003 560,f5ddc244-a296-4a79-8909-3288c542c8e4,85.00,2026-02-24 07:30:00.000 +0100,W,k,Kwartierwaarden voor belastingtransformator
6 003 560,f5ddc244-a296-4a79-8909-3288c542c8e4,83.00,2026-02-24 07:45:00.000 +0100,W,k,Kwartierwaarden voor belastingtransformator
6 003 560,f5ddc244-a296-4a79-8909-3288c542c8e4,79.00,2026-02-24 08:00:00.000 +0100,W,k,Kwartierwaarden voor belastingtransformator
6 003 560,f5ddc244-a296-4a79-8909-3288c542c8e4,75.00,2026-02-24 08:15:00.000 +0100,W,k,Kwartierwaarden voor belastingtransformator
6 003 560,f5ddc244-a296-4a79-8909-3288c542c8e4,71.00,2026-02-24 08:30:00.000 +0100,W,k,Kwartierwaarden voor belastingtransformator
6 003 560,f5ddc244-a296-4a79-8909-3288c542c8e4,66.00,2026-02-24 08:45:00.000 +0100,W,k,Kwartierwaarden voor belastingtransformator
6 003 560,f5ddc244-a296-4a79-8909-3288c542c8e4,61.00,2026-02-24 09:00:00.000 +0100,W,k,Kwartierwaarden voor belastingtransformator
6 003 560,f5ddc244-a296-4a79-8909-3288c542c8e4,60.00,2026-02-24 09:15:00.000 +0100,W,k,Kwartierwaarden voor belastingtransformator
6 003 560,f5ddc244-a296-4a79-8909-3288c542c8e4,57.00,2026-02-24 09:30:00.000 +0100,W,k,Kwartierwaarden voor belastingtransformator
6 003 560,f5ddc244-a296-4a79-8909-3288c542c8e4,56.00,2026-02-24 09:45:00.000 +0100,W,k,Kwartierwaarden voor belastingtransformator
6 003 560,f5ddc244-a296-4a79-8909-3288c542c8e4,55.00,2026-02-24 10:00:00.000 +0100,W,k,Kwartierwaarden voor belastingtransformator
6 003 560,f5ddc244-a296-4a79-8909-3288c542c8e4,54.00,2026-02-24 10:15:00.000 +0100,W,k,Kwartierwaarden voor belastingtransformator
6 003 560,f5ddc244-a296-4a79-8909-3288c542c8e4,54.00,2026-02-24 10:30:00.000 +0100,W,k,Kwartierwaarden voor belastingtransformator
6 003 560,f5ddc244-a296-4a79-8909-3288c542c8e4,55.00,2026-02-24 10:45:00.000 +0100,W,k,Kwartierwaarden voor belastingtransformator
6 003 560,f5ddc244-a296-4a79-8909-3288c542c8e4,54.00,2026-02-24 11:00:00.000 +0100,W,k,Kwartierwaarden voor belastingtransformator
6 003 560,f5ddc244-a296-4a79-8909-3288c542c8e4,55.00,2026-02-24 11:15:00.000 +0100,W,k,Kwartierwaarden voor belastingtransformator
6 003 560,f5ddc244-a296-4a79-8909-3288c542c8e4,56.00,2026-02-24 11:30:00.000 +0100,W,k,Kwartierwaarden voor belastingtransformator
6 003 560,f5ddc244-a296-4a79-8909-3288c542c8e4,58.00,2026-02-24 11:45:00.000 +0100,W,k,Kwartierwaarden voor belastingtransformator
6 003 560,f5ddc244-a296-4a79-8909-3288c542c8e4,60.00,2026-02-24 12:00:00.000 +0100,W,k,Kwartierwaarden voor belastingtransformator
6 003 560,f5ddc244-a296-4a79-8909-3288c542c8e4,60.00,2026-02-24 12:15:00.000 +0100,W,k,Kwartierwaarden voor belastingtransformator
6 003 560,f5ddc244-a296-4a79-8909-3288c542c8e4,60.00,2026-02-24 12:30:00.000 +0100,W,k,Kwartierwaarden voor belastingtransformator
6 003 560,f5ddc244-a296-4a79-8909-3288c542c8e4,60.00,2026-02-24 12:45:00.000 +0100,W,k,Kwartierwaarden voor belastingtransformator
6 003 560,f5ddc244-a296-4a79-8909-3288c542c8e4,60.00,2026-02-24 13:00:00.000 +0100,W,k,Kwartierwaarden voor belastingtransformator
6 003 560,f5ddc244-a296-4a79-8909-3288c542c8e4,62.00,2026-02-24 13:15:00.000 +0100,W,k,Kwartierwaarden voor belastingtransformator
6 003 560,f5ddc244-a296-4a79-8909-3288c542c8e4,64.00,2026-02-24 13:30:00.000 +0100,W,k,Kwartierwaarden voor belastingtransformator
6 003 560,f5ddc244-a296-4a79-8909-3288c542c8e4,65.00,2026-02-24 13:45:00.000 +0100,W,k,Kwartierwaarden voor belastingtransformator
6 003 560,f5ddc244-a296-4a79-8909-3288c542c8e4,66.00,2026-02-24 14:00:00.000 +0100,W,k,Kwartierwaarden voor belastingtransformator
6 003 560,f5ddc244-a296-4a79-8909-3288c542c8e4,65.00,2026-02-24 14:15:00.000 +0100,W,k,Kwartierwaarden voor belastingtransformator
6 003 560,f5ddc244-a296-4a79-8909-3288c542c8e4,65.00,2026-02-24 14:30:00.000 +0100,W,k,Kwartierwaarden voor belastingtransformator
6 003 560,f5ddc244-a296-4a79-8909-3288c542c8e4,67.00,2026-02-24 14:45:00.000 +0100,W,k,Kwartierwaarden voor belastingtransformator
6 003 560,f5ddc244-a296-4a79-8909-3288c542c8e4,70.00,2026-02-24 15:00:00.000 +0100,W,k,Kwartierwaarden voor belastingtransformator
6 003 560,f5ddc244-a296-4a79-8909-3288c542c8e4,74.00,2026-02-24 15:15:00.000 +0100,W,k,Kwartierwaarden voor belastingtransformator
6 003 560,f5ddc244-a296-4a79-8909-3288c542c8e4,82.00,2026-02-24 15:30:00.000 +0100,W,k,Kwartierwaarden voor belastingtransformator
6 003 560,f5ddc244-a296-4a79-8909-3288c542c8e4,94.00,2026-02-24 15:45:00.000 +0100,W,k,Kwartierwaarden voor belastingtransformator
6 003 560,f5ddc244-a296-4a79-8909-3288c542c8e4,108.00,2026-02-24 16:00:00.000 +0100,W,k,Kwartierwaarden voor belastingtransformator
6 003 560,f5ddc244-a296-4a79-8909-3288c542c8e4,125.00,2026-02-24 16:15:00.000 +0100,W,k,Kwartierwaarden voor belastingtransformator
6 003 560,f5ddc244-a296-4a79-8909-3288c542c8e4,137.00,2026-02-24 16:30:00.000 +0100,W,k,Kwartierwaarden voor belastingtransformator
6 003 560,f5ddc244-a296-4a79-8909-3288c542c8e4,145.00,2026-02-24 16:45:00.000 +0100,W,k,Kwartierwaarden voor belastingtransformator
6 003 560,f5ddc244-a296-4a79-8909-3288c542c8e4,148.00,2026-02-24 17:00:00.000 +0100,W,k,Kwartierwaarden voor belastingtransformator
6 003 560,f5ddc244-a296-4a79-8909-3288c542c8e4,150.00,2026-02-24 17:15:00.000 +0100,W,k,Kwartierwaarden voor belastingtransformator
6 003 560,f5ddc244-a296-4a79-8909-3288c542c8e4,151.00,2026-02-24 17:30:00.000 +0100,W,k,Kwartierwaarden voor belastingtransformator
6 003 560,f5ddc244-a296-4a79-8909-3288c542c8e4,150.00,2026-02-24 17:45:00.000 +0100,W,k,Kwartierwaarden voor belastingtransformator
6 003 560,f5ddc244-a296-4a79-8909-3288c542c8e4,148.00,2026-02-24 18:00:00.000 +0100,W,k,Kwartierwaarden voor belastingtransformator
6 003 560,f5ddc244-a296-4a79-8909-3288c542c8e4,144.00,2026-02-24 18:15:00.000 +0100,W,k,Kwartierwaarden voor belastingtransformator
6 003 560,f5ddc244-a296-4a79-8909-3288c542c8e4,141.00,2026-02-24 18:30:00.000 +0100,W,k,Kwartierwaarden voor belastingtransformator
6 003 560,f5ddc244-a296-4a79-8909-3288c542c8e4,139.00,2026-02-24 18:45:00.000 +0100,W,k,Kwartierwaarden voor belastingtransformator
6 003 560,f5ddc244-a296-4a79-8909-3288c542c8e4,134.00,2026-02-24 19:00:00.000 +0100,W,k,Kwartierwaarden voor belastingtransformator
6 003 560,f5ddc244-a296-4a79-8909-3288c542c8e4,131.00,2026-02-24 19:15:00.000 +0100,W,k,Kwartierwaarden voor belastingtransformator
6 003 560,f5ddc244-a296-4a79-8909-3288c542c8e4,126.00,2026-02-24 19:30:00.000 +0100,W,k,Kwartierwaarden voor belastingtransformator
6 003 560,f5ddc244-a296-4a79-8909-3288c542c8e4,123.00,2026-02-24 19:45:00.000 +0100,W,k,Kwartierwaarden voor belastingtransformator
6 003 560,f5ddc244-a296-4a79-8909-3288c542c8e4,119.00,2026-02-24 20:00:00.000 +0100,W,k,Kwartierwaarden voor belastingtransformator
6 003 560,f5ddc244-a296-4a79-8909-3288c542c8e4,115.00,2026-02-24 20:15:00.000 +0100,W,k,Kwartierwaarden voor belastingtransformator
6 003 560,f5ddc244-a296-4a79-8909-3288c542c8e4,111.00,2026-02-24 20:30:00.000 +0100,W,k,Kwartierwaarden voor belastingtransformator
6 003 560,f5ddc244-a296-4a79-8909-3288c542c8e4,108.00,2026-02-24 20:45:00.000 +0100,W,k,Kwartierwaarden voor belastingtransformator
6 003 560,f5ddc244-a296-4a79-8909-3288c542c8e4,104.00,2026-02-24 21:00:00.000 +0100,W,k,Kwartierwaarden voor belastingtransformator
6 003 560,f5ddc244-a296-4a79-8909-3288c542c8e4,100.00,2026-02-24 21:15:00.000 +0100,W,k,Kwartierwaarden voor belastingtransformator
6 003 560,f5ddc244-a296-4a79-8909-3288c542c8e4,95.00,2026-02-24 21:30:00.000 +0100,W,k,Kwartierwaarden voor belastingtransformator
6 003 560,f5ddc244-a296-4a79-8909-3288c542c8e4,90.00,2026-02-24 21:45:00.000 +0100,W,k,Kwartierwaarden voor belastingtransformator
6 003 560,f5ddc244-a296-4a79-8909-3288c542c8e4,85.00,2026-02-24 22:00:00.000 +0100,W,k,Kwartierwaarden voor belastingtransformator
6 003 560,f5ddc244-a296-4a79-8909-3288c542c8e4,81.00,2026-02-24 22:15:00.000 +0100,W,k,Kwartierwaarden voor belastingtransformator
6 003 560,f5ddc244-a296-4a79-8909-3288c542c8e4,76.00,2026-02-24 22:30:00.000 +0100,W,k,Kwartierwaarden voor belastingtransformator
6 003 560,f5ddc244-a296-4a79-8909-3288c542c8e4,72.00,2026-02-24 22:45:00.000 +0100,W,k,Kwartierwaarden voor belastingtransformator
6 003 560,f5ddc244-a296-4a79-8909-3288c542c8e4,69.00,2026-02-24 23:00:00.000 +0100,W,k,Kwartierwaarden voor belastingtransformator
6 003 560,f5ddc244-a296-4a79-8909-3288c542c8e4,66.00,2026-02-24 23:15:00.000 +0100,W,k,Kwartierwaarden voor belastingtransformator
6 003 560,f5ddc244-a296-4a79-8909-3288c542c8e4,63.00,2026-02-24 23:30:00.000 +0100,W,k,Kwartierwaarden voor belastingtransformator
6 003 560,f5ddc244-a296-4a79-8909-3288c542c8e4,61.00,2026-02-24 23:45:00.000 +0100,W,k,Kwartierwaarden voor belastingtransformator
6 003 560,f5ddc244-a296-4a79-8909-3288c542c8e4,59.00,2026-02-25 00:00:00.000 +0100,W,k,Kwartierwaarden voor belastingtransformator
6 003 560,f5ddc244-a296-4a79-8909-3288c542c8e4,58.00,2026-02-25 00:15:00.000 +0100,W,k,Kwartierwaarden voor belastingtransformator
6 003 560,f5ddc244-a296-4a79-8909-3288c542c8e4,56.00,2026-02-25 00:30:00.000 +0100,W,k,Kwartierwaarden voor belastingtransformator
6 003 560,f5ddc244-a296-4a79-8909-3288c542c8e4,55.00,2026-02-25 00:45:00.000 +0100,W,k,Kwartierwaarden voor belastingtransformator
6 003 560,f5ddc244-a296-4a79-8909-3288c542c8e4,54.00,2026-02-25 01:00:00.000 +0100,W,k,Kwartierwaarden voor belastingtransformator
6 003 560,f5ddc244-a296-4a79-8909-3288c542c8e4,53.00,2026-02-25 01:15:00.000 +0100,W,k,Kwartierwaarden voor belastingtransformator
6 003 560,f5ddc244-a296-4a79-8909-3288c542c8e4,52.00,2026-02-25 01:30:00.000 +0100,W,k,Kwartierwaarden voor belastingtransformator
6 003 560,f5ddc244-a296-4a79-8909-3288c542c8e4,52.00,2026-02-25 01:45:00.000 +0100,W,k,Kwartierwaarden voor belastingtransformator
6 003 560,f5ddc244-a296-4a79-8909-3288c542c8e4,51.00,2026-02-25 02:00:00.000 +0100,W,k,Kwartierwaarden voor belastingtransformator
6 003 560,f5ddc244-a296-4a79-8909-3288c542c8e4,51.00,2026-02-25 02:15:00.000 +0100,W,k,Kwartierwaarden voor belastingtransformator
6 003 560,f5ddc244-a296-4a79-8909-3288c542c8e4,50.00,2026-02-25 02:30:00.000 +0100,W,k,Kwartierwaarden voor belastingtransformator
6 003 560,f5ddc244-a296-4a79-8909-3288c542c8e4,50.00,2026-02-25 02:45:00.000 +0100,W,k,Kwartierwaarden voor belastingtransformator
6 003 560,f5ddc244-a296-4a79-8909-3288c542c8e4,50.00,2026-02-25 03:00:00.000 +0100,W,k,Kwartierwaarden voor belastingtransformator
6 003 560,f5ddc244-a296-4a79-8909-3288c542c8e4,50.00,2026-02-25 03:15:00.000 +0100,W,k,Kwartierwaarden voor belastingtransformator
6 003 560,f5ddc244-a296-4a79-8909-3288c542c8e4,50.00,2026-02-25 03:30:00.000 +0100,W,k,Kwartierwaarden voor belastingtransformator
6 003 560,f5ddc244-a296-4a79-8909-3288c542c8e4,50.00,2026-02-25 03:45:00.000 +0100,W,k,Kwartierwaarden voor belastingtransformator
6 003 560,f5ddc244-a296-4a79-8909-3288c542c8e4,51.00,2026-02-25 04:00:00.000 +0100,W,k,Kwartierwaarden voor belastingtransformator
6 003 560,f5ddc244-a296-4a79-8909-3288c542c8e4,52.00,2026-02-25 04:15:00.000 +0100,W,k,Kwartierwaarden voor belastingtransformator
6 003 560,f5ddc244-a296-4a79-8909-3288c542c8e4,53.00,2026-02-25 04:30:00.000 +0100,W,k,Kwartierwaarden voor belastingtransformator
6 003 560,f5ddc244-a296-4a79-8909-3288c542c8e4,55.00,2026-02-25 04:45:00.000 +0100,W,k,Kwartierwaarden voor belastingtransformator
6 003 560,f5ddc244-a296-4a79-8909-3288c542c8e4,58.00,2026-02-25 05:00:00.000 +0100,W,k,Kwartierwaarden voor belastingtransformator
6 003 560,f5ddc244-a296-4a79-8909-3288c542c8e4,61.00,2026-02-25 05:15:00.000 +0100,W,k,Kwartierwaarden voor belastingtransformator
6 003 560,f5ddc244-a296-4a79-8909-3288c542c8e4,66.00,2026-02-25 05:30:00.000 +0100,W,k,Kwartierwaarden voor belastingtransformator
6 003 560,f5ddc244-a296-4a79-8909-3288c542c8e4,71.00,2026-02-25 05:45:00.000 +0100,W,k,Kwartierwaarden voor belastingtransformator
6 003 560,f5ddc244-a296-4a79-8909-3288c542c8e4,78.00,2026-02-25 06:00:00.000 +0100,W,k,Kwartierwaarden voor belastingtransformator
6 003 560,f5ddc244-a296-4a79-8909-3288c542c8e4,81.00,2026-02-25 06:15:00.000 +0100,W,k,Kwartierwaarden voor belastingtransformator
6 003 560,f5ddc244-a296-4a79-8909-3288c542c8e4,85.00,2026-02-25 06:30:00.000 +0100,W,k,Kwartierwaarden voor belastingtransformator
6 003 560,f5ddc244-a296-4a79-8909-3288c542c8e4,89.00,2026-02-25 06:45:00.000 +0100,W,k,Kwartierwaarden voor belastingtransformator
6 003 560,f5ddc244-a296-4a79-8909-3288c542c8e4,90.00,2026-02-25 07:00:00.000 +0100,W,k,Kwartierwaarden voor belastingtransformator
6 003 560,f5ddc244-a296-4a79-8909-3288c542c8e4,79.00,2026-02-25 07:15:00.000 +0100,W,k,Kwartierwaarden voor belastingtransformator
6 003 560,f5ddc244-a296-4a79-8909-3288c542c8e4,69.00,2026-02-25 07:30:00.000 +0100,W,k,Kwartierwaarden voor belastingtransformator
6 003 560,f5ddc244-a296-4a79-8909-3288c542c8e4,59.00,2026-02-25 07:45:00.000 +0100,W,k,Kwartierwaarden voor belastingtransformator
6 003 560,f5ddc244-a296-4a79-8909-3288c542c8e4,47.00,2026-02-25 08:00:00.000 +0100,W,k,Kwartierwaarden voor belastingtransformator
6 003 560,f5ddc244-a296-4a79-8909-3288c542c8e4,22.00,2026-02-25 08:15:00.000 +0100,W,k,Kwartierwaarden voor belastingtransformator
6 003 560,f5ddc244-a296-4a79-8909-3288c542c8e4,-3.00,2026-02-25 08:30:00.000 +0100,W,k,Kwartierwaarden voor belastingtransformator
6 003 560,f5ddc244-a296-4a79-8909-3288c542c8e4,-29.00,2026-02-25 08:45:00.000 +0100,W,k,Kwartierwaarden voor belastingtransformator
6 003 560,f5ddc244-a296-4a79-8909-3288c542c8e4,-54.00,2026-02-25 09:00:00.000 +0100,W,k,Kwartierwaarden voor belastingtransformator
6 003 560,f5ddc244-a296-4a79-8909-3288c542c8e4,-75.00,2026-02-25 09:15:00.000 +0100,W,k,Kwartierwaarden voor belastingtransformator
6 003 560,f5ddc244-a296-4a79-8909-3288c542c8e4,-97.00,2026-02-25 09:30:00.000 +0100,W,k,Kwartierwaarden voor belastingtransformator
6 003 560,f5ddc244-a296-4a79-8909-3288c542c8e4,-117.00,2026-02-25 09:45:00.000 +0100,W,k,Kwartierwaarden voor belastingtransformator
6 003 560,f5ddc244-a296-4a79-8909-3288c542c8e4,-137.00,2026-02-25 10:00:00.000 +0100,W,k,Kwartierwaarden voor belastingtransformator
6 003 560,f5ddc244-a296-4a79-8909-3288c542c8e4,-154.00,2026-02-25 10:15:00.000 +0100,W,k,Kwartierwaarden voor belastingtransformator
6 003 560,f5ddc244-a296-4a79-8909-3288c542c8e4,-169.00,2026-02-25 10:30:00.000 +0100,W,k,Kwartierwaarden voor belastingtransformator
6 003 560,f5ddc244-a296-4a79-8909-3288c542c8e4,-182.00,2026-02-25 10:45:00.000 +0100,W,k,Kwartierwaarden voor belastingtransformator
6 003 560,f5ddc244-a296-4a79-8909-3288c542c8e4,-196.00,2026-02-25 11:00:00.000 +0100,W,k,Kwartierwaarden voor belastingtransformator
6 003 560,f5ddc244-a296-4a79-8909-3288c542c8e4,-202.00,2026-02-25 11:15:00.000 +0100,W,k,Kwartierwaarden voor belastingtransformator
6 003 560,f5ddc244-a296-4a79-8909-3288c542c8e4,-208.00,2026-02-25 11:30:00.000 +0100,W,k,Kwartierwaarden voor belastingtransformator
6 003 560,f5ddc244-a296-4a79-8909-3288c542c8e4,-213.00,2026-02-25 11:45:00.000 +0100,W,k,Kwartierwaarden voor belastingtransformator
6 003 560,f5ddc244-a296-4a79-8909-3288c542c8e4,-220.00,2026-02-25 12:00:00.000 +0100,W,k,Kwartierwaarden voor belastingtransformator
6 003 560,f5ddc244-a296-4a79-8909-3288c542c8e4,-219.00,2026-02-25 12:15:00.000 +0100,W,k,Kwartierwaarden voor belastingtransformator
6 003 560,f5ddc244-a296-4a79-8909-3288c542c8e4,-218.00,2026-02-25 12:30:00.000 +0100,W,k,Kwartierwaarden voor belastingtransformator
6 003 560,f5ddc244-a296-4a79-8909-3288c542c8e4,-217.00,2026-02-25 12:45:00.000 +0100,W,k,Kwartierwaarden voor belastingtransformator
6 003 560,f5ddc244-a296-4a79-8909-3288c542c8e4,-216.00,2026-02-25 13:00:00.000 +0100,W,k,Kwartierwaarden voor belastingtransformator
6 003 560,f5ddc244-a296-4a79-8909-3288c542c8e4,-207.00,2026-02-25 13:15:00.000 +0100,W,k,Kwartierwaarden voor belastingtransformator
6 003 560,f5ddc244-a296-4a79-8909-3288c542c8e4,-198.00,2026-02-25 13:30:00.000 +0100,W,k,Kwartierwaarden voor belastingtransformator
6 003 560,f5ddc244-a296-4a79-8909-3288c542c8e4,-189.00,2026-02-25 13:45:00.000 +0100,W,k,Kwartierwaarden voor belastingtransformator
6 003 560,f5ddc244-a296-4a79-8909-3288c542c8e4,-181.00,2026-02-25 14:00:00.000 +0100,W,k,Kwartierwaarden voor belastingtransformator
6 003 560,f5ddc244-a296-4a79-8909-3288c542c8e4,-166.00,2026-02-25 14:15:00.000 +0100,W,k,Kwartierwaarden voor belastingtransformator
6 003 560,f5ddc244-a296-4a79-8909-3288c542c8e4,-150.00,2026-02-25 14:30:00.000 +0100,W,k,Kwartierwaarden voor belastingtransformator
6 003 560,f5ddc244-a296-4a79-8909-3288c542c8e4,-133.00,2026-02-25 14:45:00.000 +0100,W,k,Kwartierwaarden voor belastingtransformator
6 003 560,f5ddc244-a296-4a79-8909-3288c542c8e4,-115.00,2026-02-25 15:00:00.000 +0100,W,k,Kwartierwaarden voor belastingtransformator
6 003 560,f5ddc244-a296-4a79-8909-3288c542c8e4,-92.00,2026-02-25 15:15:00.000 +0100,W,k,Kwartierwaarden voor belastingtransformator
6 003 560,f5ddc244-a296-4a79-8909-3288c542c8e4,-66.00,2026-02-25 15:30:00.000 +0100,W,k,Kwartierwaarden voor belastingtransformator
6 003 560,f5ddc244-a296-4a79-8909-3288c542c8e4,-39.00,2026-02-25 15:45:00.000 +0100,W,k,Kwartierwaarden voor belastingtransformator
6 003 560,f5ddc244-a296-4a79-8909-3288c542c8e4,-7.00,2026-02-25 16:00:00.000 +0100,W,k,Kwartierwaarden voor belastingtransformator
6 003 560,f5ddc244-a296-4a79-8909-3288c542c8e4,36.00,2026-02-25 16:15:00.000 +0100,W,k,Kwartierwaarden voor belastingtransformator
6 003 560,f5ddc244-a296-4a79-8909-3288c542c8e4,74.00,2026-02-25 16:30:00.000 +0100,W,k,Kwartierwaarden voor belastingtransformator
6 003 560,f5ddc244-a296-4a79-8909-3288c542c8e4,108.00,2026-02-25 16:45:00.000 +0100,W,k,Kwartierwaarden voor belastingtransformator
6 003 560,f5ddc244-a296-4a79-8909-3288c542c8e4,139.00,2026-02-25 17:00:00.000 +0100,W,k,Kwartierwaarden voor belastingtransformator
6 003 560,f5ddc244-a296-4a79-8909-3288c542c8e4,142.00,2026-02-25 17:15:00.000 +0100,W,k,Kwartierwaarden voor belastingtransformator
6 003 560,f5ddc244-a296-4a79-8909-3288c542c8e4,145.00,2026-02-25 17:30:00.000 +0100,W,k,Kwartierwaarden voor belastingtransformator
6 003 560,f5ddc244-a296-4a79-8909-3288c542c8e4,146.00,2026-02-25 17:45:00.000 +0100,W,k,Kwartierwaarden voor belastingtransformator
6 003 560,f5ddc244-a296-4a79-8909-3288c542c8e4,145.00,2026-02-25 18:00:00.000 +0100,W,k,Kwartierwaarden voor belastingtransformator
6 003 560,f5ddc244-a296-4a79-8909-3288c542c8e4,142.00,2026-02-25 18:15:00.000 +0100,W,k,Kwartierwaarden voor belastingtransformator
6 003 560,f5ddc244-a296-4a79-8909-3288c542c8e4,138.00,2026-02-25 18:30:00.000 +0100,W,k,Kwartierwaarden voor belastingtransformator
6 003 560,f5ddc244-a296-4a79-8909-3288c542c8e4,137.00,2026-02-25 18:45:00.000 +0100,W,k,Kwartierwaarden voor belastingtransformator
6 003 560,f5ddc244-a296-4a79-8909-3288c542c8e4,132.00,2026-02-25 19:00:00.000 +0100,W,k,Kwartierwaarden voor belastingtransformator
6 003 560,f5ddc244-a296-4a79-8909-3288c542c8e4,129.00,2026-02-25 19:15:00.000 +0100,W,k,Kwartierwaarden voor belastingtransformator
6 003 560,f5ddc244-a296-4a79-8909-3288c542c8e4,125.00,2026-02-25 19:30:00.000 +0100,W,k,Kwartierwaarden voor belastingtransformator
6 003 560,f5ddc244-a296-4a79-8909-3288c542c8e4,121.00,2026-02-25 19:45:00.000 +0100,W,k,Kwartierwaarden voor belastingtransformator
6 003 560,f5ddc244-a296-4a79-8909-3288c542c8e4,117.00,2026-02-25 20:00:00.000 +0100,W,k,Kwartierwaarden voor belastingtransformator
6 003 560,f5ddc244-a296-4a79-8909-3288c542c8e4,114.00,2026-02-25 20:15:00.000 +0100,W,k,Kwartierwaarden voor belastingtransformator
6 003 560,f5ddc244-a296-4a79-8909-3288c542c8e4,110.00,2026-02-25 20:30:00.000 +0100,W,k,Kwartierwaarden voor belastingtransformator
6 003 560,f5ddc244-a296-4a79-8909-3288c542c8e4,107.00,2026-02-25 20:45:00.000 +0100,W,k,Kwartierwaarden voor belastingtransformator
6 003 560,f5ddc244-a296-4a79-8909-3288c542c8e4,103.00,2026-02-25 21:00:00.000 +0100,W,k,Kwartierwaarden voor belastingtransformator
6 003 560,f5ddc244-a296-4a79-8909-3288c542c8e4,99.00,2026-02-25 21:15:00.000 +0100,W,k,Kwartierwaarden voor belastingtransformator
6 003 560,f5ddc244-a296-4a79-8909-3288c542c8e4,94.00,2026-02-25 21:30:00.000 +0100,W,k,Kwartierwaarden voor belastingtransformator
6 003 560,f5ddc244-a296-4a79-8909-3288c542c8e4,89.00,2026-02-25 21:45:00.000 +0100,W,k,Kwartierwaarden voor belastingtransformator
6 003 560,f5ddc244-a296-4a79-8909-3288c542c8e4,84.00,2026-02-25 22:00:00.000 +0100,W,k,Kwartierwaarden voor belastingtransformator
6 003 560,f5ddc244-a296-4a79-8909-3288c542c8e4,80.00,2026-02-25 22:15:00.000 +0100,W,k,Kwartierwaarden voor belastingtransformator
6 003 560,f5ddc244-a296-4a79-8909-3288c542c8e4,75.00,2026-02-25 22:30:00.000 +0100,W,k,Kwartierwaarden voor belastingtransformator
6 003 560,f5ddc244-a296-4a79-8909-3288c542c8e4,71.00,2026-02-25 22:45:00.000 +0100,W,k,Kwartierwaarden voor belastingtransformator
6 003 560,f5ddc244-a296-4a79-8909-3288c542c8e4,68.00,2026-02-25 23:00:00.000 +0100,W,k,Kwartierwaarden voor belastingtransformator
6 003 560,f5ddc244-a296-4a79-8909-3288c542c8e4,65.00,2026-02-25 23:15:00.000 +0100,W,k,Kwartierwaarden voor belastingtransformator
6 003 560,f5ddc244-a296-4a79-8909-3288c542c8e4,63.00,2026-02-25 23:30:00.000 +0100,W,k,Kwartierwaarden voor belastingtransformator
6 003 560,f5ddc244-a296-4a79-8909-3288c542c8e4,60.00,2026-02-25 23:45:00.000 +0100,W,k,Kwartierwaarden voor belastingtransformator
7 003 227,afdce30e-7b82-4d72-9a84-6838eb3208cb,73.00,2026-02-23 00:00:00.000 +0100,W,k,Kwartierwaarden voor belastingtransformator
7 003 227,afdce30e-7b82-4d72-9a84-6838eb3208cb,71.00,2026-02-23 00:15:00.000 +0100,W,k,Kwartierwaarden voor belastingtransformator
7 003 227,afdce30e-7b82-4d72-9a84-6838eb3208cb,69.00,2026-02-23 00:30:00.000 +0100,W,k,Kwartierwaarden voor belastingtransformator
7 003 227,afdce30e-7b82-4d72-9a84-6838eb3208cb,67.00,2026-02-23 00:45:00.000 +0100,W,k,Kwartierwaarden voor belastingtransformator
7 003 227,afdce30e-7b82-4d72-9a84-6838eb3208cb,67.00,2026-02-23 01:00:00.000 +0100,W,k,Kwartierwaarden voor belastingtransformator
7 003 227,afdce30e-7b82-4d72-9a84-6838eb3208cb,66.00,2026-02-23 01:15:00.000 +0100,W,k,Kwartierwaarden voor belastingtransformator
7 003 227,afdce30e-7b82-4d72-9a84-6838eb3208cb,65.00,2026-02-23 01:30:00.000 +0100,W,k,Kwartierwaarden voor belastingtransformator
7 003 227,afdce30e-7b82-4d72-9a84-6838eb3208cb,64.00,2026-02-23 01:45:00.000 +0100,W,k,Kwartierwaarden voor belastingtransformator
7 003 227,afdce30e-7b82-4d72-9a84-6838eb3208cb,64.00,2026-02-23 02:00:00.000 +0100,W,k,Kwartierwaarden voor belastingtransformator
7 003 227,afdce30e-7b82-4d72-9a84-6838eb3208cb,63.00,2026-02-23 02:15:00.000 +0100,W,k,Kwartierwaarden voor belastingtransformator
7 003 227,afdce30e-7b82-4d72-9a84-6838eb3208cb,63.00,2026-02-23 02:30:00.000 +0100,W,k,Kwartierwaarden voor belastingtransformator
7 003 227,afdce30e-7b82-4d72-9a84-6838eb3208cb,62.00,2026-02-23 02:45:00.000 +0100,W,k,Kwartierwaarden voor belastingtransformator
7 003 227,afdce30e-7b82-4d72-9a84-6838eb3208cb,62.00,2026-02-23 03:00:00.000 +0100,W,k,Kwartierwaarden voor belastingtransformator
7 003 227,afdce30e-7b82-4d72-9a84-6838eb3208cb,62.00,2026-02-23 03:15:00.000 +0100,W,k,Kwartierwaarden voor belastingtransformator
7 003 227,afdce30e-7b82-4d72-9a84-6838eb3208cb,62.00,2026-02-23 03:30:00.000 +0100,W,k,Kwartierwaarden voor belastingtransformator
7 003 227,afdce30e-7b82-4d72-9a84-6838eb3208cb,62.00,2026-02-23 03:45:00.000 +0100,W,k,Kwartierwaarden voor belastingtransformator
7 003 227,afdce30e-7b82-4d72-9a84-6838eb3208cb,63.00,2026-02-23 04:00:00.000 +0100,W,k,Kwartierwaarden voor belastingtransformator
7 003 227,afdce30e-7b82-4d72-9a84-6838eb3208cb,64.00,2026-02-23 04:15:00.000 +0100,W,k,Kwartierwaarden voor belastingtransformator
7 003 227,afdce30e-7b82-4d72-9a84-6838eb3208cb,66.00,2026-02-23 04:30:00.000 +0100,W,k,Kwartierwaarden voor belastingtransformator
7 003 227,afdce30e-7b82-4d72-9a84-6838eb3208cb,68.00,2026-02-23 04:45:00.000 +0100,W,k,Kwartierwaarden voor belastingtransformator
7 003 227,afdce30e-7b82-4d72-9a84-6838eb3208cb,72.00,2026-02-23 05:00:00.000 +0100,W,k,Kwartierwaarden voor belastingtransformator
7 003 227,afdce30e-7b82-4d72-9a84-6838eb3208cb,75.00,2026-02-23 05:15:00.000 +0100,W,k,Kwartierwaarden voor belastingtransformator
7 003 227,afdce30e-7b82-4d72-9a84-6838eb3208cb,80.00,2026-02-23 05:30:00.000 +0100,W,k,Kwartierwaarden voor belastingtransformator
7 003 227,afdce30e-7b82-4d72-9a84-6838eb3208cb,85.00,2026-02-23 05:45:00.000 +0100,W,k,Kwartierwaarden voor belastingtransformator
7 003 227,afdce30e-7b82-4d72-9a84-6838eb3208cb,93.00,2026-02-23 06:00:00.000 +0100,W,k,Kwartierwaarden voor belastingtransformator
7 003 227,afdce30e-7b82-4d72-9a84-6838eb3208cb,99.00,2026-02-23 06:15:00.000 +0100,W,k,Kwartierwaarden voor belastingtransformator
7 003 227,afdce30e-7b82-4d72-9a84-6838eb3208cb,103.00,2026-02-23 06:30:00.000 +0100,W,k,Kwartierwaarden voor belastingtransformator
7 003 227,afdce30e-7b82-4d72-9a84-6838eb3208cb,106.00,2026-02-23 06:45:00.000 +0100,W,k,Kwartierwaarden voor belastingtransformator
7 003 227,afdce30e-7b82-4d72-9a84-6838eb3208cb,107.00,2026-02-23 07:00:00.000 +0100,W,k,Kwartierwaarden voor belastingtransformator
7 003 227,afdce30e-7b82-4d72-9a84-6838eb3208cb,100.00,2026-02-23 07:15:00.000 +0100,W,k,Kwartierwaarden voor belastingtransformator
7 003 227,afdce30e-7b82-4d72-9a84-6838eb3208cb,94.00,2026-02-23 07:30:00.000 +0100,W,k,Kwartierwaarden voor belastingtransformator
7 003 227,afdce30e-7b82-4d72-9a84-6838eb3208cb,87.00,2026-02-23 07:45:00.000 +0100,W,k,Kwartierwaarden voor belastingtransformator
7 003 227,afdce30e-7b82-4d72-9a84-6838eb3208cb,79.00,2026-02-23 08:00:00.000 +0100,W,k,Kwartierwaarden voor belastingtransformator
7 003 227,afdce30e-7b82-4d72-9a84-6838eb3208cb,73.00,2026-02-23 08:15:00.000 +0100,W,k,Kwartierwaarden voor belastingtransformator
7 003 227,afdce30e-7b82-4d72-9a84-6838eb3208cb,66.00,2026-02-23 08:30:00.000 +0100,W,k,Kwartierwaarden voor belastingtransformator
7 003 227,afdce30e-7b82-4d72-9a84-6838eb3208cb,59.00,2026-02-23 08:45:00.000 +0100,W,k,Kwartierwaarden voor belastingtransformator
7 003 227,afdce30e-7b82-4d72-9a84-6838eb3208cb,50.00,2026-02-23 09:00:00.000 +0100,W,k,Kwartierwaarden voor belastingtransformator
7 003 227,afdce30e-7b82-4d72-9a84-6838eb3208cb,46.00,2026-02-23 09:15:00.000 +0100,W,k,Kwartierwaarden voor belastingtransformator
7 003 227,afdce30e-7b82-4d72-9a84-6838eb3208cb,41.00,2026-02-23 09:30:00.000 +0100,W,k,Kwartierwaarden voor belastingtransformator
7 003 227,afdce30e-7b82-4d72-9a84-6838eb3208cb,37.00,2026-02-23 09:45:00.000 +0100,W,k,Kwartierwaarden voor belastingtransformator
7 003 227,afdce30e-7b82-4d72-9a84-6838eb3208cb,34.00,2026-02-23 10:00:00.000 +0100,W,k,Kwartierwaarden voor belastingtransformator
7 003 227,afdce30e-7b82-4d72-9a84-6838eb3208cb,24.00,2026-02-23 10:15:00.000 +0100,W,k,Kwartierwaarden voor belastingtransformator
7 003 227,afdce30e-7b82-4d72-9a84-6838eb3208cb,14.00,2026-02-23 10:30:00.000 +0100,W,k,Kwartierwaarden voor belastingtransformator
7 003 227,afdce30e-7b82-4d72-9a84-6838eb3208cb,5.00,2026-02-23 10:45:00.000 +0100,W,k,Kwartierwaarden voor belastingtransformator
7 003 227,afdce30e-7b82-4d72-9a84-6838eb3208cb,-4.00,2026-02-23 11:00:00.000 +0100,W,k,Kwartierwaarden voor belastingtransformator
7 003 227,afdce30e-7b82-4d72-9a84-6838eb3208cb,-10.00,2026-02-23 11:15:00.000 +0100,W,k,Kwartierwaarden voor belastingtransformator
7 003 227,afdce30e-7b82-4d72-9a84-6838eb3208cb,-17.00,2026-02-23 11:30:00.000 +0100,W,k,Kwartierwaarden voor belastingtransformator
7 003 227,afdce30e-7b82-4d72-9a84-6838eb3208cb,-24.00,2026-02-23 11:45:00.000 +0100,W,k,Kwartierwaarden voor belastingtransformator
7 003 227,afdce30e-7b82-4d72-9a84-6838eb3208cb,-31.00,2026-02-23 12:00:00.000 +0100,W,k,Kwartierwaarden voor belastingtransformator
7 003 227,afdce30e-7b82-4d72-9a84-6838eb3208cb,-21.00,2026-02-23 12:15:00.000 +0100,W,k,Kwartierwaarden voor belastingtransformator
7 003 227,afdce30e-7b82-4d72-9a84-6838eb3208cb,-11.00,2026-02-23 12:30:00.000 +0100,W,k,Kwartierwaarden voor belastingtransformator
7 003 227,afdce30e-7b82-4d72-9a84-6838eb3208cb,0.00,2026-02-23 12:45:00.000 +0100,W,k,Kwartierwaarden voor belastingtransformator
7 003 227,afdce30e-7b82-4d72-9a84-6838eb3208cb,10.00,2026-02-23 13:00:00.000 +0100,W,k,Kwartierwaarden voor belastingtransformator
7 003 227,afdce30e-7b82-4d72-9a84-6838eb3208cb,22.00,2026-02-23 13:15:00.000 +0100,W,k,Kwartierwaarden voor belastingtransformator
7 003 227,afdce30e-7b82-4d72-9a84-6838eb3208cb,34.00,2026-02-23 13:30:00.000 +0100,W,k,Kwartierwaarden voor belastingtransformator
7 003 227,afdce30e-7b82-4d72-9a84-6838eb3208cb,47.00,2026-02-23 13:45:00.000 +0100,W,k,Kwartierwaarden voor belastingtransformator
7 003 227,afdce30e-7b82-4d72-9a84-6838eb3208cb,60.00,2026-02-23 14:00:00.000 +0100,W,k,Kwartierwaarden voor belastingtransformator
7 003 227,afdce30e-7b82-4d72-9a84-6838eb3208cb,60.00,2026-02-23 14:15:00.000 +0100,W,k,Kwartierwaarden voor belastingtransformator
7 003 227,afdce30e-7b82-4d72-9a84-6838eb3208cb,61.00,2026-02-23 14:30:00.000 +0100,W,k,Kwartierwaarden voor belastingtransformator
7 003 227,afdce30e-7b82-4d72-9a84-6838eb3208cb,63.00,2026-02-23 14:45:00.000 +0100,W,k,Kwartierwaarden voor belastingtransformator
7 003 227,afdce30e-7b82-4d72-9a84-6838eb3208cb,68.00,2026-02-23 15:00:00.000 +0100,W,k,Kwartierwaarden voor belastingtransformator
7 003 227,afdce30e-7b82-4d72-9a84-6838eb3208cb,74.00,2026-02-23 15:15:00.000 +0100,W,k,Kwartierwaarden voor belastingtransformator
7 003 227,afdce30e-7b82-4d72-9a84-6838eb3208cb,85.00,2026-02-23 15:30:00.000 +0100,W,k,Kwartierwaarden voor belastingtransformator
7 003 227,afdce30e-7b82-4d72-9a84-6838eb3208cb,99.00,2026-02-23 15:45:00.000 +0100,W,k,Kwartierwaarden voor belastingtransformator
7 003 227,afdce30e-7b82-4d72-9a84-6838eb3208cb,117.00,2026-02-23 16:00:00.000 +0100,W,k,Kwartierwaarden voor belastingtransformator
7 003 227,afdce30e-7b82-4d72-9a84-6838eb3208cb,140.00,2026-02-23 16:15:00.000 +0100,W,k,Kwartierwaarden voor belastingtransformator
7 003 227,afdce30e-7b82-4d72-9a84-6838eb3208cb,159.00,2026-02-23 16:30:00.000 +0100,W,k,Kwartierwaarden voor belastingtransformator
7 003 227,afdce30e-7b82-4d72-9a84-6838eb3208cb,174.00,2026-02-23 16:45:00.000 +0100,W,k,Kwartierwaarden voor belastingtransformator
7 003 227,afdce30e-7b82-4d72-9a84-6838eb3208cb,184.00,2026-02-23 17:00:00.000 +0100,W,k,Kwartierwaarden voor belastingtransformator
7 003 227,afdce30e-7b82-4d72-9a84-6838eb3208cb,185.00,2026-02-23 17:15:00.000 +0100,W,k,Kwartierwaarden voor belastingtransformator
7 003 227,afdce30e-7b82-4d72-9a84-6838eb3208cb,185.00,2026-02-23 17:30:00.000 +0100,W,k,Kwartierwaarden voor belastingtransformator
7 003 227,afdce30e-7b82-4d72-9a84-6838eb3208cb,183.00,2026-02-23 17:45:00.000 +0100,W,k,Kwartierwaarden voor belastingtransformator
7 003 227,afdce30e-7b82-4d72-9a84-6838eb3208cb,181.00,2026-02-23 18:00:00.000 +0100,W,k,Kwartierwaarden voor belastingtransformator
7 003 227,afdce30e-7b82-4d72-9a84-6838eb3208cb,177.00,2026-02-23 18:15:00.000 +0100,W,k,Kwartierwaarden voor belastingtransformator
7 003 227,afdce30e-7b82-4d72-9a84-6838eb3208cb,173.00,2026-02-23 18:30:00.000 +0100,W,k,Kwartierwaarden voor belastingtransformator
7 003 227,afdce30e-7b82-4d72-9a84-6838eb3208cb,171.00,2026-02-23 18:45:00.000 +0100,W,k,Kwartierwaarden voor belastingtransformator
7 003 227,afdce30e-7b82-4d72-9a84-6838eb3208cb,166.00,2026-02-23 19:00:00.000 +0100,W,k,Kwartierwaarden voor belastingtransformator
7 003 227,afdce30e-7b82-4d72-9a84-6838eb3208cb,162.00,2026-02-23 19:15:00.000 +0100,W,k,Kwartierwaarden voor belastingtransformator
7 003 227,afdce30e-7b82-4d72-9a84-6838eb3208cb,157.00,2026-02-23 19:30:00.000 +0100,W,k,Kwartierwaarden voor belastingtransformator
7 003 227,afdce30e-7b82-4d72-9a84-6838eb3208cb,153.00,2026-02-23 19:45:00.000 +0100,W,k,Kwartierwaarden voor belastingtransformator
7 003 227,afdce30e-7b82-4d72-9a84-6838eb3208cb,148.00,2026-02-23 20:00:00.000 +0100,W,k,Kwartierwaarden voor belastingtransformator
7 003 227,afdce30e-7b82-4d72-9a84-6838eb3208cb,145.00,2026-02-23 20:15:00.000 +0100,W,k,Kwartierwaarden voor belastingtransformator
7 003 227,afdce30e-7b82-4d72-9a84-6838eb3208cb,140.00,2026-02-23 20:30:00.000 +0100,W,k,Kwartierwaarden voor belastingtransformator
7 003 227,afdce30e-7b82-4d72-9a84-6838eb3208cb,136.00,2026-02-23 20:45:00.000 +0100,W,k,Kwartierwaarden voor belastingtransformator
7 003 227,afdce30e-7b82-4d72-9a84-6838eb3208cb,131.00,2026-02-23 21:00:00.000 +0100,W,k,Kwartierwaarden voor belastingtransformator
7 003 227,afdce30e-7b82-4d72-9a84-6838eb3208cb,126.00,2026-02-23 21:15:00.000 +0100,W,k,Kwartierwaarden voor belastingtransformator
7 003 227,afdce30e-7b82-4d72-9a84-6838eb3208cb,120.00,2026-02-23 21:30:00.000 +0100,W,k,Kwartierwaarden voor belastingtransformator
7 003 227,afdce30e-7b82-4d72-9a84-6838eb3208cb,114.00,2026-02-23 21:45:00.000 +0100,W,k,Kwartierwaarden voor belastingtransformator
7 003 227,afdce30e-7b82-4d72-9a84-6838eb3208cb,108.00,2026-02-23 22:00:00.000 +0100,W,k,Kwartierwaarden voor belastingtransformator
7 003 227,afdce30e-7b82-4d72-9a84-6838eb3208cb,103.00,2026-02-23 22:15:00.000 +0100,W,k,Kwartierwaarden voor belastingtransformator
7 003 227,afdce30e-7b82-4d72-9a84-6838eb3208cb,97.00,2026-02-23 22:30:00.000 +0100,W,k,Kwartierwaarden voor belastingtransformator
7 003 227,afdce30e-7b82-4d72-9a84-6838eb3208cb,93.00,2026-02-23 22:45:00.000 +0100,W,k,Kwartierwaarden voor belastingtransformator
7 003 227,afdce30e-7b82-4d72-9a84-6838eb3208cb,88.00,2026-02-23 23:00:00.000 +0100,W,k,Kwartierwaarden voor belastingtransformator
7 003 227,afdce30e-7b82-4d72-9a84-6838eb3208cb,85.00,2026-02-23 23:15:00.000 +0100,W,k,Kwartierwaarden voor belastingtransformator
7 003 227,afdce30e-7b82-4d72-9a84-6838eb3208cb,81.00,2026-02-23 23:30:00.000 +0100,W,k,Kwartierwaarden voor belastingtransformator
7 003 227,afdce30e-7b82-4d72-9a84-6838eb3208cb,78.00,2026-02-23 23:45:00.000 +0100,W,k,Kwartierwaarden voor belastingtransformator
7 003 227,afdce30e-7b82-4d72-9a84-6838eb3208cb,76.00,2026-02-24 00:00:00.000 +0100,W,k,Kwartierwaarden voor belastingtransformator
7 003 227,afdce30e-7b82-4d72-9a84-6838eb3208cb,74.00,2026-02-24 00:15:00.000 +0100,W,k,Kwartierwaarden voor belastingtransformator
7 003 227,afdce30e-7b82-4d72-9a84-6838eb3208cb,72.00,2026-02-24 00:30:00.000 +0100,W,k,Kwartierwaarden voor belastingtransformator
7 003 227,afdce30e-7b82-4d72-9a84-6838eb3208cb,70.00,2026-02-24 00:45:00.000 +0100,W,k,Kwartierwaarden voor belastingtransformator
7 003 227,afdce30e-7b82-4d72-9a84-6838eb3208cb,69.00,2026-02-24 01:00:00.000 +0100,W,k,Kwartierwaarden voor belastingtransformator
7 003 227,afdce30e-7b82-4d72-9a84-6838eb3208cb,68.00,2026-02-24 01:15:00.000 +0100,W,k,Kwartierwaarden voor belastingtransformator
7 003 227,afdce30e-7b82-4d72-9a84-6838eb3208cb,67.00,2026-02-24 01:30:00.000 +0100,W,k,Kwartierwaarden voor belastingtransformator
7 003 227,afdce30e-7b82-4d72-9a84-6838eb3208cb,66.00,2026-02-24 01:45:00.000 +0100,W,k,Kwartierwaarden voor belastingtransformator
7 003 227,afdce30e-7b82-4d72-9a84-6838eb3208cb,65.00,2026-02-24 02:00:00.000 +0100,W,k,Kwartierwaarden voor belastingtransformator
7 003 227,afdce30e-7b82-4d72-9a84-6838eb3208cb,65.00,2026-02-24 02:15:00.000 +0100,W,k,Kwartierwaarden voor belastingtransformator
7 003 227,afdce30e-7b82-4d72-9a84-6838eb3208cb,64.00,2026-02-24 02:30:00.000 +0100,W,k,Kwartierwaarden voor belastingtransformator
7 003 227,afdce30e-7b82-4d72-9a84-6838eb3208cb,64.00,2026-02-24 02:45:00.000 +0100,W,k,Kwartierwaarden voor belastingtransformator
7 003 227,afdce30e-7b82-4d72-9a84-6838eb3208cb,64.00,2026-02-24 03:00:00.000 +0100,W,k,Kwartierwaarden voor belastingtransformator
7 003 227,afdce30e-7b82-4d72-9a84-6838eb3208cb,63.00,2026-02-24 03:15:00.000 +0100,W,k,Kwartierwaarden voor belastingtransformator
7 003 227,afdce30e-7b82-4d72-9a84-6838eb3208cb,64.00,2026-02-24 03:30:00.000 +0100,W,k,Kwartierwaarden voor belastingtransformator
7 003 227,afdce30e-7b82-4d72-9a84-6838eb3208cb,64.00,2026-02-24 03:45:00.000 +0100,W,k,Kwartierwaarden voor belastingtransformator
7 003 227,afdce30e-7b82-4d72-9a84-6838eb3208cb,65.00,2026-02-24 04:00:00.000 +0100,W,k,Kwartierwaarden voor belastingtransformator
7 003 227,afdce30e-7b82-4d72-9a84-6838eb3208cb,66.00,2026-02-24 04:15:00.000 +0100,W,k,Kwartierwaarden voor belastingtransformator
7 003 227,afdce30e-7b82-4d72-9a84-6838eb3208cb,67.00,2026-02-24 04:30:00.000 +0100,W,k,Kwartierwaarden voor belastingtransformator
7 003 227,afdce30e-7b82-4d72-9a84-6838eb3208cb,70.00,2026-02-24 04:45:00.000 +0100,W,k,Kwartierwaarden voor belastingtransformator
7 003 227,afdce30e-7b82-4d72-9a84-6838eb3208cb,74.00,2026-02-24 05:00:00.000 +0100,W,k,Kwartierwaarden voor belastingtransformator
7 003 227,afdce30e-7b82-4d72-9a84-6838eb3208cb,77.00,2026-02-24 05:15:00.000 +0100,W,k,Kwartierwaarden voor belastingtransformator
7 003 227,afdce30e-7b82-4d72-9a84-6838eb3208cb,83.00,2026-02-24 05:30:00.000 +0100,W,k,Kwartierwaarden voor belastingtransformator
7 003 227,afdce30e-7b82-4d72-9a84-6838eb3208cb,88.00,2026-02-24 05:45:00.000 +0100,W,k,Kwartierwaarden voor belastingtransformator
7 003 227,afdce30e-7b82-4d72-9a84-6838eb3208cb,96.00,2026-02-24 06:00:00.000 +0100,W,k,Kwartierwaarden voor belastingtransformator
7 003 227,afdce30e-7b82-4d72-9a84-6838eb3208cb,102.00,2026-02-24 06:15:00.000 +0100,W,k,Kwartierwaarden voor belastingtransformator
7 003 227,afdce30e-7b82-4d72-9a84-6838eb3208cb,105.00,2026-02-24 06:30:00.000 +0100,W,k,Kwartierwaarden voor belastingtransformator
7 003 227,afdce30e-7b82-4d72-9a84-6838eb3208cb,106.00,2026-02-24 06:45:00.000 +0100,W,k,Kwartierwaarden voor belastingtransformator
7 003 227,afdce30e-7b82-4d72-9a84-6838eb3208cb,103.00,2026-02-24 07:00:00.000 +0100,W,k,Kwartierwaarden voor belastingtransformator
7 003 227,afdce30e-7b82-4d72-9a84-6838eb3208cb,99.00,2026-02-24 07:15:00.000 +0100,W,k,Kwartierwaarden voor belastingtransformator
7 003 227,afdce30e-7b82-4d72-9a84-6838eb3208cb,96.00,2026-02-24 07:30:00.000 +0100,W,k,Kwartierwaarden voor belastingtransformator
7 003 227,afdce30e-7b82-4d72-9a84-6838eb3208cb,95.00,2026-02-24 07:45:00.000 +0100,W,k,Kwartierwaarden voor belastingtransformator
7 003 227,afdce30e-7b82-4d72-9a84-6838eb3208cb,92.00,2026-02-24 08:00:00.000 +0100,W,k,Kwartierwaarden voor belastingtransformator
7 003 227,afdce30e-7b82-4d72-9a84-6838eb3208cb,91.00,2026-02-24 08:15:00.000 +0100,W,k,Kwartierwaarden voor belastingtransformator
7 003 227,afdce30e-7b82-4d72-9a84-6838eb3208cb,89.00,2026-02-24 08:30:00.000 +0100,W,k,Kwartierwaarden voor belastingtransformator
7 003 227,afdce30e-7b82-4d72-9a84-6838eb3208cb,88.00,2026-02-24 08:45:00.000 +0100,W,k,Kwartierwaarden voor belastingtransformator
7 003 227,afdce30e-7b82-4d72-9a84-6838eb3208cb,86.00,2026-02-24 09:00:00.000 +0100,W,k,Kwartierwaarden voor belastingtransformator
7 003 227,afdce30e-7b82-4d72-9a84-6838eb3208cb,86.00,2026-02-24 09:15:00.000 +0100,W,k,Kwartierwaarden voor belastingtransformator
7 003 227,afdce30e-7b82-4d72-9a84-6838eb3208cb,85.00,2026-02-24 09:30:00.000 +0100,W,k,Kwartierwaarden voor belastingtransformator
7 003 227,afdce30e-7b82-4d72-9a84-6838eb3208cb,86.00,2026-02-24 09:45:00.000 +0100,W,k,Kwartierwaarden voor belastingtransformator
7 003 227,afdce30e-7b82-4d72-9a84-6838eb3208cb,87.00,2026-02-24 10:00:00.000 +0100,W,k,Kwartierwaarden voor belastingtransformator
7 003 227,afdce30e-7b82-4d72-9a84-6838eb3208cb,88.00,2026-02-24 10:15:00.000 +0100,W,k,Kwartierwaarden voor belastingtransformator
7 003 227,afdce30e-7b82-4d72-9a84-6838eb3208cb,89.00,2026-02-24 10:30:00.000 +0100,W,k,Kwartierwaarden voor belastingtransformator
7 003 227,afdce30e-7b82-4d72-9a84-6838eb3208cb,91.00,2026-02-24 10:45:00.000 +0100,W,k,Kwartierwaarden voor belastingtransformator
7 003 227,afdce30e-7b82-4d72-9a84-6838eb3208cb,92.00,2026-02-24 11:00:00.000 +0100,W,k,Kwartierwaarden voor belastingtransformator
7 003 227,afdce30e-7b82-4d72-9a84-6838eb3208cb,91.00,2026-02-24 11:15:00.000 +0100,W,k,Kwartierwaarden voor belastingtransformator
7 003 227,afdce30e-7b82-4d72-9a84-6838eb3208cb,90.00,2026-02-24 11:30:00.000 +0100,W,k,Kwartierwaarden voor belastingtransformator
7 003 227,afdce30e-7b82-4d72-9a84-6838eb3208cb,90.00,2026-02-24 11:45:00.000 +0100,W,k,Kwartierwaarden voor belastingtransformator
7 003 227,afdce30e-7b82-4d72-9a84-6838eb3208cb,89.00,2026-02-24 12:00:00.000 +0100,W,k,Kwartierwaarden voor belastingtransformator
7 003 227,afdce30e-7b82-4d72-9a84-6838eb3208cb,87.00,2026-02-24 12:15:00.000 +0100,W,k,Kwartierwaarden voor belastingtransformator
7 003 227,afdce30e-7b82-4d72-9a84-6838eb3208cb,85.00,2026-02-24 12:30:00.000 +0100,W,k,Kwartierwaarden voor belastingtransformator
7 003 227,afdce30e-7b82-4d72-9a84-6838eb3208cb,84.00,2026-02-24 12:45:00.000 +0100,W,k,Kwartierwaarden voor belastingtransformator
7 003 227,afdce30e-7b82-4d72-9a84-6838eb3208cb,82.00,2026-02-24 13:00:00.000 +0100,W,k,Kwartierwaarden voor belastingtransformator
7 003 227,afdce30e-7b82-4d72-9a84-6838eb3208cb,82.00,2026-02-24 13:15:00.000 +0100,W,k,Kwartierwaarden voor belastingtransformator
7 003 227,afdce30e-7b82-4d72-9a84-6838eb3208cb,83.00,2026-02-24 13:30:00.000 +0100,W,k,Kwartierwaarden voor belastingtransformator
7 003 227,afdce30e-7b82-4d72-9a84-6838eb3208cb,82.00,2026-02-24 13:45:00.000 +0100,W,k,Kwartierwaarden voor belastingtransformator
7 003 227,afdce30e-7b82-4d72-9a84-6838eb3208cb,82.00,2026-02-24 14:00:00.000 +0100,W,k,Kwartierwaarden voor belastingtransformator
7 003 227,afdce30e-7b82-4d72-9a84-6838eb3208cb,81.00,2026-02-24 14:15:00.000 +0100,W,k,Kwartierwaarden voor belastingtransformator
7 003 227,afdce30e-7b82-4d72-9a84-6838eb3208cb,81.00,2026-02-24 14:30:00.000 +0100,W,k,Kwartierwaarden voor belastingtransformator
7 003 227,afdce30e-7b82-4d72-9a84-6838eb3208cb,83.00,2026-02-24 14:45:00.000 +0100,W,k,Kwartierwaarden voor belastingtransformator
7 003 227,afdce30e-7b82-4d72-9a84-6838eb3208cb,87.00,2026-02-24 15:00:00.000 +0100,W,k,Kwartierwaarden voor belastingtransformator
7 003 227,afdce30e-7b82-4d72-9a84-6838eb3208cb,93.00,2026-02-24 15:15:00.000 +0100,W,k,Kwartierwaarden voor belastingtransformator
7 003 227,afdce30e-7b82-4d72-9a84-6838eb3208cb,102.00,2026-02-24 15:30:00.000 +0100,W,k,Kwartierwaarden voor belastingtransformator
7 003 227,afdce30e-7b82-4d72-9a84-6838eb3208cb,115.00,2026-02-24 15:45:00.000 +0100,W,k,Kwartierwaarden voor belastingtransformator
7 003 227,afdce30e-7b82-4d72-9a84-6838eb3208cb,132.00,2026-02-24 16:00:00.000 +0100,W,k,Kwartierwaarden voor belastingtransformator
7 003 227,afdce30e-7b82-4d72-9a84-6838eb3208cb,151.00,2026-02-24 16:15:00.000 +0100,W,k,Kwartierwaarden voor belastingtransformator
7 003 227,afdce30e-7b82-4d72-9a84-6838eb3208cb,165.00,2026-02-24 16:30:00.000 +0100,W,k,Kwartierwaarden voor belastingtransformator
7 003 227,afdce30e-7b82-4d72-9a84-6838eb3208cb,174.00,2026-02-24 16:45:00.000 +0100,W,k,Kwartierwaarden voor belastingtransformator
7 003 227,afdce30e-7b82-4d72-9a84-6838eb3208cb,177.00,2026-02-24 17:00:00.000 +0100,W,k,Kwartierwaarden voor belastingtransformator
7 003 227,afdce30e-7b82-4d72-9a84-6838eb3208cb,179.00,2026-02-24 17:15:00.000 +0100,W,k,Kwartierwaarden voor belastingtransformator
7 003 227,afdce30e-7b82-4d72-9a84-6838eb3208cb,178.00,2026-02-24 17:30:00.000 +0100,W,k,Kwartierwaarden voor belastingtransformator
7 003 227,afdce30e-7b82-4d72-9a84-6838eb3208cb,177.00,2026-02-24 17:45:00.000 +0100,W,k,Kwartierwaarden voor belastingtransformator
7 003 227,afdce30e-7b82-4d72-9a84-6838eb3208cb,174.00,2026-02-24 18:00:00.000 +0100,W,k,Kwartierwaarden voor belastingtransformator
7 003 227,afdce30e-7b82-4d72-9a84-6838eb3208cb,171.00,2026-02-24 18:15:00.000 +0100,W,k,Kwartierwaarden voor belastingtransformator
7 003 227,afdce30e-7b82-4d72-9a84-6838eb3208cb,167.00,2026-02-24 18:30:00.000 +0100,W,k,Kwartierwaarden voor belastingtransformator
7 003 227,afdce30e-7b82-4d72-9a84-6838eb3208cb,165.00,2026-02-24 18:45:00.000 +0100,W,k,Kwartierwaarden voor belastingtransformator
7 003 227,afdce30e-7b82-4d72-9a84-6838eb3208cb,160.00,2026-02-24 19:00:00.000 +0100,W,k,Kwartierwaarden voor belastingtransformator
7 003 227,afdce30e-7b82-4d72-9a84-6838eb3208cb,157.00,2026-02-24 19:15:00.000 +0100,W,k,Kwartierwaarden voor belastingtransformator
7 003 227,afdce30e-7b82-4d72-9a84-6838eb3208cb,153.00,2026-02-24 19:30:00.000 +0100,W,k,Kwartierwaarden voor belastingtransformator
7 003 227,afdce30e-7b82-4d72-9a84-6838eb3208cb,149.00,2026-02-24 19:45:00.000 +0100,W,k,Kwartierwaarden voor belastingtransformator
7 003 227,afdce30e-7b82-4d72-9a84-6838eb3208cb,145.00,2026-02-24 20:00:00.000 +0100,W,k,Kwartierwaarden voor belastingtransformator
7 003 227,afdce30e-7b82-4d72-9a84-6838eb3208cb,141.00,2026-02-24 20:15:00.000 +0100,W,k,Kwartierwaarden voor belastingtransformator
7 003 227,afdce30e-7b82-4d72-9a84-6838eb3208cb,137.00,2026-02-24 20:30:00.000 +0100,W,k,Kwartierwaarden voor belastingtransformator
7 003 227,afdce30e-7b82-4d72-9a84-6838eb3208cb,134.00,2026-02-24 20:45:00.000 +0100,W,k,Kwartierwaarden voor belastingtransformator
7 003 227,afdce30e-7b82-4d72-9a84-6838eb3208cb,129.00,2026-02-24 21:00:00.000 +0100,W,k,Kwartierwaarden voor belastingtransformator
7 003 227,afdce30e-7b82-4d72-9a84-6838eb3208cb,124.00,2026-02-24 21:15:00.000 +0100,W,k,Kwartierwaarden voor belastingtransformator
7 003 227,afdce30e-7b82-4d72-9a84-6838eb3208cb,119.00,2026-02-24 21:30:00.000 +0100,W,k,Kwartierwaarden voor belastingtransformator
7 003 227,afdce30e-7b82-4d72-9a84-6838eb3208cb,113.00,2026-02-24 21:45:00.000 +0100,W,k,Kwartierwaarden voor belastingtransformator
7 003 227,afdce30e-7b82-4d72-9a84-6838eb3208cb,108.00,2026-02-24 22:00:00.000 +0100,W,k,Kwartierwaarden voor belastingtransformator
7 003 227,afdce30e-7b82-4d72-9a84-6838eb3208cb,103.00,2026-02-24 22:15:00.000 +0100,W,k,Kwartierwaarden voor belastingtransformator
7 003 227,afdce30e-7b82-4d72-9a84-6838eb3208cb,97.00,2026-02-24 22:30:00.000 +0100,W,k,Kwartierwaarden voor belastingtransformator
7 003 227,afdce30e-7b82-4d72-9a84-6838eb3208cb,92.00,2026-02-24 22:45:00.000 +0100,W,k,Kwartierwaarden voor belastingtransformator
7 003 227,afdce30e-7b82-4d72-9a84-6838eb3208cb,88.00,2026-02-24 23:00:00.000 +0100,W,k,Kwartierwaarden voor belastingtransformator
7 003 227,afdce30e-7b82-4d72-9a84-6838eb3208cb,84.00,2026-02-24 23:15:00.000 +0100,W,k,Kwartierwaarden voor belastingtransformator
7 003 227,afdce30e-7b82-4d72-9a84-6838eb3208cb,81.00,2026-02-24 23:30:00.000 +0100,W,k,Kwartierwaarden voor belastingtransformator
7 003 227,afdce30e-7b82-4d72-9a84-6838eb3208cb,78.00,2026-02-24 23:45:00.000 +0100,W,k,Kwartierwaarden voor belastingtransformator
7 003 227,afdce30e-7b82-4d72-9a84-6838eb3208cb,76.00,2026-02-25 00:00:00.000 +0100,W,k,Kwartierwaarden voor belastingtransformator
7 003 227,afdce30e-7b82-4d72-9a84-6838eb3208cb,74.00,2026-02-25 00:15:00.000 +0100,W,k,Kwartierwaarden voor belastingtransformator
7 003 227,afdce30e-7b82-4d72-9a84-6838eb3208cb,72.00,2026-02-25 00:30:00.000 +0100,W,k,Kwartierwaarden voor belastingtransformator
7 003 227,afdce30e-7b82-4d72-9a84-6838eb3208cb,70.00,2026-02-25 00:45:00.000 +0100,W,k,Kwartierwaarden voor belastingtransformator
7 003 227,afdce30e-7b82-4d72-9a84-6838eb3208cb,68.00,2026-02-25 01:00:00.000 +0100,W,k,Kwartierwaarden voor belastingtransformator
7 003 227,afdce30e-7b82-4d72-9a84-6838eb3208cb,67.00,2026-02-25 01:15:00.000 +0100,W,k,Kwartierwaarden voor belastingtransformator
7 003 227,afdce30e-7b82-4d72-9a84-6838eb3208cb,66.00,2026-02-25 01:30:00.000 +0100,W,k,Kwartierwaarden voor belastingtransformator
7 003 227,afdce30e-7b82-4d72-9a84-6838eb3208cb,65.00,2026-02-25 01:45:00.000 +0100,W,k,Kwartierwaarden voor belastingtransformator
7 003 227,afdce30e-7b82-4d72-9a84-6838eb3208cb,64.00,2026-02-25 02:00:00.000 +0100,W,k,Kwartierwaarden voor belastingtransformator
7 003 227,afdce30e-7b82-4d72-9a84-6838eb3208cb,63.00,2026-02-25 02:15:00.000 +0100,W,k,Kwartierwaarden voor belastingtransformator
7 003 227,afdce30e-7b82-4d72-9a84-6838eb3208cb,63.00,2026-02-25 02:30:00.000 +0100,W,k,Kwartierwaarden voor belastingtransformator
7 003 227,afdce30e-7b82-4d72-9a84-6838eb3208cb,62.00,2026-02-25 02:45:00.000 +0100,W,k,Kwartierwaarden voor belastingtransformator
7 003 227,afdce30e-7b82-4d72-9a84-6838eb3208cb,62.00,2026-02-25 03:00:00.000 +0100,W,k,Kwartierwaarden voor belastingtransformator
7 003 227,afdce30e-7b82-4d72-9a84-6838eb3208cb,62.00,2026-02-25 03:15:00.000 +0100,W,k,Kwartierwaarden voor belastingtransformator
7 003 227,afdce30e-7b82-4d72-9a84-6838eb3208cb,62.00,2026-02-25 03:30:00.000 +0100,W,k,Kwartierwaarden voor belastingtransformator
7 003 227,afdce30e-7b82-4d72-9a84-6838eb3208cb,62.00,2026-02-25 03:45:00.000 +0100,W,k,Kwartierwaarden voor belastingtransformator
7 003 227,afdce30e-7b82-4d72-9a84-6838eb3208cb,63.00,2026-02-25 04:00:00.000 +0100,W,k,Kwartierwaarden voor belastingtransformator
7 003 227,afdce30e-7b82-4d72-9a84-6838eb3208cb,64.00,2026-02-25 04:15:00.000 +0100,W,k,Kwartierwaarden voor belastingtransformator
7 003 227,afdce30e-7b82-4d72-9a84-6838eb3208cb,66.00,2026-02-25 04:30:00.000 +0100,W,k,Kwartierwaarden voor belastingtransformator
7 003 227,afdce30e-7b82-4d72-9a84-6838eb3208cb,68.00,2026-02-25 04:45:00.000 +0100,W,k,Kwartierwaarden voor belastingtransformator
7 003 227,afdce30e-7b82-4d72-9a84-6838eb3208cb,72.00,2026-02-25 05:00:00.000 +0100,W,k,Kwartierwaarden voor belastingtransformator
7 003 227,afdce30e-7b82-4d72-9a84-6838eb3208cb,75.00,2026-02-25 05:15:00.000 +0100,W,k,Kwartierwaarden voor belastingtransformator
7 003 227,afdce30e-7b82-4d72-9a84-6838eb3208cb,80.00,2026-02-25 05:30:00.000 +0100,W,k,Kwartierwaarden voor belastingtransformator
7 003 227,afdce30e-7b82-4d72-9a84-6838eb3208cb,86.00,2026-02-25 05:45:00.000 +0100,W,k,Kwartierwaarden voor belastingtransformator
7 003 227,afdce30e-7b82-4d72-9a84-6838eb3208cb,93.00,2026-02-25 06:00:00.000 +0100,W,k,Kwartierwaarden voor belastingtransformator
7 003 227,afdce30e-7b82-4d72-9a84-6838eb3208cb,99.00,2026-02-25 06:15:00.000 +0100,W,k,Kwartierwaarden voor belastingtransformator
7 003 227,afdce30e-7b82-4d72-9a84-6838eb3208cb,104.00,2026-02-25 06:30:00.000 +0100,W,k,Kwartierwaarden voor belastingtransformator
7 003 227,afdce30e-7b82-4d72-9a84-6838eb3208cb,108.00,2026-02-25 06:45:00.000 +0100,W,k,Kwartierwaarden voor belastingtransformator
7 003 227,afdce30e-7b82-4d72-9a84-6838eb3208cb,108.00,2026-02-25 07:00:00.000 +0100,W,k,Kwartierwaarden voor belastingtransformator
7 003 227,afdce30e-7b82-4d72-9a84-6838eb3208cb,101.00,2026-02-25 07:15:00.000 +0100,W,k,Kwartierwaarden voor belastingtransformator
7 003 227,afdce30e-7b82-4d72-9a84-6838eb3208cb,95.00,2026-02-25 07:30:00.000 +0100,W,k,Kwartierwaarden voor belastingtransformator
7 003 227,afdce30e-7b82-4d72-9a84-6838eb3208cb,89.00,2026-02-25 07:45:00.000 +0100,W,k,Kwartierwaarden voor belastingtransformator
7 003 227,afdce30e-7b82-4d72-9a84-6838eb3208cb,82.00,2026-02-25 08:00:00.000 +0100,W,k,Kwartierwaarden voor belastingtransformator
7 003 227,afdce30e-7b82-4d72-9a84-6838eb3208cb,70.00,2026-02-25 08:15:00.000 +0100,W,k,Kwartierwaarden voor belastingtransformator
7 003 227,afdce30e-7b82-4d72-9a84-6838eb3208cb,58.00,2026-02-25 08:30:00.000 +0100,W,k,Kwartierwaarden voor belastingtransformator
7 003 227,afdce30e-7b82-4d72-9a84-6838eb3208cb,46.00,2026-02-25 08:45:00.000 +0100,W,k,Kwartierwaarden voor belastingtransformator
7 003 227,afdce30e-7b82-4d72-9a84-6838eb3208cb,34.00,2026-02-25 09:00:00.000 +0100,W,k,Kwartierwaarden voor belastingtransformator
7 003 227,afdce30e-7b82-4d72-9a84-6838eb3208cb,23.00,2026-02-25 09:15:00.000 +0100,W,k,Kwartierwaarden voor belastingtransformator
7 003 227,afdce30e-7b82-4d72-9a84-6838eb3208cb,12.00,2026-02-25 09:30:00.000 +0100,W,k,Kwartierwaarden voor belastingtransformator
7 003 227,afdce30e-7b82-4d72-9a84-6838eb3208cb,1.00,2026-02-25 09:45:00.000 +0100,W,k,Kwartierwaarden voor belastingtransformator
7 003 227,afdce30e-7b82-4d72-9a84-6838eb3208cb,-10.00,2026-02-25 10:00:00.000 +0100,W,k,Kwartierwaarden voor belastingtransformator
7 003 227,afdce30e-7b82-4d72-9a84-6838eb3208cb,-19.00,2026-02-25 10:15:00.000 +0100,W,k,Kwartierwaarden voor belastingtransformator
7 003 227,afdce30e-7b82-4d72-9a84-6838eb3208cb,-29.00,2026-02-25 10:30:00.000 +0100,W,k,Kwartierwaarden voor belastingtransformator
7 003 227,afdce30e-7b82-4d72-9a84-6838eb3208cb,-36.00,2026-02-25 10:45:00.000 +0100,W,k,Kwartierwaarden voor belastingtransformator
7 003 227,afdce30e-7b82-4d72-9a84-6838eb3208cb,-43.00,2026-02-25 11:00:00.000 +0100,W,k,Kwartierwaarden voor belastingtransformator
7 003 227,afdce30e-7b82-4d72-9a84-6838eb3208cb,-46.00,2026-02-25 11:15:00.000 +0100,W,k,Kwartierwaarden voor belastingtransformator
7 003 227,afdce30e-7b82-4d72-9a84-6838eb3208cb,-49.00,2026-02-25 11:30:00.000 +0100,W,k,Kwartierwaarden voor belastingtransformator
7 003 227,afdce30e-7b82-4d72-9a84-6838eb3208cb,-51.00,2026-02-25 11:45:00.000 +0100,W,k,Kwartierwaarden voor belastingtransformator
7 003 227,afdce30e-7b82-4d72-9a84-6838eb3208cb,-56.00,2026-02-25 12:00:00.000 +0100,W,k,Kwartierwaarden voor belastingtransformator
7 003 227,afdce30e-7b82-4d72-9a84-6838eb3208cb,-56.00,2026-02-25 12:15:00.000 +0100,W,k,Kwartierwaarden voor belastingtransformator
7 003 227,afdce30e-7b82-4d72-9a84-6838eb3208cb,-56.00,2026-02-25 12:30:00.000 +0100,W,k,Kwartierwaarden voor belastingtransformator
7 003 227,afdce30e-7b82-4d72-9a84-6838eb3208cb,-57.00,2026-02-25 12:45:00.000 +0100,W,k,Kwartierwaarden voor belastingtransformator
7 003 227,afdce30e-7b82-4d72-9a84-6838eb3208cb,-57.00,2026-02-25 13:00:00.000 +0100,W,k,Kwartierwaarden voor belastingtransformator
7 003 227,afdce30e-7b82-4d72-9a84-6838eb3208cb,-53.00,2026-02-25 13:15:00.000 +0100,W,k,Kwartierwaarden voor belastingtransformator
7 003 227,afdce30e-7b82-4d72-9a84-6838eb3208cb,-48.00,2026-02-25 13:30:00.000 +0100,W,k,Kwartierwaarden voor belastingtransformator
7 003 227,afdce30e-7b82-4d72-9a84-6838eb3208cb,-43.00,2026-02-25 13:45:00.000 +0100,W,k,Kwartierwaarden voor belastingtransformator
7 003 227,afdce30e-7b82-4d72-9a84-6838eb3208cb,-39.00,2026-02-25 14:00:00.000 +0100,W,k,Kwartierwaarden voor belastingtransformator
7 003 227,afdce30e-7b82-4d72-9a84-6838eb3208cb,-32.00,2026-02-25 14:15:00.000 +0100,W,k,Kwartierwaarden voor belastingtransformator
7 003 227,afdce30e-7b82-4d72-9a84-6838eb3208cb,-21.00,2026-02-25 14:30:00.000 +0100,W,k,Kwartierwaarden voor belastingtransformator
7 003 227,afdce30e-7b82-4d72-9a84-6838eb3208cb,-12.00,2026-02-25 14:45:00.000 +0100,W,k,Kwartierwaarden voor belastingtransformator
7 003 227,afdce30e-7b82-4d72-9a84-6838eb3208cb,-1.00,2026-02-25 15:00:00.000 +0100,W,k,Kwartierwaarden voor belastingtransformator
7 003 227,afdce30e-7b82-4d72-9a84-6838eb3208cb,15.00,2026-02-25 15:15:00.000 +0100,W,k,Kwartierwaarden voor belastingtransformator
7 003 227,afdce30e-7b82-4d72-9a84-6838eb3208cb,34.00,2026-02-25 15:30:00.000 +0100,W,k,Kwartierwaarden voor belastingtransformator
7 003 227,afdce30e-7b82-4d72-9a84-6838eb3208cb,54.00,2026-02-25 15:45:00.000 +0100,W,k,Kwartierwaarden voor belastingtransformator
7 003 227,afdce30e-7b82-4d72-9a84-6838eb3208cb,79.00,2026-02-25 16:00:00.000 +0100,W,k,Kwartierwaarden voor belastingtransformator
7 003 227,afdce30e-7b82-4d72-9a84-6838eb3208cb,111.00,2026-02-25 16:15:00.000 +0100,W,k,Kwartierwaarden voor belastingtransformator
7 003 227,afdce30e-7b82-4d72-9a84-6838eb3208cb,136.00,2026-02-25 16:30:00.000 +0100,W,k,Kwartierwaarden voor belastingtransformator
7 003 227,afdce30e-7b82-4d72-9a84-6838eb3208cb,158.00,2026-02-25 16:45:00.000 +0100,W,k,Kwartierwaarden voor belastingtransformator
7 003 227,afdce30e-7b82-4d72-9a84-6838eb3208cb,174.00,2026-02-25 17:00:00.000 +0100,W,k,Kwartierwaarden voor belastingtransformator
7 003 227,afdce30e-7b82-4d72-9a84-6838eb3208cb,175.00,2026-02-25 17:15:00.000 +0100,W,k,Kwartierwaarden voor belastingtransformator
7 003 227,afdce30e-7b82-4d72-9a84-6838eb3208cb,175.00,2026-02-25 17:30:00.000 +0100,W,k,Kwartierwaarden voor belastingtransformator
7 003 227,afdce30e-7b82-4d72-9a84-6838eb3208cb,174.00,2026-02-25 17:45:00.000 +0100,W,k,Kwartierwaarden voor belastingtransformator
7 003 227,afdce30e-7b82-4d72-9a84-6838eb3208cb,172.00,2026-02-25 18:00:00.000 +0100,W,k,Kwartierwaarden voor belastingtransformator
7 003 227,afdce30e-7b82-4d72-9a84-6838eb3208cb,169.00,2026-02-25 18:15:00.000 +0100,W,k,Kwartierwaarden voor belastingtransformator
7 003 227,afdce30e-7b82-4d72-9a84-6838eb3208cb,165.00,2026-02-25 18:30:00.000 +0100,W,k,Kwartierwaarden voor belastingtransformator
7 003 227,afdce30e-7b82-4d72-9a84-6838eb3208cb,163.00,2026-02-25 18:45:00.000 +0100,W,k,Kwartierwaarden voor belastingtransformator
7 003 227,afdce30e-7b82-4d72-9a84-6838eb3208cb,158.00,2026-02-25 19:00:00.000 +0100,W,k,Kwartierwaarden voor belastingtransformator
7 003 227,afdce30e-7b82-4d72-9a84-6838eb3208cb,155.00,2026-02-25 19:15:00.000 +0100,W,k,Kwartierwaarden voor belastingtransformator
7 003 227,afdce30e-7b82-4d72-9a84-6838eb3208cb,151.00,2026-02-25 19:30:00.000 +0100,W,k,Kwartierwaarden voor belastingtransformator
7 003 227,afdce30e-7b82-4d72-9a84-6838eb3208cb,147.00,2026-02-25 19:45:00.000 +0100,W,k,Kwartierwaarden voor belastingtransformator
7 003 227,afdce30e-7b82-4d72-9a84-6838eb3208cb,143.00,2026-02-25 20:00:00.000 +0100,W,k,Kwartierwaarden voor belastingtransformator
7 003 227,afdce30e-7b82-4d72-9a84-6838eb3208cb,140.00,2026-02-25 20:15:00.000 +0100,W,k,Kwartierwaarden voor belastingtransformator
7 003 227,afdce30e-7b82-4d72-9a84-6838eb3208cb,136.00,2026-02-25 20:30:00.000 +0100,W,k,Kwartierwaarden voor belastingtransformator
7 003 227,afdce30e-7b82-4d72-9a84-6838eb3208cb,132.00,2026-02-25 20:45:00.000 +0100,W,k,Kwartierwaarden voor belastingtransformator
7 003 227,afdce30e-7b82-4d72-9a84-6838eb3208cb,128.00,2026-02-25 21:00:00.000 +0100,W,k,Kwartierwaarden voor belastingtransformator
7 003 227,afdce30e-7b82-4d72-9a84-6838eb3208cb,123.00,2026-02-25 21:15:00.000 +0100,W,k,Kwartierwaarden voor belastingtransformator
7 003 227,afdce30e-7b82-4d72-9a84-6838eb3208cb,118.00,2026-02-25 21:30:00.000 +0100,W,k,Kwartierwaarden voor belastingtransformator
7 003 227,afdce30e-7b82-4d72-9a84-6838eb3208cb,112.00,2026-02-25 21:45:00.000 +0100,W,k,Kwartierwaarden voor belastingtransformator
7 003 227,afdce30e-7b82-4d72-9a84-6838eb3208cb,107.00,2026-02-25 22:00:00.000 +0100,W,k,Kwartierwaarden voor belastingtransformator
7 003 227,afdce30e-7b82-4d72-9a84-6838eb3208cb,102.00,2026-02-25 22:15:00.000 +0100,W,k,Kwartierwaarden voor belastingtransformator
7 003 227,afdce30e-7b82-4d72-9a84-6838eb3208cb,96.00,2026-02-25 22:30:00.000 +0100,W,k,Kwartierwaarden voor belastingtransformator
7 003 227,afdce30e-7b82-4d72-9a84-6838eb3208cb,92.00,2026-02-25 22:45:00.000 +0100,W,k,Kwartierwaarden voor belastingtransformator
7 003 227,afdce30e-7b82-4d72-9a84-6838eb3208cb,88.00,2026-02-25 23:00:00.000 +0100,W,k,Kwartierwaarden voor belastingtransformator
7 003 227,afdce30e-7b82-4d72-9a84-6838eb3208cb,84.00,2026-02-25 23:15:00.000 +0100,W,k,Kwartierwaarden voor belastingtransformator
7 003 227,afdce30e-7b82-4d72-9a84-6838eb3208cb,80.00,2026-02-25 23:30:00.000 +0100,W,k,Kwartierwaarden voor belastingtransformator
7 003 227,afdce30e-7b82-4d72-9a84-6838eb3208cb,77.00,2026-02-25 23:45:00.000 +0100,W,k,Kwartierwaarden voor belastingtransformator
7 003 288,9d7ecebf-f32d-4f5d-8a13-68c48526f4ca,103.00,2026-02-23 00:00:00.000 +0100,W,k,Kwartierwaarden voor belastingtransformator
7 003 288,9d7ecebf-f32d-4f5d-8a13-68c48526f4ca,100.00,2026-02-23 00:15:00.000 +0100,W,k,Kwartierwaarden voor belastingtransformator
7 003 288,9d7ecebf-f32d-4f5d-8a13-68c48526f4ca,97.00,2026-02-23 00:30:00.000 +0100,W,k,Kwartierwaarden voor belastingtransformator
7 003 288,9d7ecebf-f32d-4f5d-8a13-68c48526f4ca,95.00,2026-02-23 00:45:00.000 +0100,W,k,Kwartierwaarden voor belastingtransformator
7 003 288,9d7ecebf-f32d-4f5d-8a13-68c48526f4ca,93.00,2026-02-23 01:00:00.000 +0100,W,k,Kwartierwaarden voor belastingtransformator
7 003 288,9d7ecebf-f32d-4f5d-8a13-68c48526f4ca,92.00,2026-02-23 01:15:00.000 +0100,W,k,Kwartierwaarden voor belastingtransformator
7 003 288,9d7ecebf-f32d-4f5d-8a13-68c48526f4ca,91.00,2026-02-23 01:30:00.000 +0100,W,k,Kwartierwaarden voor belastingtransformator
7 003 288,9d7ecebf-f32d-4f5d-8a13-68c48526f4ca,89.00,2026-02-23 01:45:00.000 +0100,W,k,Kwartierwaarden voor belastingtransformator
7 003 288,9d7ecebf-f32d-4f5d-8a13-68c48526f4ca,89.00,2026-02-23 02:00:00.000 +0100,W,k,Kwartierwaarden voor belastingtransformator
7 003 288,9d7ecebf-f32d-4f5d-8a13-68c48526f4ca,88.00,2026-02-23 02:15:00.000 +0100,W,k,Kwartierwaarden voor belastingtransformator
7 003 288,9d7ecebf-f32d-4f5d-8a13-68c48526f4ca,88.00,2026-02-23 02:30:00.000 +0100,W,k,Kwartierwaarden voor belastingtransformator
7 003 288,9d7ecebf-f32d-4f5d-8a13-68c48526f4ca,87.00,2026-02-23 02:45:00.000 +0100,W,k,Kwartierwaarden voor belastingtransformator
7 003 288,9d7ecebf-f32d-4f5d-8a13-68c48526f4ca,87.00,2026-02-23 03:00:00.000 +0100,W,k,Kwartierwaarden voor belastingtransformator
7 003 288,9d7ecebf-f32d-4f5d-8a13-68c48526f4ca,86.00,2026-02-23 03:15:00.000 +0100,W,k,Kwartierwaarden voor belastingtransformator
7 003 288,9d7ecebf-f32d-4f5d-8a13-68c48526f4ca,86.00,2026-02-23 03:30:00.000 +0100,W,k,Kwartierwaarden voor belastingtransformator
7 003 288,9d7ecebf-f32d-4f5d-8a13-68c48526f4ca,87.00,2026-02-23 03:45:00.000 +0100,W,k,Kwartierwaarden voor belastingtransformator
7 003 288,9d7ecebf-f32d-4f5d-8a13-68c48526f4ca,88.00,2026-02-23 04:00:00.000 +0100,W,k,Kwartierwaarden voor belastingtransformator
7 003 288,9d7ecebf-f32d-4f5d-8a13-68c48526f4ca,89.00,2026-02-23 04:15:00.000 +0100,W,k,Kwartierwaarden voor belastingtransformator
7 003 288,9d7ecebf-f32d-4f5d-8a13-68c48526f4ca,92.00,2026-02-23 04:30:00.000 +0100,W,k,Kwartierwaarden voor belastingtransformator
7 003 288,9d7ecebf-f32d-4f5d-8a13-68c48526f4ca,95.00,2026-02-23 04:45:00.000 +0100,W,k,Kwartierwaarden voor belastingtransformator
7 003 288,9d7ecebf-f32d-4f5d-8a13-68c48526f4ca,100.00,2026-02-23 05:00:00.000 +0100,W,k,Kwartierwaarden voor belastingtransformator
7 003 288,9d7ecebf-f32d-4f5d-8a13-68c48526f4ca,105.00,2026-02-23 05:15:00.000 +0100,W,k,Kwartierwaarden voor belastingtransformator
7 003 288,9d7ecebf-f32d-4f5d-8a13-68c48526f4ca,113.00,2026-02-23 05:30:00.000 +0100,W,k,Kwartierwaarden voor belastingtransformator
7 003 288,9d7ecebf-f32d-4f5d-8a13-68c48526f4ca,121.00,2026-02-23 05:45:00.000 +0100,W,k,Kwartierwaarden voor belastingtransformator
7 003 288,9d7ecebf-f32d-4f5d-8a13-68c48526f4ca,132.00,2026-02-23 06:00:00.000 +0100,W,k,Kwartierwaarden voor belastingtransformator
7 003 288,9d7ecebf-f32d-4f5d-8a13-68c48526f4ca,141.00,2026-02-23 06:15:00.000 +0100,W,k,Kwartierwaarden voor belastingtransformator
7 003 288,9d7ecebf-f32d-4f5d-8a13-68c48526f4ca,148.00,2026-02-23 06:30:00.000 +0100,W,k,Kwartierwaarden voor belastingtransformator
7 003 288,9d7ecebf-f32d-4f5d-8a13-68c48526f4ca,153.00,2026-02-23 06:45:00.000 +0100,W,k,Kwartierwaarden voor belastingtransformator
7 003 288,9d7ecebf-f32d-4f5d-8a13-68c48526f4ca,155.00,2026-02-23 07:00:00.000 +0100,W,k,Kwartierwaarden voor belastingtransformator
7 003 288,9d7ecebf-f32d-4f5d-8a13-68c48526f4ca,134.00,2026-02-23 07:15:00.000 +0100,W,k,Kwartierwaarden voor belastingtransformator
7 003 288,9d7ecebf-f32d-4f5d-8a13-68c48526f4ca,112.00,2026-02-23 07:30:00.000 +0100,W,k,Kwartierwaarden voor belastingtransformator
7 003 288,9d7ecebf-f32d-4f5d-8a13-68c48526f4ca,90.00,2026-02-23 07:45:00.000 +0100,W,k,Kwartierwaarden voor belastingtransformator
7 003 288,9d7ecebf-f32d-4f5d-8a13-68c48526f4ca,67.00,2026-02-23 08:00:00.000 +0100,W,k,Kwartierwaarden voor belastingtransformator
7 003 288,9d7ecebf-f32d-4f5d-8a13-68c48526f4ca,48.00,2026-02-23 08:15:00.000 +0100,W,k,Kwartierwaarden voor belastingtransformator
7 003 288,9d7ecebf-f32d-4f5d-8a13-68c48526f4ca,30.00,2026-02-23 08:30:00.000 +0100,W,k,Kwartierwaarden voor belastingtransformator
7 003 288,9d7ecebf-f32d-4f5d-8a13-68c48526f4ca,11.00,2026-02-23 08:45:00.000 +0100,W,k,Kwartierwaarden voor belastingtransformator
7 003 288,9d7ecebf-f32d-4f5d-8a13-68c48526f4ca,-10.00,2026-02-23 09:00:00.000 +0100,W,k,Kwartierwaarden voor belastingtransformator
7 003 288,9d7ecebf-f32d-4f5d-8a13-68c48526f4ca,-16.00,2026-02-23 09:15:00.000 +0100,W,k,Kwartierwaarden voor belastingtransformator
7 003 288,9d7ecebf-f32d-4f5d-8a13-68c48526f4ca,-21.00,2026-02-23 09:30:00.000 +0100,W,k,Kwartierwaarden voor belastingtransformator
7 003 288,9d7ecebf-f32d-4f5d-8a13-68c48526f4ca,-25.00,2026-02-23 09:45:00.000 +0100,W,k,Kwartierwaarden voor belastingtransformator
7 003 288,9d7ecebf-f32d-4f5d-8a13-68c48526f4ca,-29.00,2026-02-23 10:00:00.000 +0100,W,k,Kwartierwaarden voor belastingtransformator
7 003 288,9d7ecebf-f32d-4f5d-8a13-68c48526f4ca,-53.00,2026-02-23 10:15:00.000 +0100,W,k,Kwartierwaarden voor belastingtransformator
7 003 288,9d7ecebf-f32d-4f5d-8a13-68c48526f4ca,-77.00,2026-02-23 10:30:00.000 +0100,W,k,Kwartierwaarden voor belastingtransformator
7 003 288,9d7ecebf-f32d-4f5d-8a13-68c48526f4ca,-100.00,2026-02-23 10:45:00.000 +0100,W,k,Kwartierwaarden voor belastingtransformator
7 003 288,9d7ecebf-f32d-4f5d-8a13-68c48526f4ca,-121.00,2026-02-23 11:00:00.000 +0100,W,k,Kwartierwaarden voor belastingtransformator
7 003 288,9d7ecebf-f32d-4f5d-8a13-68c48526f4ca,-136.00,2026-02-23 11:15:00.000 +0100,W,k,Kwartierwaarden voor belastingtransformator
7 003 288,9d7ecebf-f32d-4f5d-8a13-68c48526f4ca,-151.00,2026-02-23 11:30:00.000 +0100,W,k,Kwartierwaarden voor belastingtransformator
7 003 288,9d7ecebf-f32d-4f5d-8a13-68c48526f4ca,-168.00,2026-02-23 11:45:00.000 +0100,W,k,Kwartierwaarden voor belastingtransformator
7 003 288,9d7ecebf-f32d-4f5d-8a13-68c48526f4ca,-185.00,2026-02-23 12:00:00.000 +0100,W,k,Kwartierwaarden voor belastingtransformator
7 003 288,9d7ecebf-f32d-4f5d-8a13-68c48526f4ca,-157.00,2026-02-23 12:15:00.000 +0100,W,k,Kwartierwaarden voor belastingtransformator
7 003 288,9d7ecebf-f32d-4f5d-8a13-68c48526f4ca,-129.00,2026-02-23 12:30:00.000 +0100,W,k,Kwartierwaarden voor belastingtransformator
7 003 288,9d7ecebf-f32d-4f5d-8a13-68c48526f4ca,-101.00,2026-02-23 12:45:00.000 +0100,W,k,Kwartierwaarden voor belastingtransformator
7 003 288,9d7ecebf-f32d-4f5d-8a13-68c48526f4ca,-73.00,2026-02-23 13:00:00.000 +0100,W,k,Kwartierwaarden voor belastingtransformator
7 003 288,9d7ecebf-f32d-4f5d-8a13-68c48526f4ca,-43.00,2026-02-23 13:15:00.000 +0100,W,k,Kwartierwaarden voor belastingtransformator
7 003 288,9d7ecebf-f32d-4f5d-8a13-68c48526f4ca,-12.00,2026-02-23 13:30:00.000 +0100,W,k,Kwartierwaarden voor belastingtransformator
7 003 288,9d7ecebf-f32d-4f5d-8a13-68c48526f4ca,19.00,2026-02-23 13:45:00.000 +0100,W,k,Kwartierwaarden voor belastingtransformator
7 003 288,9d7ecebf-f32d-4f5d-8a13-68c48526f4ca,50.00,2026-02-23 14:00:00.000 +0100,W,k,Kwartierwaarden voor belastingtransformator
7 003 288,9d7ecebf-f32d-4f5d-8a13-68c48526f4ca,54.00,2026-02-23 14:15:00.000 +0100,W,k,Kwartierwaarden voor belastingtransformator
7 003 288,9d7ecebf-f32d-4f5d-8a13-68c48526f4ca,58.00,2026-02-23 14:30:00.000 +0100,W,k,Kwartierwaarden voor belastingtransformator
7 003 288,9d7ecebf-f32d-4f5d-8a13-68c48526f4ca,64.00,2026-02-23 14:45:00.000 +0100,W,k,Kwartierwaarden voor belastingtransformator
7 003 288,9d7ecebf-f32d-4f5d-8a13-68c48526f4ca,73.00,2026-02-23 15:00:00.000 +0100,W,k,Kwartierwaarden voor belastingtransformator
7 003 288,9d7ecebf-f32d-4f5d-8a13-68c48526f4ca,85.00,2026-02-23 15:15:00.000 +0100,W,k,Kwartierwaarden voor belastingtransformator
7 003 288,9d7ecebf-f32d-4f5d-8a13-68c48526f4ca,102.00,2026-02-23 15:30:00.000 +0100,W,k,Kwartierwaarden voor belastingtransformator
7 003 288,9d7ecebf-f32d-4f5d-8a13-68c48526f4ca,124.00,2026-02-23 15:45:00.000 +0100,W,k,Kwartierwaarden voor belastingtransformator
7 003 288,9d7ecebf-f32d-4f5d-8a13-68c48526f4ca,150.00,2026-02-23 16:00:00.000 +0100,W,k,Kwartierwaarden voor belastingtransformator
7 003 288,9d7ecebf-f32d-4f5d-8a13-68c48526f4ca,187.00,2026-02-23 16:15:00.000 +0100,W,k,Kwartierwaarden voor belastingtransformator
7 003 288,9d7ecebf-f32d-4f5d-8a13-68c48526f4ca,220.00,2026-02-23 16:30:00.000 +0100,W,k,Kwartierwaarden voor belastingtransformator
7 003 288,9d7ecebf-f32d-4f5d-8a13-68c48526f4ca,247.00,2026-02-23 16:45:00.000 +0100,W,k,Kwartierwaarden voor belastingtransformator
7 003 288,9d7ecebf-f32d-4f5d-8a13-68c48526f4ca,264.00,2026-02-23 17:00:00.000 +0100,W,k,Kwartierwaarden voor belastingtransformator
7 003 288,9d7ecebf-f32d-4f5d-8a13-68c48526f4ca,266.00,2026-02-23 17:15:00.000 +0100,W,k,Kwartierwaarden voor belastingtransformator
7 003 288,9d7ecebf-f32d-4f5d-8a13-68c48526f4ca,265.00,2026-02-23 17:30:00.000 +0100,W,k,Kwartierwaarden voor belastingtransformator
7 003 288,9d7ecebf-f32d-4f5d-8a13-68c48526f4ca,263.00,2026-02-23 17:45:00.000 +0100,W,k,Kwartierwaarden voor belastingtransformator
7 003 288,9d7ecebf-f32d-4f5d-8a13-68c48526f4ca,259.00,2026-02-23 18:00:00.000 +0100,W,k,Kwartierwaarden voor belastingtransformator
7 003 288,9d7ecebf-f32d-4f5d-8a13-68c48526f4ca,253.00,2026-02-23 18:15:00.000 +0100,W,k,Kwartierwaarden voor belastingtransformator
7 003 288,9d7ecebf-f32d-4f5d-8a13-68c48526f4ca,246.00,2026-02-23 18:30:00.000 +0100,W,k,Kwartierwaarden voor belastingtransformator
7 003 288,9d7ecebf-f32d-4f5d-8a13-68c48526f4ca,243.00,2026-02-23 18:45:00.000 +0100,W,k,Kwartierwaarden voor belastingtransformator
7 003 288,9d7ecebf-f32d-4f5d-8a13-68c48526f4ca,235.00,2026-02-23 19:00:00.000 +0100,W,k,Kwartierwaarden voor belastingtransformator
7 003 288,9d7ecebf-f32d-4f5d-8a13-68c48526f4ca,230.00,2026-02-23 19:15:00.000 +0100,W,k,Kwartierwaarden voor belastingtransformator
7 003 288,9d7ecebf-f32d-4f5d-8a13-68c48526f4ca,223.00,2026-02-23 19:30:00.000 +0100,W,k,Kwartierwaarden voor belastingtransformator
7 003 288,9d7ecebf-f32d-4f5d-8a13-68c48526f4ca,216.00,2026-02-23 19:45:00.000 +0100,W,k,Kwartierwaarden voor belastingtransformator
7 003 288,9d7ecebf-f32d-4f5d-8a13-68c48526f4ca,209.00,2026-02-23 20:00:00.000 +0100,W,k,Kwartierwaarden voor belastingtransformator
7 003 288,9d7ecebf-f32d-4f5d-8a13-68c48526f4ca,204.00,2026-02-23 20:15:00.000 +0100,W,k,Kwartierwaarden voor belastingtransformator
7 003 288,9d7ecebf-f32d-4f5d-8a13-68c48526f4ca,198.00,2026-02-23 20:30:00.000 +0100,W,k,Kwartierwaarden voor belastingtransformator
7 003 288,9d7ecebf-f32d-4f5d-8a13-68c48526f4ca,192.00,2026-02-23 20:45:00.000 +0100,W,k,Kwartierwaarden voor belastingtransformator
7 003 288,9d7ecebf-f32d-4f5d-8a13-68c48526f4ca,185.00,2026-02-23 21:00:00.000 +0100,W,k,Kwartierwaarden voor belastingtransformator
7 003 288,9d7ecebf-f32d-4f5d-8a13-68c48526f4ca,178.00,2026-02-23 21:15:00.000 +0100,W,k,Kwartierwaarden voor belastingtransformator
7 003 288,9d7ecebf-f32d-4f5d-8a13-68c48526f4ca,170.00,2026-02-23 21:30:00.000 +0100,W,k,Kwartierwaarden voor belastingtransformator
7 003 288,9d7ecebf-f32d-4f5d-8a13-68c48526f4ca,163.00,2026-02-23 21:45:00.000 +0100,W,k,Kwartierwaarden voor belastingtransformator
7 003 288,9d7ecebf-f32d-4f5d-8a13-68c48526f4ca,156.00,2026-02-23 22:00:00.000 +0100,W,k,Kwartierwaarden voor belastingtransformator
7 003 288,9d7ecebf-f32d-4f5d-8a13-68c48526f4ca,148.00,2026-02-23 22:15:00.000 +0100,W,k,Kwartierwaarden voor belastingtransformator
7 003 288,9d7ecebf-f32d-4f5d-8a13-68c48526f4ca,140.00,2026-02-23 22:30:00.000 +0100,W,k,Kwartierwaarden voor belastingtransformator
7 003 288,9d7ecebf-f32d-4f5d-8a13-68c48526f4ca,133.00,2026-02-23 22:45:00.000 +0100,W,k,Kwartierwaarden voor belastingtransformator
7 003 288,9d7ecebf-f32d-4f5d-8a13-68c48526f4ca,127.00,2026-02-23 23:00:00.000 +0100,W,k,Kwartierwaarden voor belastingtransformator
7 003 288,9d7ecebf-f32d-4f5d-8a13-68c48526f4ca,122.00,2026-02-23 23:15:00.000 +0100,W,k,Kwartierwaarden voor belastingtransformator
7 003 288,9d7ecebf-f32d-4f5d-8a13-68c48526f4ca,117.00,2026-02-23 23:30:00.000 +0100,W,k,Kwartierwaarden voor belastingtransformator
7 003 288,9d7ecebf-f32d-4f5d-8a13-68c48526f4ca,112.00,2026-02-23 23:45:00.000 +0100,W,k,Kwartierwaarden voor belastingtransformator
7 003 288,9d7ecebf-f32d-4f5d-8a13-68c48526f4ca,108.00,2026-02-24 00:00:00.000 +0100,W,k,Kwartierwaarden voor belastingtransformator
7 003 288,9d7ecebf-f32d-4f5d-8a13-68c48526f4ca,105.00,2026-02-24 00:15:00.000 +0100,W,k,Kwartierwaarden voor belastingtransformator
7 003 288,9d7ecebf-f32d-4f5d-8a13-68c48526f4ca,102.00,2026-02-24 00:30:00.000 +0100,W,k,Kwartierwaarden voor belastingtransformator
7 003 288,9d7ecebf-f32d-4f5d-8a13-68c48526f4ca,99.00,2026-02-24 00:45:00.000 +0100,W,k,Kwartierwaarden voor belastingtransformator
7 003 288,9d7ecebf-f32d-4f5d-8a13-68c48526f4ca,97.00,2026-02-24 01:00:00.000 +0100,W,k,Kwartierwaarden voor belastingtransformator
7 003 288,9d7ecebf-f32d-4f5d-8a13-68c48526f4ca,96.00,2026-02-24 01:15:00.000 +0100,W,k,Kwartierwaarden voor belastingtransformator
7 003 288,9d7ecebf-f32d-4f5d-8a13-68c48526f4ca,94.00,2026-02-24 01:30:00.000 +0100,W,k,Kwartierwaarden voor belastingtransformator
7 003 288,9d7ecebf-f32d-4f5d-8a13-68c48526f4ca,93.00,2026-02-24 01:45:00.000 +0100,W,k,Kwartierwaarden voor belastingtransformator
7 003 288,9d7ecebf-f32d-4f5d-8a13-68c48526f4ca,92.00,2026-02-24 02:00:00.000 +0100,W,k,Kwartierwaarden voor belastingtransformator
7 003 288,9d7ecebf-f32d-4f5d-8a13-68c48526f4ca,91.00,2026-02-24 02:15:00.000 +0100,W,k,Kwartierwaarden voor belastingtransformator
7 003 288,9d7ecebf-f32d-4f5d-8a13-68c48526f4ca,90.00,2026-02-24 02:30:00.000 +0100,W,k,Kwartierwaarden voor belastingtransformator
7 003 288,9d7ecebf-f32d-4f5d-8a13-68c48526f4ca,89.00,2026-02-24 02:45:00.000 +0100,W,k,Kwartierwaarden voor belastingtransformator
7 003 288,9d7ecebf-f32d-4f5d-8a13-68c48526f4ca,89.00,2026-02-24 03:00:00.000 +0100,W,k,Kwartierwaarden voor belastingtransformator
7 003 288,9d7ecebf-f32d-4f5d-8a13-68c48526f4ca,89.00,2026-02-24 03:15:00.000 +0100,W,k,Kwartierwaarden voor belastingtransformator
7 003 288,9d7ecebf-f32d-4f5d-8a13-68c48526f4ca,89.00,2026-02-24 03:30:00.000 +0100,W,k,Kwartierwaarden voor belastingtransformator
7 003 288,9d7ecebf-f32d-4f5d-8a13-68c48526f4ca,89.00,2026-02-24 03:45:00.000 +0100,W,k,Kwartierwaarden voor belastingtransformator
7 003 288,9d7ecebf-f32d-4f5d-8a13-68c48526f4ca,90.00,2026-02-24 04:00:00.000 +0100,W,k,Kwartierwaarden voor belastingtransformator
7 003 288,9d7ecebf-f32d-4f5d-8a13-68c48526f4ca,92.00,2026-02-24 04:15:00.000 +0100,W,k,Kwartierwaarden voor belastingtransformator
7 003 288,9d7ecebf-f32d-4f5d-8a13-68c48526f4ca,94.00,2026-02-24 04:30:00.000 +0100,W,k,Kwartierwaarden voor belastingtransformator
7 003 288,9d7ecebf-f32d-4f5d-8a13-68c48526f4ca,97.00,2026-02-24 04:45:00.000 +0100,W,k,Kwartierwaarden voor belastingtransformator
7 003 288,9d7ecebf-f32d-4f5d-8a13-68c48526f4ca,103.00,2026-02-24 05:00:00.000 +0100,W,k,Kwartierwaarden voor belastingtransformator
7 003 288,9d7ecebf-f32d-4f5d-8a13-68c48526f4ca,108.00,2026-02-24 05:15:00.000 +0100,W,k,Kwartierwaarden voor belastingtransformator
7 003 288,9d7ecebf-f32d-4f5d-8a13-68c48526f4ca,116.00,2026-02-24 05:30:00.000 +0100,W,k,Kwartierwaarden voor belastingtransformator
7 003 288,9d7ecebf-f32d-4f5d-8a13-68c48526f4ca,125.00,2026-02-24 05:45:00.000 +0100,W,k,Kwartierwaarden voor belastingtransformator
7 003 288,9d7ecebf-f32d-4f5d-8a13-68c48526f4ca,137.00,2026-02-24 06:00:00.000 +0100,W,k,Kwartierwaarden voor belastingtransformator
7 003 288,9d7ecebf-f32d-4f5d-8a13-68c48526f4ca,146.00,2026-02-24 06:15:00.000 +0100,W,k,Kwartierwaarden voor belastingtransformator
7 003 288,9d7ecebf-f32d-4f5d-8a13-68c48526f4ca,151.00,2026-02-24 06:30:00.000 +0100,W,k,Kwartierwaarden voor belastingtransformator
7 003 288,9d7ecebf-f32d-4f5d-8a13-68c48526f4ca,153.00,2026-02-24 06:45:00.000 +0100,W,k,Kwartierwaarden voor belastingtransformator
7 003 288,9d7ecebf-f32d-4f5d-8a13-68c48526f4ca,151.00,2026-02-24 07:00:00.000 +0100,W,k,Kwartierwaarden voor belastingtransformator
7 003 288,9d7ecebf-f32d-4f5d-8a13-68c48526f4ca,144.00,2026-02-24 07:15:00.000 +0100,W,k,Kwartierwaarden voor belastingtransformator
7 003 288,9d7ecebf-f32d-4f5d-8a13-68c48526f4ca,140.00,2026-02-24 07:30:00.000 +0100,W,k,Kwartierwaarden voor belastingtransformator
7 003 288,9d7ecebf-f32d-4f5d-8a13-68c48526f4ca,138.00,2026-02-24 07:45:00.000 +0100,W,k,Kwartierwaarden voor belastingtransformator
7 003 288,9d7ecebf-f32d-4f5d-8a13-68c48526f4ca,134.00,2026-02-24 08:00:00.000 +0100,W,k,Kwartierwaarden voor belastingtransformator
7 003 288,9d7ecebf-f32d-4f5d-8a13-68c48526f4ca,130.00,2026-02-24 08:15:00.000 +0100,W,k,Kwartierwaarden voor belastingtransformator
7 003 288,9d7ecebf-f32d-4f5d-8a13-68c48526f4ca,128.00,2026-02-24 08:30:00.000 +0100,W,k,Kwartierwaarden voor belastingtransformator
7 003 288,9d7ecebf-f32d-4f5d-8a13-68c48526f4ca,125.00,2026-02-24 08:45:00.000 +0100,W,k,Kwartierwaarden voor belastingtransformator
7 003 288,9d7ecebf-f32d-4f5d-8a13-68c48526f4ca,122.00,2026-02-24 09:00:00.000 +0100,W,k,Kwartierwaarden voor belastingtransformator
7 003 288,9d7ecebf-f32d-4f5d-8a13-68c48526f4ca,123.00,2026-02-24 09:15:00.000 +0100,W,k,Kwartierwaarden voor belastingtransformator
7 003 288,9d7ecebf-f32d-4f5d-8a13-68c48526f4ca,123.00,2026-02-24 09:30:00.000 +0100,W,k,Kwartierwaarden voor belastingtransformator
7 003 288,9d7ecebf-f32d-4f5d-8a13-68c48526f4ca,124.00,2026-02-24 09:45:00.000 +0100,W,k,Kwartierwaarden voor belastingtransformator
7 003 288,9d7ecebf-f32d-4f5d-8a13-68c48526f4ca,126.00,2026-02-24 10:00:00.000 +0100,W,k,Kwartierwaarden voor belastingtransformator
7 003 288,9d7ecebf-f32d-4f5d-8a13-68c48526f4ca,127.00,2026-02-24 10:15:00.000 +0100,W,k,Kwartierwaarden voor belastingtransformator
7 003 288,9d7ecebf-f32d-4f5d-8a13-68c48526f4ca,129.00,2026-02-24 10:30:00.000 +0100,W,k,Kwartierwaarden voor belastingtransformator
7 003 288,9d7ecebf-f32d-4f5d-8a13-68c48526f4ca,132.00,2026-02-24 10:45:00.000 +0100,W,k,Kwartierwaarden voor belastingtransformator
7 003 288,9d7ecebf-f32d-4f5d-8a13-68c48526f4ca,135.00,2026-02-24 11:00:00.000 +0100,W,k,Kwartierwaarden voor belastingtransformator
7 003 288,9d7ecebf-f32d-4f5d-8a13-68c48526f4ca,134.00,2026-02-24 11:15:00.000 +0100,W,k,Kwartierwaarden voor belastingtransformator
7 003 288,9d7ecebf-f32d-4f5d-8a13-68c48526f4ca,132.00,2026-02-24 11:30:00.000 +0100,W,k,Kwartierwaarden voor belastingtransformator
7 003 288,9d7ecebf-f32d-4f5d-8a13-68c48526f4ca,131.00,2026-02-24 11:45:00.000 +0100,W,k,Kwartierwaarden voor belastingtransformator
7 003 288,9d7ecebf-f32d-4f5d-8a13-68c48526f4ca,131.00,2026-02-24 12:00:00.000 +0100,W,k,Kwartierwaarden voor belastingtransformator
7 003 288,9d7ecebf-f32d-4f5d-8a13-68c48526f4ca,128.00,2026-02-24 12:15:00.000 +0100,W,k,Kwartierwaarden voor belastingtransformator
7 003 288,9d7ecebf-f32d-4f5d-8a13-68c48526f4ca,125.00,2026-02-24 12:30:00.000 +0100,W,k,Kwartierwaarden voor belastingtransformator
7 003 288,9d7ecebf-f32d-4f5d-8a13-68c48526f4ca,122.00,2026-02-24 12:45:00.000 +0100,W,k,Kwartierwaarden voor belastingtransformator
7 003 288,9d7ecebf-f32d-4f5d-8a13-68c48526f4ca,119.00,2026-02-24 13:00:00.000 +0100,W,k,Kwartierwaarden voor belastingtransformator
7 003 288,9d7ecebf-f32d-4f5d-8a13-68c48526f4ca,119.00,2026-02-24 13:15:00.000 +0100,W,k,Kwartierwaarden voor belastingtransformator
7 003 288,9d7ecebf-f32d-4f5d-8a13-68c48526f4ca,120.00,2026-02-24 13:30:00.000 +0100,W,k,Kwartierwaarden voor belastingtransformator
7 003 288,9d7ecebf-f32d-4f5d-8a13-68c48526f4ca,119.00,2026-02-24 13:45:00.000 +0100,W,k,Kwartierwaarden voor belastingtransformator
7 003 288,9d7ecebf-f32d-4f5d-8a13-68c48526f4ca,118.00,2026-02-24 14:00:00.000 +0100,W,k,Kwartierwaarden voor belastingtransformator
7 003 288,9d7ecebf-f32d-4f5d-8a13-68c48526f4ca,117.00,2026-02-24 14:15:00.000 +0100,W,k,Kwartierwaarden voor belastingtransformator
7 003 288,9d7ecebf-f32d-4f5d-8a13-68c48526f4ca,116.00,2026-02-24 14:30:00.000 +0100,W,k,Kwartierwaarden voor belastingtransformator
7 003 288,9d7ecebf-f32d-4f5d-8a13-68c48526f4ca,120.00,2026-02-24 14:45:00.000 +0100,W,k,Kwartierwaarden voor belastingtransformator
7 003 288,9d7ecebf-f32d-4f5d-8a13-68c48526f4ca,125.00,2026-02-24 15:00:00.000 +0100,W,k,Kwartierwaarden voor belastingtransformator
7 003 288,9d7ecebf-f32d-4f5d-8a13-68c48526f4ca,133.00,2026-02-24 15:15:00.000 +0100,W,k,Kwartierwaarden voor belastingtransformator
7 003 288,9d7ecebf-f32d-4f5d-8a13-68c48526f4ca,144.00,2026-02-24 15:30:00.000 +0100,W,k,Kwartierwaarden voor belastingtransformator
7 003 288,9d7ecebf-f32d-4f5d-8a13-68c48526f4ca,162.00,2026-02-24 15:45:00.000 +0100,W,k,Kwartierwaarden voor belastingtransformator
7 003 288,9d7ecebf-f32d-4f5d-8a13-68c48526f4ca,184.00,2026-02-24 16:00:00.000 +0100,W,k,Kwartierwaarden voor belastingtransformator
7 003 288,9d7ecebf-f32d-4f5d-8a13-68c48526f4ca,211.00,2026-02-24 16:15:00.000 +0100,W,k,Kwartierwaarden voor belastingtransformator
7 003 288,9d7ecebf-f32d-4f5d-8a13-68c48526f4ca,235.00,2026-02-24 16:30:00.000 +0100,W,k,Kwartierwaarden voor belastingtransformator
7 003 288,9d7ecebf-f32d-4f5d-8a13-68c48526f4ca,251.00,2026-02-24 16:45:00.000 +0100,W,k,Kwartierwaarden voor belastingtransformator
7 003 288,9d7ecebf-f32d-4f5d-8a13-68c48526f4ca,256.00,2026-02-24 17:00:00.000 +0100,W,k,Kwartierwaarden voor belastingtransformator
7 003 288,9d7ecebf-f32d-4f5d-8a13-68c48526f4ca,258.00,2026-02-24 17:15:00.000 +0100,W,k,Kwartierwaarden voor belastingtransformator
7 003 288,9d7ecebf-f32d-4f5d-8a13-68c48526f4ca,256.00,2026-02-24 17:30:00.000 +0100,W,k,Kwartierwaarden voor belastingtransformator
7 003 288,9d7ecebf-f32d-4f5d-8a13-68c48526f4ca,254.00,2026-02-24 17:45:00.000 +0100,W,k,Kwartierwaarden voor belastingtransformator
7 003 288,9d7ecebf-f32d-4f5d-8a13-68c48526f4ca,250.00,2026-02-24 18:00:00.000 +0100,W,k,Kwartierwaarden voor belastingtransformator
7 003 288,9d7ecebf-f32d-4f5d-8a13-68c48526f4ca,244.00,2026-02-24 18:15:00.000 +0100,W,k,Kwartierwaarden voor belastingtransformator
7 003 288,9d7ecebf-f32d-4f5d-8a13-68c48526f4ca,238.00,2026-02-24 18:30:00.000 +0100,W,k,Kwartierwaarden voor belastingtransformator
7 003 288,9d7ecebf-f32d-4f5d-8a13-68c48526f4ca,235.00,2026-02-24 18:45:00.000 +0100,W,k,Kwartierwaarden voor belastingtransformator
7 003 288,9d7ecebf-f32d-4f5d-8a13-68c48526f4ca,227.00,2026-02-24 19:00:00.000 +0100,W,k,Kwartierwaarden voor belastingtransformator
7 003 288,9d7ecebf-f32d-4f5d-8a13-68c48526f4ca,222.00,2026-02-24 19:15:00.000 +0100,W,k,Kwartierwaarden voor belastingtransformator
7 003 288,9d7ecebf-f32d-4f5d-8a13-68c48526f4ca,215.00,2026-02-24 19:30:00.000 +0100,W,k,Kwartierwaarden voor belastingtransformator
7 003 288,9d7ecebf-f32d-4f5d-8a13-68c48526f4ca,210.00,2026-02-24 19:45:00.000 +0100,W,k,Kwartierwaarden voor belastingtransformator
7 003 288,9d7ecebf-f32d-4f5d-8a13-68c48526f4ca,204.00,2026-02-24 20:00:00.000 +0100,W,k,Kwartierwaarden voor belastingtransformator
7 003 288,9d7ecebf-f32d-4f5d-8a13-68c48526f4ca,198.00,2026-02-24 20:15:00.000 +0100,W,k,Kwartierwaarden voor belastingtransformator
7 003 288,9d7ecebf-f32d-4f5d-8a13-68c48526f4ca,193.00,2026-02-24 20:30:00.000 +0100,W,k,Kwartierwaarden voor belastingtransformator
7 003 288,9d7ecebf-f32d-4f5d-8a13-68c48526f4ca,188.00,2026-02-24 20:45:00.000 +0100,W,k,Kwartierwaarden voor belastingtransformator
7 003 288,9d7ecebf-f32d-4f5d-8a13-68c48526f4ca,182.00,2026-02-24 21:00:00.000 +0100,W,k,Kwartierwaarden voor belastingtransformator
7 003 288,9d7ecebf-f32d-4f5d-8a13-68c48526f4ca,176.00,2026-02-24 21:15:00.000 +0100,W,k,Kwartierwaarden voor belastingtransformator
7 003 288,9d7ecebf-f32d-4f5d-8a13-68c48526f4ca,168.00,2026-02-24 21:30:00.000 +0100,W,k,Kwartierwaarden voor belastingtransformator
7 003 288,9d7ecebf-f32d-4f5d-8a13-68c48526f4ca,161.00,2026-02-24 21:45:00.000 +0100,W,k,Kwartierwaarden voor belastingtransformator
7 003 288,9d7ecebf-f32d-4f5d-8a13-68c48526f4ca,155.00,2026-02-24 22:00:00.000 +0100,W,k,Kwartierwaarden voor belastingtransformator
7 003 288,9d7ecebf-f32d-4f5d-8a13-68c48526f4ca,148.00,2026-02-24 22:15:00.000 +0100,W,k,Kwartierwaarden voor belastingtransformator
7 003 288,9d7ecebf-f32d-4f5d-8a13-68c48526f4ca,140.00,2026-02-24 22:30:00.000 +0100,W,k,Kwartierwaarden voor belastingtransformator
7 003 288,9d7ecebf-f32d-4f5d-8a13-68c48526f4ca,133.00,2026-02-24 22:45:00.000 +0100,W,k,Kwartierwaarden voor belastingtransformator
7 003 288,9d7ecebf-f32d-4f5d-8a13-68c48526f4ca,127.00,2026-02-24 23:00:00.000 +0100,W,k,Kwartierwaarden voor belastingtransformator
7 003 288,9d7ecebf-f32d-4f5d-8a13-68c48526f4ca,121.00,2026-02-24 23:15:00.000 +0100,W,k,Kwartierwaarden voor belastingtransformator
7 003 288,9d7ecebf-f32d-4f5d-8a13-68c48526f4ca,116.00,2026-02-24 23:30:00.000 +0100,W,k,Kwartierwaarden voor belastingtransformator
7 003 288,9d7ecebf-f32d-4f5d-8a13-68c48526f4ca,112.00,2026-02-24 23:45:00.000 +0100,W,k,Kwartierwaarden voor belastingtransformator
7 003 288,9d7ecebf-f32d-4f5d-8a13-68c48526f4ca,108.00,2026-02-25 00:00:00.000 +0100,W,k,Kwartierwaarden voor belastingtransformator
7 003 288,9d7ecebf-f32d-4f5d-8a13-68c48526f4ca,105.00,2026-02-25 00:15:00.000 +0100,W,k,Kwartierwaarden voor belastingtransformator
7 003 288,9d7ecebf-f32d-4f5d-8a13-68c48526f4ca,102.00,2026-02-25 00:30:00.000 +0100,W,k,Kwartierwaarden voor belastingtransformator
7 003 288,9d7ecebf-f32d-4f5d-8a13-68c48526f4ca,99.00,2026-02-25 00:45:00.000 +0100,W,k,Kwartierwaarden voor belastingtransformator
7 003 288,9d7ecebf-f32d-4f5d-8a13-68c48526f4ca,97.00,2026-02-25 01:00:00.000 +0100,W,k,Kwartierwaarden voor belastingtransformator
7 003 288,9d7ecebf-f32d-4f5d-8a13-68c48526f4ca,95.00,2026-02-25 01:15:00.000 +0100,W,k,Kwartierwaarden voor belastingtransformator
7 003 288,9d7ecebf-f32d-4f5d-8a13-68c48526f4ca,93.00,2026-02-25 01:30:00.000 +0100,W,k,Kwartierwaarden voor belastingtransformator
7 003 288,9d7ecebf-f32d-4f5d-8a13-68c48526f4ca,91.00,2026-02-25 01:45:00.000 +0100,W,k,Kwartierwaarden voor belastingtransformator
7 003 288,9d7ecebf-f32d-4f5d-8a13-68c48526f4ca,90.00,2026-02-25 02:00:00.000 +0100,W,k,Kwartierwaarden voor belastingtransformator
7 003 288,9d7ecebf-f32d-4f5d-8a13-68c48526f4ca,89.00,2026-02-25 02:15:00.000 +0100,W,k,Kwartierwaarden voor belastingtransformator
7 003 288,9d7ecebf-f32d-4f5d-8a13-68c48526f4ca,88.00,2026-02-25 02:30:00.000 +0100,W,k,Kwartierwaarden voor belastingtransformator
7 003 288,9d7ecebf-f32d-4f5d-8a13-68c48526f4ca,87.00,2026-02-25 02:45:00.000 +0100,W,k,Kwartierwaarden voor belastingtransformator
7 003 288,9d7ecebf-f32d-4f5d-8a13-68c48526f4ca,87.00,2026-02-25 03:00:00.000 +0100,W,k,Kwartierwaarden voor belastingtransformator
7 003 288,9d7ecebf-f32d-4f5d-8a13-68c48526f4ca,87.00,2026-02-25 03:15:00.000 +0100,W,k,Kwartierwaarden voor belastingtransformator
7 003 288,9d7ecebf-f32d-4f5d-8a13-68c48526f4ca,87.00,2026-02-25 03:30:00.000 +0100,W,k,Kwartierwaarden voor belastingtransformator
7 003 288,9d7ecebf-f32d-4f5d-8a13-68c48526f4ca,87.00,2026-02-25 03:45:00.000 +0100,W,k,Kwartierwaarden voor belastingtransformator
7 003 288,9d7ecebf-f32d-4f5d-8a13-68c48526f4ca,88.00,2026-02-25 04:00:00.000 +0100,W,k,Kwartierwaarden voor belastingtransformator
7 003 288,9d7ecebf-f32d-4f5d-8a13-68c48526f4ca,89.00,2026-02-25 04:15:00.000 +0100,W,k,Kwartierwaarden voor belastingtransformator
7 003 288,9d7ecebf-f32d-4f5d-8a13-68c48526f4ca,92.00,2026-02-25 04:30:00.000 +0100,W,k,Kwartierwaarden voor belastingtransformator
7 003 288,9d7ecebf-f32d-4f5d-8a13-68c48526f4ca,95.00,2026-02-25 04:45:00.000 +0100,W,k,Kwartierwaarden voor belastingtransformator
7 003 288,9d7ecebf-f32d-4f5d-8a13-68c48526f4ca,100.00,2026-02-25 05:00:00.000 +0100,W,k,Kwartierwaarden voor belastingtransformator
7 003 288,9d7ecebf-f32d-4f5d-8a13-68c48526f4ca,105.00,2026-02-25 05:15:00.000 +0100,W,k,Kwartierwaarden voor belastingtransformator
7 003 288,9d7ecebf-f32d-4f5d-8a13-68c48526f4ca,112.00,2026-02-25 05:30:00.000 +0100,W,k,Kwartierwaarden voor belastingtransformator
7 003 288,9d7ecebf-f32d-4f5d-8a13-68c48526f4ca,121.00,2026-02-25 05:45:00.000 +0100,W,k,Kwartierwaarden voor belastingtransformator
7 003 288,9d7ecebf-f32d-4f5d-8a13-68c48526f4ca,132.00,2026-02-25 06:00:00.000 +0100,W,k,Kwartierwaarden voor belastingtransformator
7 003 288,9d7ecebf-f32d-4f5d-8a13-68c48526f4ca,141.00,2026-02-25 06:15:00.000 +0100,W,k,Kwartierwaarden voor belastingtransformator
7 003 288,9d7ecebf-f32d-4f5d-8a13-68c48526f4ca,149.00,2026-02-25 06:30:00.000 +0100,W,k,Kwartierwaarden voor belastingtransformator
7 003 288,9d7ecebf-f32d-4f5d-8a13-68c48526f4ca,154.00,2026-02-25 06:45:00.000 +0100,W,k,Kwartierwaarden voor belastingtransformator
7 003 288,9d7ecebf-f32d-4f5d-8a13-68c48526f4ca,155.00,2026-02-25 07:00:00.000 +0100,W,k,Kwartierwaarden voor belastingtransformator
7 003 288,9d7ecebf-f32d-4f5d-8a13-68c48526f4ca,137.00,2026-02-25 07:15:00.000 +0100,W,k,Kwartierwaarden voor belastingtransformator
7 003 288,9d7ecebf-f32d-4f5d-8a13-68c48526f4ca,120.00,2026-02-25 07:30:00.000 +0100,W,k,Kwartierwaarden voor belastingtransformator
7 003 288,9d7ecebf-f32d-4f5d-8a13-68c48526f4ca,103.00,2026-02-25 07:45:00.000 +0100,W,k,Kwartierwaarden voor belastingtransformator
7 003 288,9d7ecebf-f32d-4f5d-8a13-68c48526f4ca,84.00,2026-02-25 08:00:00.000 +0100,W,k,Kwartierwaarden voor belastingtransformator
7 003 288,9d7ecebf-f32d-4f5d-8a13-68c48526f4ca,49.00,2026-02-25 08:15:00.000 +0100,W,k,Kwartierwaarden voor belastingtransformator
7 003 288,9d7ecebf-f32d-4f5d-8a13-68c48526f4ca,13.00,2026-02-25 08:30:00.000 +0100,W,k,Kwartierwaarden voor belastingtransformator
7 003 288,9d7ecebf-f32d-4f5d-8a13-68c48526f4ca,-24.00,2026-02-25 08:45:00.000 +0100,W,k,Kwartierwaarden voor belastingtransformator
7 003 288,9d7ecebf-f32d-4f5d-8a13-68c48526f4ca,-59.00,2026-02-25 09:00:00.000 +0100,W,k,Kwartierwaarden voor belastingtransformator
7 003 288,9d7ecebf-f32d-4f5d-8a13-68c48526f4ca,-90.00,2026-02-25 09:15:00.000 +0100,W,k,Kwartierwaarden voor belastingtransformator
7 003 288,9d7ecebf-f32d-4f5d-8a13-68c48526f4ca,-121.00,2026-02-25 09:30:00.000 +0100,W,k,Kwartierwaarden voor belastingtransformator
7 003 288,9d7ecebf-f32d-4f5d-8a13-68c48526f4ca,-152.00,2026-02-25 09:45:00.000 +0100,W,k,Kwartierwaarden voor belastingtransformator
7 003 288,9d7ecebf-f32d-4f5d-8a13-68c48526f4ca,-182.00,2026-02-25 10:00:00.000 +0100,W,k,Kwartierwaarden voor belastingtransformator
7 003 288,9d7ecebf-f32d-4f5d-8a13-68c48526f4ca,-202.00,2026-02-25 10:15:00.000 +0100,W,k,Kwartierwaarden voor belastingtransformator
7 003 288,9d7ecebf-f32d-4f5d-8a13-68c48526f4ca,-220.00,2026-02-25 10:30:00.000 +0100,W,k,Kwartierwaarden voor belastingtransformator
7 003 288,9d7ecebf-f32d-4f5d-8a13-68c48526f4ca,-236.00,2026-02-25 10:45:00.000 +0100,W,k,Kwartierwaarden voor belastingtransformator
7 003 288,9d7ecebf-f32d-4f5d-8a13-68c48526f4ca,-253.00,2026-02-25 11:00:00.000 +0100,W,k,Kwartierwaarden voor belastingtransformator
7 003 288,9d7ecebf-f32d-4f5d-8a13-68c48526f4ca,-253.00,2026-02-25 11:15:00.000 +0100,W,k,Kwartierwaarden voor belastingtransformator
7 003 288,9d7ecebf-f32d-4f5d-8a13-68c48526f4ca,-254.00,2026-02-25 11:30:00.000 +0100,W,k,Kwartierwaarden voor belastingtransformator
7 003 288,9d7ecebf-f32d-4f5d-8a13-68c48526f4ca,-254.00,2026-02-25 11:45:00.000 +0100,W,k,Kwartierwaarden voor belastingtransformator
7 003 288,9d7ecebf-f32d-4f5d-8a13-68c48526f4ca,-258.00,2026-02-25 12:00:00.000 +0100,W,k,Kwartierwaarden voor belastingtransformator
7 003 288,9d7ecebf-f32d-4f5d-8a13-68c48526f4ca,-251.00,2026-02-25 12:15:00.000 +0100,W,k,Kwartierwaarden voor belastingtransformator
7 003 288,9d7ecebf-f32d-4f5d-8a13-68c48526f4ca,-245.00,2026-02-25 12:30:00.000 +0100,W,k,Kwartierwaarden voor belastingtransformator
7 003 288,9d7ecebf-f32d-4f5d-8a13-68c48526f4ca,-238.00,2026-02-25 12:45:00.000 +0100,W,k,Kwartierwaarden voor belastingtransformator
7 003 288,9d7ecebf-f32d-4f5d-8a13-68c48526f4ca,-231.00,2026-02-25 13:00:00.000 +0100,W,k,Kwartierwaarden voor belastingtransformator
7 003 288,9d7ecebf-f32d-4f5d-8a13-68c48526f4ca,-215.00,2026-02-25 13:15:00.000 +0100,W,k,Kwartierwaarden voor belastingtransformator
7 003 288,9d7ecebf-f32d-4f5d-8a13-68c48526f4ca,-198.00,2026-02-25 13:30:00.000 +0100,W,k,Kwartierwaarden voor belastingtransformator
7 003 288,9d7ecebf-f32d-4f5d-8a13-68c48526f4ca,-180.00,2026-02-25 13:45:00.000 +0100,W,k,Kwartierwaarden voor belastingtransformator
7 003 288,9d7ecebf-f32d-4f5d-8a13-68c48526f4ca,-164.00,2026-02-25 14:00:00.000 +0100,W,k,Kwartierwaarden voor belastingtransformator
7 003 288,9d7ecebf-f32d-4f5d-8a13-68c48526f4ca,-140.00,2026-02-25 14:15:00.000 +0100,W,k,Kwartierwaarden voor belastingtransformator
7 003 288,9d7ecebf-f32d-4f5d-8a13-68c48526f4ca,-113.00,2026-02-25 14:30:00.000 +0100,W,k,Kwartierwaarden voor belastingtransformator
7 003 288,9d7ecebf-f32d-4f5d-8a13-68c48526f4ca,-87.00,2026-02-25 14:45:00.000 +0100,W,k,Kwartierwaarden voor belastingtransformator
7 003 288,9d7ecebf-f32d-4f5d-8a13-68c48526f4ca,-59.00,2026-02-25 15:00:00.000 +0100,W,k,Kwartierwaarden voor belastingtransformator
7 003 288,9d7ecebf-f32d-4f5d-8a13-68c48526f4ca,-27.00,2026-02-25 15:15:00.000 +0100,W,k,Kwartierwaarden voor belastingtransformator
7 003 288,9d7ecebf-f32d-4f5d-8a13-68c48526f4ca,9.00,2026-02-25 15:30:00.000 +0100,W,k,Kwartierwaarden voor belastingtransformator
7 003 288,9d7ecebf-f32d-4f5d-8a13-68c48526f4ca,47.00,2026-02-25 15:45:00.000 +0100,W,k,Kwartierwaarden voor belastingtransformator
7 003 288,9d7ecebf-f32d-4f5d-8a13-68c48526f4ca,92.00,2026-02-25 16:00:00.000 +0100,W,k,Kwartierwaarden voor belastingtransformator
7 003 288,9d7ecebf-f32d-4f5d-8a13-68c48526f4ca,140.00,2026-02-25 16:15:00.000 +0100,W,k,Kwartierwaarden voor belastingtransformator
7 003 288,9d7ecebf-f32d-4f5d-8a13-68c48526f4ca,183.00,2026-02-25 16:30:00.000 +0100,W,k,Kwartierwaarden voor belastingtransformator
7 003 288,9d7ecebf-f32d-4f5d-8a13-68c48526f4ca,219.00,2026-02-25 16:45:00.000 +0100,W,k,Kwartierwaarden voor belastingtransformator
7 003 288,9d7ecebf-f32d-4f5d-8a13-68c48526f4ca,246.00,2026-02-25 17:00:00.000 +0100,W,k,Kwartierwaarden voor belastingtransformator
7 003 288,9d7ecebf-f32d-4f5d-8a13-68c48526f4ca,248.00,2026-02-25 17:15:00.000 +0100,W,k,Kwartierwaarden voor belastingtransformator
7 003 288,9d7ecebf-f32d-4f5d-8a13-68c48526f4ca,248.00,2026-02-25 17:30:00.000 +0100,W,k,Kwartierwaarden voor belastingtransformator
7 003 288,9d7ecebf-f32d-4f5d-8a13-68c48526f4ca,248.00,2026-02-25 17:45:00.000 +0100,W,k,Kwartierwaarden voor belastingtransformator
7 003 288,9d7ecebf-f32d-4f5d-8a13-68c48526f4ca,246.00,2026-02-25 18:00:00.000 +0100,W,k,Kwartierwaarden voor belastingtransformator
7 003 288,9d7ecebf-f32d-4f5d-8a13-68c48526f4ca,241.00,2026-02-25 18:15:00.000 +0100,W,k,Kwartierwaarden voor belastingtransformator
7 003 288,9d7ecebf-f32d-4f5d-8a13-68c48526f4ca,234.00,2026-02-25 18:30:00.000 +0100,W,k,Kwartierwaarden voor belastingtransformator
7 003 288,9d7ecebf-f32d-4f5d-8a13-68c48526f4ca,231.00,2026-02-25 18:45:00.000 +0100,W,k,Kwartierwaarden voor belastingtransformator
7 003 288,9d7ecebf-f32d-4f5d-8a13-68c48526f4ca,224.00,2026-02-25 19:00:00.000 +0100,W,k,Kwartierwaarden voor belastingtransformator
7 003 288,9d7ecebf-f32d-4f5d-8a13-68c48526f4ca,219.00,2026-02-25 19:15:00.000 +0100,W,k,Kwartierwaarden voor belastingtransformator
7 003 288,9d7ecebf-f32d-4f5d-8a13-68c48526f4ca,213.00,2026-02-25 19:30:00.000 +0100,W,k,Kwartierwaarden voor belastingtransformator
7 003 288,9d7ecebf-f32d-4f5d-8a13-68c48526f4ca,208.00,2026-02-25 19:45:00.000 +0100,W,k,Kwartierwaarden voor belastingtransformator
7 003 288,9d7ecebf-f32d-4f5d-8a13-68c48526f4ca,201.00,2026-02-25 20:00:00.000 +0100,W,k,Kwartierwaarden voor belastingtransformator
7 003 288,9d7ecebf-f32d-4f5d-8a13-68c48526f4ca,197.00,2026-02-25 20:15:00.000 +0100,W,k,Kwartierwaarden voor belastingtransformator
7 003 288,9d7ecebf-f32d-4f5d-8a13-68c48526f4ca,191.00,2026-02-25 20:30:00.000 +0100,W,k,Kwartierwaarden voor belastingtransformator
7 003 288,9d7ecebf-f32d-4f5d-8a13-68c48526f4ca,186.00,2026-02-25 20:45:00.000 +0100,W,k,Kwartierwaarden voor belastingtransformator
7 003 288,9d7ecebf-f32d-4f5d-8a13-68c48526f4ca,180.00,2026-02-25 21:00:00.000 +0100,W,k,Kwartierwaarden voor belastingtransformator
7 003 288,9d7ecebf-f32d-4f5d-8a13-68c48526f4ca,174.00,2026-02-25 21:15:00.000 +0100,W,k,Kwartierwaarden voor belastingtransformator
7 003 288,9d7ecebf-f32d-4f5d-8a13-68c48526f4ca,167.00,2026-02-25 21:30:00.000 +0100,W,k,Kwartierwaarden voor belastingtransformator
7 003 288,9d7ecebf-f32d-4f5d-8a13-68c48526f4ca,160.00,2026-02-25 21:45:00.000 +0100,W,k,Kwartierwaarden voor belastingtransformator
7 003 288,9d7ecebf-f32d-4f5d-8a13-68c48526f4ca,153.00,2026-02-25 22:00:00.000 +0100,W,k,Kwartierwaarden voor belastingtransformator
7 003 288,9d7ecebf-f32d-4f5d-8a13-68c48526f4ca,146.00,2026-02-25 22:15:00.000 +0100,W,k,Kwartierwaarden voor belastingtransformator
7 003 288,9d7ecebf-f32d-4f5d-8a13-68c48526f4ca,139.00,2026-02-25 22:30:00.000 +0100,W,k,Kwartierwaarden voor belastingtransformator
7 003 288,9d7ecebf-f32d-4f5d-8a13-68c48526f4ca,132.00,2026-02-25 22:45:00.000 +0100,W,k,Kwartierwaarden voor belastingtransformator
7 003 288,9d7ecebf-f32d-4f5d-8a13-68c48526f4ca,126.00,2026-02-25 23:00:00.000 +0100,W,k,Kwartierwaarden voor belastingtransformator
7 003 288,9d7ecebf-f32d-4f5d-8a13-68c48526f4ca,120.00,2026-02-25 23:15:00.000 +0100,W,k,Kwartierwaarden voor belastingtransformator
7 003 288,9d7ecebf-f32d-4f5d-8a13-68c48526f4ca,115.00,2026-02-25 23:30:00.000 +0100,W,k,Kwartierwaarden voor belastingtransformator
7 003 288,9d7ecebf-f32d-4f5d-8a13-68c48526f4ca,110.00,2026-02-25 23:45:00.000 +0100,W,k,Kwartierwaarden voor belastingtransformator
7 003 309,437495e1-dfef-4dd4-ab2e-78155e1297a9,88.00,2026-02-23 00:00:00.000 +0100,W,k,Kwartierwaarden voor belastingtransformator
7 003 309,437495e1-dfef-4dd4-ab2e-78155e1297a9,85.00,2026-02-23 00:15:00.000 +0100,W,k,Kwartierwaarden voor belastingtransformator
7 003 309,437495e1-dfef-4dd4-ab2e-78155e1297a9,83.00,2026-02-23 00:30:00.000 +0100,W,k,Kwartierwaarden voor belastingtransformator
7 003 309,437495e1-dfef-4dd4-ab2e-78155e1297a9,81.00,2026-02-23 00:45:00.000 +0100,W,k,Kwartierwaarden voor belastingtransformator
7 003 309,437495e1-dfef-4dd4-ab2e-78155e1297a9,79.00,2026-02-23 01:00:00.000 +0100,W,k,Kwartierwaarden voor belastingtransformator
7 003 309,437495e1-dfef-4dd4-ab2e-78155e1297a9,78.00,2026-02-23 01:15:00.000 +0100,W,k,Kwartierwaarden voor belastingtransformator
7 003 309,437495e1-dfef-4dd4-ab2e-78155e1297a9,77.00,2026-02-23 01:30:00.000 +0100,W,k,Kwartierwaarden voor belastingtransformator
7 003 309,437495e1-dfef-4dd4-ab2e-78155e1297a9,75.00,2026-02-23 01:45:00.000 +0100,W,k,Kwartierwaarden voor belastingtransformator
7 003 309,437495e1-dfef-4dd4-ab2e-78155e1297a9,75.00,2026-02-23 02:00:00.000 +0100,W,k,Kwartierwaarden voor belastingtransformator
7 003 309,437495e1-dfef-4dd4-ab2e-78155e1297a9,75.00,2026-02-23 02:15:00.000 +0100,W,k,Kwartierwaarden voor belastingtransformator
7 003 309,437495e1-dfef-4dd4-ab2e-78155e1297a9,74.00,2026-02-23 02:30:00.000 +0100,W,k,Kwartierwaarden voor belastingtransformator
7 003 309,437495e1-dfef-4dd4-ab2e-78155e1297a9,73.00,2026-02-23 02:45:00.000 +0100,W,k,Kwartierwaarden voor belastingtransformator
7 003 309,437495e1-dfef-4dd4-ab2e-78155e1297a9,73.00,2026-02-23 03:00:00.000 +0100,W,k,Kwartierwaarden voor belastingtransformator
7 003 309,437495e1-dfef-4dd4-ab2e-78155e1297a9,72.00,2026-02-23 03:15:00.000 +0100,W,k,Kwartierwaarden voor belastingtransformator
7 003 309,437495e1-dfef-4dd4-ab2e-78155e1297a9,72.00,2026-02-23 03:30:00.000 +0100,W,k,Kwartierwaarden voor belastingtransformator
7 003 309,437495e1-dfef-4dd4-ab2e-78155e1297a9,73.00,2026-02-23 03:45:00.000 +0100,W,k,Kwartierwaarden voor belastingtransformator
7 003 309,437495e1-dfef-4dd4-ab2e-78155e1297a9,74.00,2026-02-23 04:00:00.000 +0100,W,k,Kwartierwaarden voor belastingtransformator
7 003 309,437495e1-dfef-4dd4-ab2e-78155e1297a9,75.00,2026-02-23 04:15:00.000 +0100,W,k,Kwartierwaarden voor belastingtransformator
7 003 309,437495e1-dfef-4dd4-ab2e-78155e1297a9,77.00,2026-02-23 04:30:00.000 +0100,W,k,Kwartierwaarden voor belastingtransformator
7 003 309,437495e1-dfef-4dd4-ab2e-78155e1297a9,80.00,2026-02-23 04:45:00.000 +0100,W,k,Kwartierwaarden voor belastingtransformator
7 003 309,437495e1-dfef-4dd4-ab2e-78155e1297a9,84.00,2026-02-23 05:00:00.000 +0100,W,k,Kwartierwaarden voor belastingtransformator
7 003 309,437495e1-dfef-4dd4-ab2e-78155e1297a9,89.00,2026-02-23 05:15:00.000 +0100,W,k,Kwartierwaarden voor belastingtransformator
7 003 309,437495e1-dfef-4dd4-ab2e-78155e1297a9,95.00,2026-02-23 05:30:00.000 +0100,W,k,Kwartierwaarden voor belastingtransformator
7 003 309,437495e1-dfef-4dd4-ab2e-78155e1297a9,102.00,2026-02-23 05:45:00.000 +0100,W,k,Kwartierwaarden voor belastingtransformator
7 003 309,437495e1-dfef-4dd4-ab2e-78155e1297a9,111.00,2026-02-23 06:00:00.000 +0100,W,k,Kwartierwaarden voor belastingtransformator
7 003 309,437495e1-dfef-4dd4-ab2e-78155e1297a9,117.00,2026-02-23 06:15:00.000 +0100,W,k,Kwartierwaarden voor belastingtransformator
7 003 309,437495e1-dfef-4dd4-ab2e-78155e1297a9,120.00,2026-02-23 06:30:00.000 +0100,W,k,Kwartierwaarden voor belastingtransformator
7 003 309,437495e1-dfef-4dd4-ab2e-78155e1297a9,122.00,2026-02-23 06:45:00.000 +0100,W,k,Kwartierwaarden voor belastingtransformator
7 003 309,437495e1-dfef-4dd4-ab2e-78155e1297a9,121.00,2026-02-23 07:00:00.000 +0100,W,k,Kwartierwaarden voor belastingtransformator
7 003 309,437495e1-dfef-4dd4-ab2e-78155e1297a9,109.00,2026-02-23 07:15:00.000 +0100,W,k,Kwartierwaarden voor belastingtransformator
7 003 309,437495e1-dfef-4dd4-ab2e-78155e1297a9,97.00,2026-02-23 07:30:00.000 +0100,W,k,Kwartierwaarden voor belastingtransformator
7 003 309,437495e1-dfef-4dd4-ab2e-78155e1297a9,86.00,2026-02-23 07:45:00.000 +0100,W,k,Kwartierwaarden voor belastingtransformator
7 003 309,437495e1-dfef-4dd4-ab2e-78155e1297a9,73.00,2026-02-23 08:00:00.000 +0100,W,k,Kwartierwaarden voor belastingtransformator
7 003 309,437495e1-dfef-4dd4-ab2e-78155e1297a9,61.00,2026-02-23 08:15:00.000 +0100,W,k,Kwartierwaarden voor belastingtransformator
7 003 309,437495e1-dfef-4dd4-ab2e-78155e1297a9,49.00,2026-02-23 08:30:00.000 +0100,W,k,Kwartierwaarden voor belastingtransformator
7 003 309,437495e1-dfef-4dd4-ab2e-78155e1297a9,36.00,2026-02-23 08:45:00.000 +0100,W,k,Kwartierwaarden voor belastingtransformator
7 003 309,437495e1-dfef-4dd4-ab2e-78155e1297a9,22.00,2026-02-23 09:00:00.000 +0100,W,k,Kwartierwaarden voor belastingtransformator
7 003 309,437495e1-dfef-4dd4-ab2e-78155e1297a9,13.00,2026-02-23 09:15:00.000 +0100,W,k,Kwartierwaarden voor belastingtransformator
7 003 309,437495e1-dfef-4dd4-ab2e-78155e1297a9,3.00,2026-02-23 09:30:00.000 +0100,W,k,Kwartierwaarden voor belastingtransformator
7 003 309,437495e1-dfef-4dd4-ab2e-78155e1297a9,-5.00,2026-02-23 09:45:00.000 +0100,W,k,Kwartierwaarden voor belastingtransformator
7 003 309,437495e1-dfef-4dd4-ab2e-78155e1297a9,-13.00,2026-02-23 10:00:00.000 +0100,W,k,Kwartierwaarden voor belastingtransformator
7 003 309,437495e1-dfef-4dd4-ab2e-78155e1297a9,-37.00,2026-02-23 10:15:00.000 +0100,W,k,Kwartierwaarden voor belastingtransformator
7 003 309,437495e1-dfef-4dd4-ab2e-78155e1297a9,-60.00,2026-02-23 10:30:00.000 +0100,W,k,Kwartierwaarden voor belastingtransformator
7 003 309,437495e1-dfef-4dd4-ab2e-78155e1297a9,-81.00,2026-02-23 10:45:00.000 +0100,W,k,Kwartierwaarden voor belastingtransformator
7 003 309,437495e1-dfef-4dd4-ab2e-78155e1297a9,-102.00,2026-02-23 11:00:00.000 +0100,W,k,Kwartierwaarden voor belastingtransformator
7 003 309,437495e1-dfef-4dd4-ab2e-78155e1297a9,-122.00,2026-02-23 11:15:00.000 +0100,W,k,Kwartierwaarden voor belastingtransformator
7 003 309,437495e1-dfef-4dd4-ab2e-78155e1297a9,-142.00,2026-02-23 11:30:00.000 +0100,W,k,Kwartierwaarden voor belastingtransformator
7 003 309,437495e1-dfef-4dd4-ab2e-78155e1297a9,-163.00,2026-02-23 11:45:00.000 +0100,W,k,Kwartierwaarden voor belastingtransformator
7 003 309,437495e1-dfef-4dd4-ab2e-78155e1297a9,-184.00,2026-02-23 12:00:00.000 +0100,W,k,Kwartierwaarden voor belastingtransformator
7 003 309,437495e1-dfef-4dd4-ab2e-78155e1297a9,-167.00,2026-02-23 12:15:00.000 +0100,W,k,Kwartierwaarden voor belastingtransformator
7 003 309,437495e1-dfef-4dd4-ab2e-78155e1297a9,-150.00,2026-02-23 12:30:00.000 +0100,W,k,Kwartierwaarden voor belastingtransformator
7 003 309,437495e1-dfef-4dd4-ab2e-78155e1297a9,-132.00,2026-02-23 12:45:00.000 +0100,W,k,Kwartierwaarden voor belastingtransformator
7 003 309,437495e1-dfef-4dd4-ab2e-78155e1297a9,-114.00,2026-02-23 13:00:00.000 +0100,W,k,Kwartierwaarden voor belastingtransformator
7 003 309,437495e1-dfef-4dd4-ab2e-78155e1297a9,-85.00,2026-02-23 13:15:00.000 +0100,W,k,Kwartierwaarden voor belastingtransformator
7 003 309,437495e1-dfef-4dd4-ab2e-78155e1297a9,-56.00,2026-02-23 13:30:00.000 +0100,W,k,Kwartierwaarden voor belastingtransformator
7 003 309,437495e1-dfef-4dd4-ab2e-78155e1297a9,-25.00,2026-02-23 13:45:00.000 +0100,W,k,Kwartierwaarden voor belastingtransformator
7 003 309,437495e1-dfef-4dd4-ab2e-78155e1297a9,5.00,2026-02-23 14:00:00.000 +0100,W,k,Kwartierwaarden voor belastingtransformator
7 003 309,437495e1-dfef-4dd4-ab2e-78155e1297a9,7.00,2026-02-23 14:15:00.000 +0100,W,k,Kwartierwaarden voor belastingtransformator
7 003 309,437495e1-dfef-4dd4-ab2e-78155e1297a9,10.00,2026-02-23 14:30:00.000 +0100,W,k,Kwartierwaarden voor belastingtransformator
7 003 309,437495e1-dfef-4dd4-ab2e-78155e1297a9,14.00,2026-02-23 14:45:00.000 +0100,W,k,Kwartierwaarden voor belastingtransformator
7 003 309,437495e1-dfef-4dd4-ab2e-78155e1297a9,20.00,2026-02-23 15:00:00.000 +0100,W,k,Kwartierwaarden voor belastingtransformator
7 003 309,437495e1-dfef-4dd4-ab2e-78155e1297a9,30.00,2026-02-23 15:15:00.000 +0100,W,k,Kwartierwaarden voor belastingtransformator
7 003 309,437495e1-dfef-4dd4-ab2e-78155e1297a9,43.00,2026-02-23 15:30:00.000 +0100,W,k,Kwartierwaarden voor belastingtransformator
7 003 309,437495e1-dfef-4dd4-ab2e-78155e1297a9,61.00,2026-02-23 15:45:00.000 +0100,W,k,Kwartierwaarden voor belastingtransformator
7 003 309,437495e1-dfef-4dd4-ab2e-78155e1297a9,83.00,2026-02-23 16:00:00.000 +0100,W,k,Kwartierwaarden voor belastingtransformator
7 003 309,437495e1-dfef-4dd4-ab2e-78155e1297a9,122.00,2026-02-23 16:15:00.000 +0100,W,k,Kwartierwaarden voor belastingtransformator
7 003 309,437495e1-dfef-4dd4-ab2e-78155e1297a9,159.00,2026-02-23 16:30:00.000 +0100,W,k,Kwartierwaarden voor belastingtransformator
7 003 309,437495e1-dfef-4dd4-ab2e-78155e1297a9,190.00,2026-02-23 16:45:00.000 +0100,W,k,Kwartierwaarden voor belastingtransformator
7 003 309,437495e1-dfef-4dd4-ab2e-78155e1297a9,214.00,2026-02-23 17:00:00.000 +0100,W,k,Kwartierwaarden voor belastingtransformator
7 003 309,437495e1-dfef-4dd4-ab2e-78155e1297a9,219.00,2026-02-23 17:15:00.000 +0100,W,k,Kwartierwaarden voor belastingtransformator
7 003 309,437495e1-dfef-4dd4-ab2e-78155e1297a9,221.00,2026-02-23 17:30:00.000 +0100,W,k,Kwartierwaarden voor belastingtransformator
7 003 309,437495e1-dfef-4dd4-ab2e-78155e1297a9,221.00,2026-02-23 17:45:00.000 +0100,W,k,Kwartierwaarden voor belastingtransformator
7 003 309,437495e1-dfef-4dd4-ab2e-78155e1297a9,220.00,2026-02-23 18:00:00.000 +0100,W,k,Kwartierwaarden voor belastingtransformator
7 003 309,437495e1-dfef-4dd4-ab2e-78155e1297a9,215.00,2026-02-23 18:15:00.000 +0100,W,k,Kwartierwaarden voor belastingtransformator
7 003 309,437495e1-dfef-4dd4-ab2e-78155e1297a9,209.00,2026-02-23 18:30:00.000 +0100,W,k,Kwartierwaarden voor belastingtransformator
7 003 309,437495e1-dfef-4dd4-ab2e-78155e1297a9,206.00,2026-02-23 18:45:00.000 +0100,W,k,Kwartierwaarden voor belastingtransformator
7 003 309,437495e1-dfef-4dd4-ab2e-78155e1297a9,200.00,2026-02-23 19:00:00.000 +0100,W,k,Kwartierwaarden voor belastingtransformator
7 003 309,437495e1-dfef-4dd4-ab2e-78155e1297a9,195.00,2026-02-23 19:15:00.000 +0100,W,k,Kwartierwaarden voor belastingtransformator
7 003 309,437495e1-dfef-4dd4-ab2e-78155e1297a9,189.00,2026-02-23 19:30:00.000 +0100,W,k,Kwartierwaarden voor belastingtransformator
7 003 309,437495e1-dfef-4dd4-ab2e-78155e1297a9,183.00,2026-02-23 19:45:00.000 +0100,W,k,Kwartierwaarden voor belastingtransformator
7 003 309,437495e1-dfef-4dd4-ab2e-78155e1297a9,177.00,2026-02-23 20:00:00.000 +0100,W,k,Kwartierwaarden voor belastingtransformator
7 003 309,437495e1-dfef-4dd4-ab2e-78155e1297a9,173.00,2026-02-23 20:15:00.000 +0100,W,k,Kwartierwaarden voor belastingtransformator
7 003 309,437495e1-dfef-4dd4-ab2e-78155e1297a9,168.00,2026-02-23 20:30:00.000 +0100,W,k,Kwartierwaarden voor belastingtransformator
7 003 309,437495e1-dfef-4dd4-ab2e-78155e1297a9,163.00,2026-02-23 20:45:00.000 +0100,W,k,Kwartierwaarden voor belastingtransformator
7 003 309,437495e1-dfef-4dd4-ab2e-78155e1297a9,156.00,2026-02-23 21:00:00.000 +0100,W,k,Kwartierwaarden voor belastingtransformator
7 003 309,437495e1-dfef-4dd4-ab2e-78155e1297a9,150.00,2026-02-23 21:15:00.000 +0100,W,k,Kwartierwaarden voor belastingtransformator
7 003 309,437495e1-dfef-4dd4-ab2e-78155e1297a9,143.00,2026-02-23 21:30:00.000 +0100,W,k,Kwartierwaarden voor belastingtransformator
7 003 309,437495e1-dfef-4dd4-ab2e-78155e1297a9,137.00,2026-02-23 21:45:00.000 +0100,W,k,Kwartierwaarden voor belastingtransformator
7 003 309,437495e1-dfef-4dd4-ab2e-78155e1297a9,133.00,2026-02-23 22:00:00.000 +0100,W,k,Kwartierwaarden voor belastingtransformator
7 003 309,437495e1-dfef-4dd4-ab2e-78155e1297a9,127.00,2026-02-23 22:15:00.000 +0100,W,k,Kwartierwaarden voor belastingtransformator
7 003 309,437495e1-dfef-4dd4-ab2e-78155e1297a9,121.00,2026-02-23 22:30:00.000 +0100,W,k,Kwartierwaarden voor belastingtransformator
7 003 309,437495e1-dfef-4dd4-ab2e-78155e1297a9,115.00,2026-02-23 22:45:00.000 +0100,W,k,Kwartierwaarden voor belastingtransformator
7 003 309,437495e1-dfef-4dd4-ab2e-78155e1297a9,110.00,2026-02-23 23:00:00.000 +0100,W,k,Kwartierwaarden voor belastingtransformator
7 003 309,437495e1-dfef-4dd4-ab2e-78155e1297a9,106.00,2026-02-23 23:15:00.000 +0100,W,k,Kwartierwaarden voor belastingtransformator
7 003 309,437495e1-dfef-4dd4-ab2e-78155e1297a9,102.00,2026-02-23 23:30:00.000 +0100,W,k,Kwartierwaarden voor belastingtransformator
7 003 309,437495e1-dfef-4dd4-ab2e-78155e1297a9,98.00,2026-02-23 23:45:00.000 +0100,W,k,Kwartierwaarden voor belastingtransformator
7 003 309,437495e1-dfef-4dd4-ab2e-78155e1297a9,94.00,2026-02-24 00:00:00.000 +0100,W,k,Kwartierwaarden voor belastingtransformator
7 003 309,437495e1-dfef-4dd4-ab2e-78155e1297a9,92.00,2026-02-24 00:15:00.000 +0100,W,k,Kwartierwaarden voor belastingtransformator
7 003 309,437495e1-dfef-4dd4-ab2e-78155e1297a9,89.00,2026-02-24 00:30:00.000 +0100,W,k,Kwartierwaarden voor belastingtransformator
7 003 309,437495e1-dfef-4dd4-ab2e-78155e1297a9,86.00,2026-02-24 00:45:00.000 +0100,W,k,Kwartierwaarden voor belastingtransformator
7 003 309,437495e1-dfef-4dd4-ab2e-78155e1297a9,85.00,2026-02-24 01:00:00.000 +0100,W,k,Kwartierwaarden voor belastingtransformator
7 003 309,437495e1-dfef-4dd4-ab2e-78155e1297a9,83.00,2026-02-24 01:15:00.000 +0100,W,k,Kwartierwaarden voor belastingtransformator
7 003 309,437495e1-dfef-4dd4-ab2e-78155e1297a9,82.00,2026-02-24 01:30:00.000 +0100,W,k,Kwartierwaarden voor belastingtransformator
7 003 309,437495e1-dfef-4dd4-ab2e-78155e1297a9,80.00,2026-02-24 01:45:00.000 +0100,W,k,Kwartierwaarden voor belastingtransformator
7 003 309,437495e1-dfef-4dd4-ab2e-78155e1297a9,79.00,2026-02-24 02:00:00.000 +0100,W,k,Kwartierwaarden voor belastingtransformator
7 003 309,437495e1-dfef-4dd4-ab2e-78155e1297a9,78.00,2026-02-24 02:15:00.000 +0100,W,k,Kwartierwaarden voor belastingtransformator
7 003 309,437495e1-dfef-4dd4-ab2e-78155e1297a9,77.00,2026-02-24 02:30:00.000 +0100,W,k,Kwartierwaarden voor belastingtransformator
7 003 309,437495e1-dfef-4dd4-ab2e-78155e1297a9,76.00,2026-02-24 02:45:00.000 +0100,W,k,Kwartierwaarden voor belastingtransformator
7 003 309,437495e1-dfef-4dd4-ab2e-78155e1297a9,76.00,2026-02-24 03:00:00.000 +0100,W,k,Kwartierwaarden voor belastingtransformator
7 003 309,437495e1-dfef-4dd4-ab2e-78155e1297a9,75.00,2026-02-24 03:15:00.000 +0100,W,k,Kwartierwaarden voor belastingtransformator
7 003 309,437495e1-dfef-4dd4-ab2e-78155e1297a9,75.00,2026-02-24 03:30:00.000 +0100,W,k,Kwartierwaarden voor belastingtransformator
7 003 309,437495e1-dfef-4dd4-ab2e-78155e1297a9,76.00,2026-02-24 03:45:00.000 +0100,W,k,Kwartierwaarden voor belastingtransformator
7 003 309,437495e1-dfef-4dd4-ab2e-78155e1297a9,76.00,2026-02-24 04:00:00.000 +0100,W,k,Kwartierwaarden voor belastingtransformator
7 003 309,437495e1-dfef-4dd4-ab2e-78155e1297a9,78.00,2026-02-24 04:15:00.000 +0100,W,k,Kwartierwaarden voor belastingtransformator
7 003 309,437495e1-dfef-4dd4-ab2e-78155e1297a9,80.00,2026-02-24 04:30:00.000 +0100,W,k,Kwartierwaarden voor belastingtransformator
7 003 309,437495e1-dfef-4dd4-ab2e-78155e1297a9,83.00,2026-02-24 04:45:00.000 +0100,W,k,Kwartierwaarden voor belastingtransformator
7 003 309,437495e1-dfef-4dd4-ab2e-78155e1297a9,87.00,2026-02-24 05:00:00.000 +0100,W,k,Kwartierwaarden voor belastingtransformator
7 003 309,437495e1-dfef-4dd4-ab2e-78155e1297a9,92.00,2026-02-24 05:15:00.000 +0100,W,k,Kwartierwaarden voor belastingtransformator
7 003 309,437495e1-dfef-4dd4-ab2e-78155e1297a9,99.00,2026-02-24 05:30:00.000 +0100,W,k,Kwartierwaarden voor belastingtransformator
7 003 309,437495e1-dfef-4dd4-ab2e-78155e1297a9,106.00,2026-02-24 05:45:00.000 +0100,W,k,Kwartierwaarden voor belastingtransformator
7 003 309,437495e1-dfef-4dd4-ab2e-78155e1297a9,116.00,2026-02-24 06:00:00.000 +0100,W,k,Kwartierwaarden voor belastingtransformator
7 003 309,437495e1-dfef-4dd4-ab2e-78155e1297a9,123.00,2026-02-24 06:15:00.000 +0100,W,k,Kwartierwaarden voor belastingtransformator
7 003 309,437495e1-dfef-4dd4-ab2e-78155e1297a9,125.00,2026-02-24 06:30:00.000 +0100,W,k,Kwartierwaarden voor belastingtransformator
7 003 309,437495e1-dfef-4dd4-ab2e-78155e1297a9,124.00,2026-02-24 06:45:00.000 +0100,W,k,Kwartierwaarden voor belastingtransformator
7 003 309,437495e1-dfef-4dd4-ab2e-78155e1297a9,118.00,2026-02-24 07:00:00.000 +0100,W,k,Kwartierwaarden voor belastingtransformator
7 003 309,437495e1-dfef-4dd4-ab2e-78155e1297a9,108.00,2026-02-24 07:15:00.000 +0100,W,k,Kwartierwaarden voor belastingtransformator
7 003 309,437495e1-dfef-4dd4-ab2e-78155e1297a9,101.00,2026-02-24 07:30:00.000 +0100,W,k,Kwartierwaarden voor belastingtransformator
7 003 309,437495e1-dfef-4dd4-ab2e-78155e1297a9,94.00,2026-02-24 07:45:00.000 +0100,W,k,Kwartierwaarden voor belastingtransformator
7 003 309,437495e1-dfef-4dd4-ab2e-78155e1297a9,87.00,2026-02-24 08:00:00.000 +0100,W,k,Kwartierwaarden voor belastingtransformator
7 003 309,437495e1-dfef-4dd4-ab2e-78155e1297a9,82.00,2026-02-24 08:15:00.000 +0100,W,k,Kwartierwaarden voor belastingtransformator
7 003 309,437495e1-dfef-4dd4-ab2e-78155e1297a9,77.00,2026-02-24 08:30:00.000 +0100,W,k,Kwartierwaarden voor belastingtransformator
7 003 309,437495e1-dfef-4dd4-ab2e-78155e1297a9,72.00,2026-02-24 08:45:00.000 +0100,W,k,Kwartierwaarden voor belastingtransformator
7 003 309,437495e1-dfef-4dd4-ab2e-78155e1297a9,67.00,2026-02-24 09:00:00.000 +0100,W,k,Kwartierwaarden voor belastingtransformator
7 003 309,437495e1-dfef-4dd4-ab2e-78155e1297a9,68.00,2026-02-24 09:15:00.000 +0100,W,k,Kwartierwaarden voor belastingtransformator
7 003 309,437495e1-dfef-4dd4-ab2e-78155e1297a9,68.00,2026-02-24 09:30:00.000 +0100,W,k,Kwartierwaarden voor belastingtransformator
7 003 309,437495e1-dfef-4dd4-ab2e-78155e1297a9,70.00,2026-02-24 09:45:00.000 +0100,W,k,Kwartierwaarden voor belastingtransformator
7 003 309,437495e1-dfef-4dd4-ab2e-78155e1297a9,72.00,2026-02-24 10:00:00.000 +0100,W,k,Kwartierwaarden voor belastingtransformator
7 003 309,437495e1-dfef-4dd4-ab2e-78155e1297a9,75.00,2026-02-24 10:15:00.000 +0100,W,k,Kwartierwaarden voor belastingtransformator
7 003 309,437495e1-dfef-4dd4-ab2e-78155e1297a9,78.00,2026-02-24 10:30:00.000 +0100,W,k,Kwartierwaarden voor belastingtransformator
7 003 309,437495e1-dfef-4dd4-ab2e-78155e1297a9,83.00,2026-02-24 10:45:00.000 +0100,W,k,Kwartierwaarden voor belastingtransformator
7 003 309,437495e1-dfef-4dd4-ab2e-78155e1297a9,86.00,2026-02-24 11:00:00.000 +0100,W,k,Kwartierwaarden voor belastingtransformator
7 003 309,437495e1-dfef-4dd4-ab2e-78155e1297a9,87.00,2026-02-24 11:15:00.000 +0100,W,k,Kwartierwaarden voor belastingtransformator
7 003 309,437495e1-dfef-4dd4-ab2e-78155e1297a9,87.00,2026-02-24 11:30:00.000 +0100,W,k,Kwartierwaarden voor belastingtransformator
7 003 309,437495e1-dfef-4dd4-ab2e-78155e1297a9,87.00,2026-02-24 11:45:00.000 +0100,W,k,Kwartierwaarden voor belastingtransformator
7 003 309,437495e1-dfef-4dd4-ab2e-78155e1297a9,87.00,2026-02-24 12:00:00.000 +0100,W,k,Kwartierwaarden voor belastingtransformator
7 003 309,437495e1-dfef-4dd4-ab2e-78155e1297a9,85.00,2026-02-24 12:15:00.000 +0100,W,k,Kwartierwaarden voor belastingtransformator
7 003 309,437495e1-dfef-4dd4-ab2e-78155e1297a9,82.00,2026-02-24 12:30:00.000 +0100,W,k,Kwartierwaarden voor belastingtransformator
7 003 309,437495e1-dfef-4dd4-ab2e-78155e1297a9,80.00,2026-02-24 12:45:00.000 +0100,W,k,Kwartierwaarden voor belastingtransformator
7 003 309,437495e1-dfef-4dd4-ab2e-78155e1297a9,78.00,2026-02-24 13:00:00.000 +0100,W,k,Kwartierwaarden voor belastingtransformator
7 003 309,437495e1-dfef-4dd4-ab2e-78155e1297a9,78.00,2026-02-24 13:15:00.000 +0100,W,k,Kwartierwaarden voor belastingtransformator
7 003 309,437495e1-dfef-4dd4-ab2e-78155e1297a9,79.00,2026-02-24 13:30:00.000 +0100,W,k,Kwartierwaarden voor belastingtransformator
7 003 309,437495e1-dfef-4dd4-ab2e-78155e1297a9,78.00,2026-02-24 13:45:00.000 +0100,W,k,Kwartierwaarden voor belastingtransformator
7 003 309,437495e1-dfef-4dd4-ab2e-78155e1297a9,77.00,2026-02-24 14:00:00.000 +0100,W,k,Kwartierwaarden voor belastingtransformator
7 003 309,437495e1-dfef-4dd4-ab2e-78155e1297a9,76.00,2026-02-24 14:15:00.000 +0100,W,k,Kwartierwaarden voor belastingtransformator
7 003 309,437495e1-dfef-4dd4-ab2e-78155e1297a9,76.00,2026-02-24 14:30:00.000 +0100,W,k,Kwartierwaarden voor belastingtransformator
7 003 309,437495e1-dfef-4dd4-ab2e-78155e1297a9,78.00,2026-02-24 14:45:00.000 +0100,W,k,Kwartierwaarden voor belastingtransformator
7 003 309,437495e1-dfef-4dd4-ab2e-78155e1297a9,82.00,2026-02-24 15:00:00.000 +0100,W,k,Kwartierwaarden voor belastingtransformator
7 003 309,437495e1-dfef-4dd4-ab2e-78155e1297a9,89.00,2026-02-24 15:15:00.000 +0100,W,k,Kwartierwaarden voor belastingtransformator
7 003 309,437495e1-dfef-4dd4-ab2e-78155e1297a9,100.00,2026-02-24 15:30:00.000 +0100,W,k,Kwartierwaarden voor belastingtransformator
7 003 309,437495e1-dfef-4dd4-ab2e-78155e1297a9,116.00,2026-02-24 15:45:00.000 +0100,W,k,Kwartierwaarden voor belastingtransformator
7 003 309,437495e1-dfef-4dd4-ab2e-78155e1297a9,137.00,2026-02-24 16:00:00.000 +0100,W,k,Kwartierwaarden voor belastingtransformator
7 003 309,437495e1-dfef-4dd4-ab2e-78155e1297a9,162.00,2026-02-24 16:15:00.000 +0100,W,k,Kwartierwaarden voor belastingtransformator
7 003 309,437495e1-dfef-4dd4-ab2e-78155e1297a9,185.00,2026-02-24 16:30:00.000 +0100,W,k,Kwartierwaarden voor belastingtransformator
7 003 309,437495e1-dfef-4dd4-ab2e-78155e1297a9,201.00,2026-02-24 16:45:00.000 +0100,W,k,Kwartierwaarden voor belastingtransformator
7 003 309,437495e1-dfef-4dd4-ab2e-78155e1297a9,209.00,2026-02-24 17:00:00.000 +0100,W,k,Kwartierwaarden voor belastingtransformator
7 003 309,437495e1-dfef-4dd4-ab2e-78155e1297a9,213.00,2026-02-24 17:15:00.000 +0100,W,k,Kwartierwaarden voor belastingtransformator
7 003 309,437495e1-dfef-4dd4-ab2e-78155e1297a9,214.00,2026-02-24 17:30:00.000 +0100,W,k,Kwartierwaarden voor belastingtransformator
7 003 309,437495e1-dfef-4dd4-ab2e-78155e1297a9,214.00,2026-02-24 17:45:00.000 +0100,W,k,Kwartierwaarden voor belastingtransformator
7 003 309,437495e1-dfef-4dd4-ab2e-78155e1297a9,211.00,2026-02-24 18:00:00.000 +0100,W,k,Kwartierwaarden voor belastingtransformator
7 003 309,437495e1-dfef-4dd4-ab2e-78155e1297a9,206.00,2026-02-24 18:15:00.000 +0100,W,k,Kwartierwaarden voor belastingtransformator
7 003 309,437495e1-dfef-4dd4-ab2e-78155e1297a9,202.00,2026-02-24 18:30:00.000 +0100,W,k,Kwartierwaarden voor belastingtransformator
7 003 309,437495e1-dfef-4dd4-ab2e-78155e1297a9,199.00,2026-02-24 18:45:00.000 +0100,W,k,Kwartierwaarden voor belastingtransformator
7 003 309,437495e1-dfef-4dd4-ab2e-78155e1297a9,193.00,2026-02-24 19:00:00.000 +0100,W,k,Kwartierwaarden voor belastingtransformator
7 003 309,437495e1-dfef-4dd4-ab2e-78155e1297a9,188.00,2026-02-24 19:15:00.000 +0100,W,k,Kwartierwaarden voor belastingtransformator
7 003 309,437495e1-dfef-4dd4-ab2e-78155e1297a9,183.00,2026-02-24 19:30:00.000 +0100,W,k,Kwartierwaarden voor belastingtransformator
7 003 309,437495e1-dfef-4dd4-ab2e-78155e1297a9,178.00,2026-02-24 19:45:00.000 +0100,W,k,Kwartierwaarden voor belastingtransformator
7 003 309,437495e1-dfef-4dd4-ab2e-78155e1297a9,173.00,2026-02-24 20:00:00.000 +0100,W,k,Kwartierwaarden voor belastingtransformator
7 003 309,437495e1-dfef-4dd4-ab2e-78155e1297a9,168.00,2026-02-24 20:15:00.000 +0100,W,k,Kwartierwaarden voor belastingtransformator
7 003 309,437495e1-dfef-4dd4-ab2e-78155e1297a9,163.00,2026-02-24 20:30:00.000 +0100,W,k,Kwartierwaarden voor belastingtransformator
7 003 309,437495e1-dfef-4dd4-ab2e-78155e1297a9,159.00,2026-02-24 20:45:00.000 +0100,W,k,Kwartierwaarden voor belastingtransformator
7 003 309,437495e1-dfef-4dd4-ab2e-78155e1297a9,153.00,2026-02-24 21:00:00.000 +0100,W,k,Kwartierwaarden voor belastingtransformator
7 003 309,437495e1-dfef-4dd4-ab2e-78155e1297a9,148.00,2026-02-24 21:15:00.000 +0100,W,k,Kwartierwaarden voor belastingtransformator
7 003 309,437495e1-dfef-4dd4-ab2e-78155e1297a9,142.00,2026-02-24 21:30:00.000 +0100,W,k,Kwartierwaarden voor belastingtransformator
7 003 309,437495e1-dfef-4dd4-ab2e-78155e1297a9,136.00,2026-02-24 21:45:00.000 +0100,W,k,Kwartierwaarden voor belastingtransformator
7 003 309,437495e1-dfef-4dd4-ab2e-78155e1297a9,132.00,2026-02-24 22:00:00.000 +0100,W,k,Kwartierwaarden voor belastingtransformator
7 003 309,437495e1-dfef-4dd4-ab2e-78155e1297a9,127.00,2026-02-24 22:15:00.000 +0100,W,k,Kwartierwaarden voor belastingtransformator
7 003 309,437495e1-dfef-4dd4-ab2e-78155e1297a9,121.00,2026-02-24 22:30:00.000 +0100,W,k,Kwartierwaarden voor belastingtransformator
7 003 309,437495e1-dfef-4dd4-ab2e-78155e1297a9,115.00,2026-02-24 22:45:00.000 +0100,W,k,Kwartierwaarden voor belastingtransformator
7 003 309,437495e1-dfef-4dd4-ab2e-78155e1297a9,110.00,2026-02-24 23:00:00.000 +0100,W,k,Kwartierwaarden voor belastingtransformator
7 003 309,437495e1-dfef-4dd4-ab2e-78155e1297a9,106.00,2026-02-24 23:15:00.000 +0100,W,k,Kwartierwaarden voor belastingtransformator
7 003 309,437495e1-dfef-4dd4-ab2e-78155e1297a9,101.00,2026-02-24 23:30:00.000 +0100,W,k,Kwartierwaarden voor belastingtransformator
7 003 309,437495e1-dfef-4dd4-ab2e-78155e1297a9,97.00,2026-02-24 23:45:00.000 +0100,W,k,Kwartierwaarden voor belastingtransformator
7 003 309,437495e1-dfef-4dd4-ab2e-78155e1297a9,94.00,2026-02-25 00:00:00.000 +0100,W,k,Kwartierwaarden voor belastingtransformator
7 003 309,437495e1-dfef-4dd4-ab2e-78155e1297a9,92.00,2026-02-25 00:15:00.000 +0100,W,k,Kwartierwaarden voor belastingtransformator
7 003 309,437495e1-dfef-4dd4-ab2e-78155e1297a9,88.00,2026-02-25 00:30:00.000 +0100,W,k,Kwartierwaarden voor belastingtransformator
7 003 309,437495e1-dfef-4dd4-ab2e-78155e1297a9,86.00,2026-02-25 00:45:00.000 +0100,W,k,Kwartierwaarden voor belastingtransformator
7 003 309,437495e1-dfef-4dd4-ab2e-78155e1297a9,84.00,2026-02-25 01:00:00.000 +0100,W,k,Kwartierwaarden voor belastingtransformator
7 003 309,437495e1-dfef-4dd4-ab2e-78155e1297a9,82.00,2026-02-25 01:15:00.000 +0100,W,k,Kwartierwaarden voor belastingtransformator
7 003 309,437495e1-dfef-4dd4-ab2e-78155e1297a9,80.00,2026-02-25 01:30:00.000 +0100,W,k,Kwartierwaarden voor belastingtransformator
7 003 309,437495e1-dfef-4dd4-ab2e-78155e1297a9,79.00,2026-02-25 01:45:00.000 +0100,W,k,Kwartierwaarden voor belastingtransformator
7 003 309,437495e1-dfef-4dd4-ab2e-78155e1297a9,78.00,2026-02-25 02:00:00.000 +0100,W,k,Kwartierwaarden voor belastingtransformator
7 003 309,437495e1-dfef-4dd4-ab2e-78155e1297a9,76.00,2026-02-25 02:15:00.000 +0100,W,k,Kwartierwaarden voor belastingtransformator
7 003 309,437495e1-dfef-4dd4-ab2e-78155e1297a9,75.00,2026-02-25 02:30:00.000 +0100,W,k,Kwartierwaarden voor belastingtransformator
7 003 309,437495e1-dfef-4dd4-ab2e-78155e1297a9,75.00,2026-02-25 02:45:00.000 +0100,W,k,Kwartierwaarden voor belastingtransformator
7 003 309,437495e1-dfef-4dd4-ab2e-78155e1297a9,74.00,2026-02-25 03:00:00.000 +0100,W,k,Kwartierwaarden voor belastingtransformator
7 003 309,437495e1-dfef-4dd4-ab2e-78155e1297a9,74.00,2026-02-25 03:15:00.000 +0100,W,k,Kwartierwaarden voor belastingtransformator
7 003 309,437495e1-dfef-4dd4-ab2e-78155e1297a9,73.00,2026-02-25 03:30:00.000 +0100,W,k,Kwartierwaarden voor belastingtransformator
7 003 309,437495e1-dfef-4dd4-ab2e-78155e1297a9,73.00,2026-02-25 03:45:00.000 +0100,W,k,Kwartierwaarden voor belastingtransformator
7 003 309,437495e1-dfef-4dd4-ab2e-78155e1297a9,74.00,2026-02-25 04:00:00.000 +0100,W,k,Kwartierwaarden voor belastingtransformator
7 003 309,437495e1-dfef-4dd4-ab2e-78155e1297a9,76.00,2026-02-25 04:15:00.000 +0100,W,k,Kwartierwaarden voor belastingtransformator
7 003 309,437495e1-dfef-4dd4-ab2e-78155e1297a9,77.00,2026-02-25 04:30:00.000 +0100,W,k,Kwartierwaarden voor belastingtransformator
7 003 309,437495e1-dfef-4dd4-ab2e-78155e1297a9,80.00,2026-02-25 04:45:00.000 +0100,W,k,Kwartierwaarden voor belastingtransformator
7 003 309,437495e1-dfef-4dd4-ab2e-78155e1297a9,85.00,2026-02-25 05:00:00.000 +0100,W,k,Kwartierwaarden voor belastingtransformator
7 003 309,437495e1-dfef-4dd4-ab2e-78155e1297a9,89.00,2026-02-25 05:15:00.000 +0100,W,k,Kwartierwaarden voor belastingtransformator
7 003 309,437495e1-dfef-4dd4-ab2e-78155e1297a9,95.00,2026-02-25 05:30:00.000 +0100,W,k,Kwartierwaarden voor belastingtransformator
7 003 309,437495e1-dfef-4dd4-ab2e-78155e1297a9,102.00,2026-02-25 05:45:00.000 +0100,W,k,Kwartierwaarden voor belastingtransformator
7 003 309,437495e1-dfef-4dd4-ab2e-78155e1297a9,111.00,2026-02-25 06:00:00.000 +0100,W,k,Kwartierwaarden voor belastingtransformator
7 003 309,437495e1-dfef-4dd4-ab2e-78155e1297a9,117.00,2026-02-25 06:15:00.000 +0100,W,k,Kwartierwaarden voor belastingtransformator
7 003 309,437495e1-dfef-4dd4-ab2e-78155e1297a9,121.00,2026-02-25 06:30:00.000 +0100,W,k,Kwartierwaarden voor belastingtransformator
7 003 309,437495e1-dfef-4dd4-ab2e-78155e1297a9,123.00,2026-02-25 06:45:00.000 +0100,W,k,Kwartierwaarden voor belastingtransformator
7 003 309,437495e1-dfef-4dd4-ab2e-78155e1297a9,120.00,2026-02-25 07:00:00.000 +0100,W,k,Kwartierwaarden voor belastingtransformator
7 003 309,437495e1-dfef-4dd4-ab2e-78155e1297a9,107.00,2026-02-25 07:15:00.000 +0100,W,k,Kwartierwaarden voor belastingtransformator
7 003 309,437495e1-dfef-4dd4-ab2e-78155e1297a9,93.00,2026-02-25 07:30:00.000 +0100,W,k,Kwartierwaarden voor belastingtransformator
7 003 309,437495e1-dfef-4dd4-ab2e-78155e1297a9,81.00,2026-02-25 07:45:00.000 +0100,W,k,Kwartierwaarden voor belastingtransformator
7 003 309,437495e1-dfef-4dd4-ab2e-78155e1297a9,67.00,2026-02-25 08:00:00.000 +0100,W,k,Kwartierwaarden voor belastingtransformator
7 003 309,437495e1-dfef-4dd4-ab2e-78155e1297a9,43.00,2026-02-25 08:15:00.000 +0100,W,k,Kwartierwaarden voor belastingtransformator
7 003 309,437495e1-dfef-4dd4-ab2e-78155e1297a9,19.00,2026-02-25 08:30:00.000 +0100,W,k,Kwartierwaarden voor belastingtransformator
7 003 309,437495e1-dfef-4dd4-ab2e-78155e1297a9,-6.00,2026-02-25 08:45:00.000 +0100,W,k,Kwartierwaarden voor belastingtransformator
7 003 309,437495e1-dfef-4dd4-ab2e-78155e1297a9,-29.00,2026-02-25 09:00:00.000 +0100,W,k,Kwartierwaarden voor belastingtransformator
7 003 309,437495e1-dfef-4dd4-ab2e-78155e1297a9,-57.00,2026-02-25 09:15:00.000 +0100,W,k,Kwartierwaarden voor belastingtransformator
7 003 309,437495e1-dfef-4dd4-ab2e-78155e1297a9,-83.00,2026-02-25 09:30:00.000 +0100,W,k,Kwartierwaarden voor belastingtransformator
7 003 309,437495e1-dfef-4dd4-ab2e-78155e1297a9,-110.00,2026-02-25 09:45:00.000 +0100,W,k,Kwartierwaarden voor belastingtransformator
7 003 309,437495e1-dfef-4dd4-ab2e-78155e1297a9,-136.00,2026-02-25 10:00:00.000 +0100,W,k,Kwartierwaarden voor belastingtransformator
7 003 309,437495e1-dfef-4dd4-ab2e-78155e1297a9,-154.00,2026-02-25 10:15:00.000 +0100,W,k,Kwartierwaarden voor belastingtransformator
7 003 309,437495e1-dfef-4dd4-ab2e-78155e1297a9,-171.00,2026-02-25 10:30:00.000 +0100,W,k,Kwartierwaarden voor belastingtransformator
7 003 309,437495e1-dfef-4dd4-ab2e-78155e1297a9,-185.00,2026-02-25 10:45:00.000 +0100,W,k,Kwartierwaarden voor belastingtransformator
7 003 309,437495e1-dfef-4dd4-ab2e-78155e1297a9,-200.00,2026-02-25 11:00:00.000 +0100,W,k,Kwartierwaarden voor belastingtransformator
7 003 309,437495e1-dfef-4dd4-ab2e-78155e1297a9,-207.00,2026-02-25 11:15:00.000 +0100,W,k,Kwartierwaarden voor belastingtransformator
7 003 309,437495e1-dfef-4dd4-ab2e-78155e1297a9,-214.00,2026-02-25 11:30:00.000 +0100,W,k,Kwartierwaarden voor belastingtransformator
7 003 309,437495e1-dfef-4dd4-ab2e-78155e1297a9,-221.00,2026-02-25 11:45:00.000 +0100,W,k,Kwartierwaarden voor belastingtransformator
7 003 309,437495e1-dfef-4dd4-ab2e-78155e1297a9,-230.00,2026-02-25 12:00:00.000 +0100,W,k,Kwartierwaarden voor belastingtransformator
7 003 309,437495e1-dfef-4dd4-ab2e-78155e1297a9,-231.00,2026-02-25 12:15:00.000 +0100,W,k,Kwartierwaarden voor belastingtransformator
7 003 309,437495e1-dfef-4dd4-ab2e-78155e1297a9,-232.00,2026-02-25 12:30:00.000 +0100,W,k,Kwartierwaarden voor belastingtransformator
7 003 309,437495e1-dfef-4dd4-ab2e-78155e1297a9,-233.00,2026-02-25 12:45:00.000 +0100,W,k,Kwartierwaarden voor belastingtransformator
7 003 309,437495e1-dfef-4dd4-ab2e-78155e1297a9,-234.00,2026-02-25 13:00:00.000 +0100,W,k,Kwartierwaarden voor belastingtransformator
7 003 309,437495e1-dfef-4dd4-ab2e-78155e1297a9,-226.00,2026-02-25 13:15:00.000 +0100,W,k,Kwartierwaarden voor belastingtransformator
7 003 309,437495e1-dfef-4dd4-ab2e-78155e1297a9,-217.00,2026-02-25 13:30:00.000 +0100,W,k,Kwartierwaarden voor belastingtransformator
7 003 309,437495e1-dfef-4dd4-ab2e-78155e1297a9,-208.00,2026-02-25 13:45:00.000 +0100,W,k,Kwartierwaarden voor belastingtransformator
7 003 309,437495e1-dfef-4dd4-ab2e-78155e1297a9,-200.00,2026-02-25 14:00:00.000 +0100,W,k,Kwartierwaarden voor belastingtransformator
7 003 309,437495e1-dfef-4dd4-ab2e-78155e1297a9,-184.00,2026-02-25 14:15:00.000 +0100,W,k,Kwartierwaarden voor belastingtransformator
7 003 309,437495e1-dfef-4dd4-ab2e-78155e1297a9,-165.00,2026-02-25 14:30:00.000 +0100,W,k,Kwartierwaarden voor belastingtransformator
7 003 309,437495e1-dfef-4dd4-ab2e-78155e1297a9,-147.00,2026-02-25 14:45:00.000 +0100,W,k,Kwartierwaarden voor belastingtransformator
7 003 309,437495e1-dfef-4dd4-ab2e-78155e1297a9,-126.00,2026-02-25 15:00:00.000 +0100,W,k,Kwartierwaarden voor belastingtransformator
7 003 309,437495e1-dfef-4dd4-ab2e-78155e1297a9,-98.00,2026-02-25 15:15:00.000 +0100,W,k,Kwartierwaarden voor belastingtransformator
7 003 309,437495e1-dfef-4dd4-ab2e-78155e1297a9,-66.00,2026-02-25 15:30:00.000 +0100,W,k,Kwartierwaarden voor belastingtransformator
7 003 309,437495e1-dfef-4dd4-ab2e-78155e1297a9,-33.00,2026-02-25 15:45:00.000 +0100,W,k,Kwartierwaarden voor belastingtransformator
7 003 309,437495e1-dfef-4dd4-ab2e-78155e1297a9,8.00,2026-02-25 16:00:00.000 +0100,W,k,Kwartierwaarden voor belastingtransformator
7 003 309,437495e1-dfef-4dd4-ab2e-78155e1297a9,62.00,2026-02-25 16:15:00.000 +0100,W,k,Kwartierwaarden voor belastingtransformator
7 003 309,437495e1-dfef-4dd4-ab2e-78155e1297a9,114.00,2026-02-25 16:30:00.000 +0100,W,k,Kwartierwaarden voor belastingtransformator
7 003 309,437495e1-dfef-4dd4-ab2e-78155e1297a9,159.00,2026-02-25 16:45:00.000 +0100,W,k,Kwartierwaarden voor belastingtransformator
7 003 309,437495e1-dfef-4dd4-ab2e-78155e1297a9,197.00,2026-02-25 17:00:00.000 +0100,W,k,Kwartierwaarden voor belastingtransformator
7 003 309,437495e1-dfef-4dd4-ab2e-78155e1297a9,202.00,2026-02-25 17:15:00.000 +0100,W,k,Kwartierwaarden voor belastingtransformator
7 003 309,437495e1-dfef-4dd4-ab2e-78155e1297a9,206.00,2026-02-25 17:30:00.000 +0100,W,k,Kwartierwaarden voor belastingtransformator
7 003 309,437495e1-dfef-4dd4-ab2e-78155e1297a9,208.00,2026-02-25 17:45:00.000 +0100,W,k,Kwartierwaarden voor belastingtransformator
7 003 309,437495e1-dfef-4dd4-ab2e-78155e1297a9,208.00,2026-02-25 18:00:00.000 +0100,W,k,Kwartierwaarden voor belastingtransformator
7 003 309,437495e1-dfef-4dd4-ab2e-78155e1297a9,204.00,2026-02-25 18:15:00.000 +0100,W,k,Kwartierwaarden voor belastingtransformator
7 003 309,437495e1-dfef-4dd4-ab2e-78155e1297a9,199.00,2026-02-25 18:30:00.000 +0100,W,k,Kwartierwaarden voor belastingtransformator
7 003 309,437495e1-dfef-4dd4-ab2e-78155e1297a9,196.00,2026-02-25 18:45:00.000 +0100,W,k,Kwartierwaarden voor belastingtransformator
7 003 309,437495e1-dfef-4dd4-ab2e-78155e1297a9,190.00,2026-02-25 19:00:00.000 +0100,W,k,Kwartierwaarden voor belastingtransformator
7 003 309,437495e1-dfef-4dd4-ab2e-78155e1297a9,186.00,2026-02-25 19:15:00.000 +0100,W,k,Kwartierwaarden voor belastingtransformator
7 003 309,437495e1-dfef-4dd4-ab2e-78155e1297a9,181.00,2026-02-25 19:30:00.000 +0100,W,k,Kwartierwaarden voor belastingtransformator
7 003 309,437495e1-dfef-4dd4-ab2e-78155e1297a9,176.00,2026-02-25 19:45:00.000 +0100,W,k,Kwartierwaarden voor belastingtransformator
7 003 309,437495e1-dfef-4dd4-ab2e-78155e1297a9,170.00,2026-02-25 20:00:00.000 +0100,W,k,Kwartierwaarden voor belastingtransformator
7 003 309,437495e1-dfef-4dd4-ab2e-78155e1297a9,166.00,2026-02-25 20:15:00.000 +0100,W,k,Kwartierwaarden voor belastingtransformator
7 003 309,437495e1-dfef-4dd4-ab2e-78155e1297a9,162.00,2026-02-25 20:30:00.000 +0100,W,k,Kwartierwaarden voor belastingtransformator
7 003 309,437495e1-dfef-4dd4-ab2e-78155e1297a9,157.00,2026-02-25 20:45:00.000 +0100,W,k,Kwartierwaarden voor belastingtransformator
7 003 309,437495e1-dfef-4dd4-ab2e-78155e1297a9,151.00,2026-02-25 21:00:00.000 +0100,W,k,Kwartierwaarden voor belastingtransformator
7 003 309,437495e1-dfef-4dd4-ab2e-78155e1297a9,146.00,2026-02-25 21:15:00.000 +0100,W,k,Kwartierwaarden voor belastingtransformator
7 003 309,437495e1-dfef-4dd4-ab2e-78155e1297a9,140.00,2026-02-25 21:30:00.000 +0100,W,k,Kwartierwaarden voor belastingtransformator
7 003 309,437495e1-dfef-4dd4-ab2e-78155e1297a9,134.00,2026-02-25 21:45:00.000 +0100,W,k,Kwartierwaarden voor belastingtransformator
7 003 309,437495e1-dfef-4dd4-ab2e-78155e1297a9,131.00,2026-02-25 22:00:00.000 +0100,W,k,Kwartierwaarden voor belastingtransformator
7 003 309,437495e1-dfef-4dd4-ab2e-78155e1297a9,125.00,2026-02-25 22:15:00.000 +0100,W,k,Kwartierwaarden voor belastingtransformator
7 003 309,437495e1-dfef-4dd4-ab2e-78155e1297a9,119.00,2026-02-25 22:30:00.000 +0100,W,k,Kwartierwaarden voor belastingtransformator
7 003 309,437495e1-dfef-4dd4-ab2e-78155e1297a9,113.00,2026-02-25 22:45:00.000 +0100,W,k,Kwartierwaarden voor belastingtransformator
7 003 309,437495e1-dfef-4dd4-ab2e-78155e1297a9,109.00,2026-02-25 23:00:00.000 +0100,W,k,Kwartierwaarden voor belastingtransformator
7 003 309,437495e1-dfef-4dd4-ab2e-78155e1297a9,104.00,2026-02-25 23:15:00.000 +0100,W,k,Kwartierwaarden voor belastingtransformator
7 003 309,437495e1-dfef-4dd4-ab2e-78155e1297a9,100.00,2026-02-25 23:30:00.000 +0100,W,k,Kwartierwaarden voor belastingtransformator
7 003 309,437495e1-dfef-4dd4-ab2e-78155e1297a9,96.00,2026-02-25 23:45:00.000 +0100,W,k,Kwartierwaarden voor belastingtransformator
